112.747 81.7017 -128.895 -0.722017 -0.523208 0.452815 
112.341 81.8255 -128.445 -0.721144 -0.525257 0.451833 
112.658 81.6288 -128.748 -0.722057 -0.523184 0.452778 
112.224 81.7773 -128.271 -0.721082 -0.525448 0.45171 
112.581 81.5571 -128.617 -0.722112 -0.523122 0.452763 
112.107 81.7356 -128.1 -0.721003 -0.525673 0.451574 
112.517 81.486 -128.502 -0.722184 -0.523016 0.452771 
111.989 81.7009 -127.932 -0.720907 -0.525934 0.451424 
112.467 81.4151 -128.406 -0.722277 -0.522858 0.452805 
111.87 81.6744 -127.766 -0.720789 -0.526238 0.451257 
112.434 81.3439 -128.331 -0.722394 -0.52264 0.452869 
111.749 81.6574 -127.604 -0.720646 -0.526593 0.451071 
112.42 81.2723 -128.281 -0.722541 -0.52235 0.45297 
111.626 81.6518 -127.444 -0.720473 -0.52701 0.450861 
112.429 81.2 -128.261 -0.722723 -0.521973 0.453113 
111.501 81.6601 -127.289 -0.720263 -0.5275 0.450624 
112.467 81.1276 -128.277 -0.722946 -0.521494 0.453309 
111.376 81.6852 -127.141 -0.720011 -0.528071 0.450357 
112.539 81.0562 -128.339 -0.723217 -0.520895 0.453566 
111.252 81.7307 -127.007 -0.719713 -0.528733 0.450057 
112.654 80.9887 -128.457 -0.723538 -0.520163 0.453895 
111.136 81.8005 -126.894 -0.719369 -0.529482 0.449727 
112.82 80.9305 -128.645 -0.723908 -0.519291 0.454303 
111.038 81.8978 -126.82 -0.718986 -0.530298 0.449378 
113.045 80.8897 -128.917 -0.724318 -0.518289 0.454793 
110.974 82.0246 -126.805 -0.718585 -0.531132 0.449032 
113.334 80.8796 -129.286 -0.72474 -0.517205 0.455354 
110.965 82.179 -126.879 -0.718209 -0.531897 0.44873 
113.684 80.9175 -129.754 -0.725129 -0.51613 0.455954 
111.038 82.3526 -127.072 -0.71792 -0.532456 0.448528 
114.077 81.0223 -130.306 -0.725413 -0.51522 0.456532 
111.215 82.5297 -127.407 -0.717795 -0.532656 0.448492 
114.477 81.2053 -130.898 -0.72552 -0.514654 0.456999 
111.504 82.6876 -127.88 -0.717896 -0.532366 0.448674 
114.832 81.4612 -131.459 -0.725396 -0.514595 0.457263 
111.883 82.8047 -128.449 -0.718233 -0.531566 0.449084 
115.084 81.76 -131.904 -0.725043 -0.515096 0.457259 
112.3 82.8682 -129.036 -0.718747 -0.530376 0.449667 
115.197 82.0547 -132.166 -0.72452 -0.516074 0.456984 
112.696 82.8766 -129.559 -0.719341 -0.529002 0.450334 
115.164 82.2982 -132.22 -0.723927 -0.517333 0.4565 
113.023 82.8385 -129.957 -0.719921 -0.527655 0.450989 
115.008 82.4636 -132.088 -0.723353 -0.518664 0.455901 
113.258 82.7668 -130.21 -0.720425 -0.526474 0.451564 
114.77 82.5479 -131.822 -0.722852 -0.519908 0.455277 
113.401 82.6746 -130.33 -0.720832 -0.525518 0.452027 
114.493 82.5648 -131.48 -0.722449 -0.520981 0.45469 
113.467 82.5729 -130.343 -0.721144 -0.524793 0.452373 
114.209 82.534 -131.111 -0.722139 -0.52186 0.454174 
113.474 82.469 -130.279 -0.721373 -0.524269 0.452613 
113.937 82.4738 -130.746 -0.721909 -0.522556 0.453739 
113.438 82.3674 -130.165 -0.721538 -0.523911 0.452766 
113.688 82.3983 -130.402 -0.721741 -0.5231 0.45338 
113.372 82.2703 -130.018 -0.721653 -0.523679 0.452851 
113.464 82.316 -130.085 -0.721619 -0.523523 0.453086 
113.288 82.1777 -129.853 -0.721734 -0.523537 0.452887 
113.262 82.233 -129.795 -0.721528 -0.523858 0.452843 
113.192 82.0897 -129.678 -0.72179 -0.523458 0.452888 
113.081 82.1522 -129.531 -0.721458 -0.52413 0.45264 
113.092 82.0056 -129.501 -0.721832 -0.523419 0.452867 
112.917 82.0752 -129.288 -0.7214 -0.52436 0.452465 
112.989 81.9247 -129.327 -0.721866 -0.5234 0.452834 
112.765 82.0028 -129.062 -0.721348 -0.524565 0.45231 
112.889 81.847 -129.157 -0.721897 -0.523391 0.452795 
112.623 81.9356 -128.851 -0.721298 -0.524758 0.452166 
112.793 81.7711 -128.996 -0.72193 -0.523376 0.452759 
112.489 81.874 -128.651 -0.721245 -0.52495 0.452029 
112.703 81.6975 -128.844 -0.721968 -0.52335 0.452728 
112.361 81.8177 -128.461 -0.721187 -0.525146 0.451894 
112.62 81.625 -128.703 -0.722015 -0.523303 0.452708 
112.236 81.7677 -128.278 -0.721119 -0.525358 0.451756 
112.547 81.5538 -128.575 -0.722073 -0.523228 0.452702 
112.114 81.7241 -128.102 -0.721039 -0.525591 0.451612 
112.485 81.4833 -128.462 -0.722145 -0.523118 0.452714 
111.994 81.6877 -127.93 -0.720943 -0.525854 0.451459 
112.435 81.4129 -128.366 -0.722236 -0.522963 0.452748 
111.873 81.6593 -127.762 -0.720829 -0.526154 0.451292 
112.401 81.3423 -128.289 -0.72235 -0.522752 0.45281 
111.751 81.6404 -127.598 -0.72069 -0.526503 0.451107 
112.384 81.2711 -128.236 -0.722493 -0.522472 0.452906 
111.628 81.6327 -127.437 -0.720521 -0.52691 0.450901 
112.39 81.1991 -128.211 -0.722669 -0.52211 0.453043 
111.503 81.6385 -127.281 -0.720317 -0.527388 0.450668 
112.423 81.1266 -128.22 -0.722885 -0.521648 0.45323 
111.377 81.6606 -127.131 -0.720072 -0.527948 0.450404 
112.489 81.0546 -128.274 -0.723149 -0.521067 0.453477 
111.252 81.7025 -126.993 -0.71978 -0.528599 0.450108 
112.597 80.9854 -128.382 -0.723464 -0.520353 0.453795 
111.133 81.7685 -126.874 -0.719439 -0.529342 0.449779 
112.754 80.924 -128.557 -0.72383 -0.519496 0.454192 
111.029 81.8617 -126.789 -0.719056 -0.530161 0.449427 
112.97 80.8778 -128.817 -0.724241 -0.518499 0.454675 
110.955 81.9851 -126.76 -0.718648 -0.531014 0.449071 
113.252 80.8596 -129.172 -0.724674 -0.517403 0.455234 
110.932 82.1378 -126.814 -0.718253 -0.531821 0.448749 
113.598 80.8866 -129.63 -0.725083 -0.516292 0.455844 
110.987 82.3129 -126.984 -0.717932 -0.532451 0.448515 
113.994 80.9781 -130.18 -0.725404 -0.515308 0.456447 
111.146 82.4951 -127.297 -0.717765 -0.532741 0.44844 
114.406 81.1496 -130.783 -0.725554 -0.514645 0.456956 
111.421 82.6625 -127.757 -0.717821 -0.532546 0.448581 
114.783 81.399 -131.371 -0.725475 -0.514474 0.457273 
111.795 82.7918 -128.327 -0.718124 -0.531819 0.448959 
115.066 81.7013 -131.856 -0.725151 -0.514887 0.457322 
112.221 82.8669 -128.933 -0.718627 -0.530653 0.449532 
115.209 82.0085 -132.163 -0.72464 -0.515814 0.457088 
112.635 82.8849 -129.486 -0.719231 -0.52926 0.450209 
115.2 82.2705 -132.256 -0.724037 -0.517072 0.456623 
112.985 82.8532 -129.919 -0.719832 -0.527861 0.450888 
115.059 82.4547 -132.15 -0.723439 -0.518436 0.456022 
113.242 82.7849 -130.204 -0.720364 -0.526618 0.451494 
114.828 82.5542 -131.897 -0.722913 -0.519731 0.455382 
113.404 82.6936 -130.347 -0.720796 -0.525603 0.451987 
114.549 82.5814 -131.557 -0.722485 -0.520859 0.454774 
113.483 82.5912 -130.377 -0.721128 -0.524826 0.452359 
114.259 82.5565 -131.183 -0.722155 -0.521785 0.454235 
113.499 82.486 -130.324 -0.721374 -0.524262 0.452621 
113.98 82.4991 -130.81 -0.721909 -0.522521 0.453779 
113.469 82.383 -130.216 -0.72155 -0.523874 0.45279 
113.723 82.4245 -130.457 -0.721729 -0.523096 0.453403 
113.408 82.284 -130.073 -0.721675 -0.523617 0.452887 
113.492 82.342 -130.133 -0.721599 -0.523542 0.453096 
113.326 82.1902 -129.909 -0.721761 -0.52346 0.452932 
113.286 82.2586 -129.837 -0.721502 -0.523894 0.452843 
113.233 82.101 -129.736 -0.721822 -0.523369 0.45294 
113.1 82.1772 -129.567 -0.721427 -0.524179 0.452632 
113.133 82.0159 -129.56 -0.721868 -0.523319 0.452924 
112.932 82.0998 -129.319 -0.721365 -0.524421 0.45245 
113.032 81.9341 -129.386 -0.721906 -0.523292 0.452895 
112.778 82.0273 -129.09 -0.72131 -0.524635 0.452289 
112.933 81.855 -129.217 -0.721941 -0.523273 0.452861 
112.633 81.9605 -128.876 -0.721256 -0.524839 0.45214 
112.838 81.7782 -129.057 -0.721979 -0.523249 0.452829 
112.497 81.899 -128.673 -0.721199 -0.525039 0.451998 
112.749 81.7036 -128.906 -0.722021 -0.523213 0.452803 
112.367 81.8438 -128.481 -0.721135 -0.525249 0.451858 
112.669 81.63 -128.767 -0.722074 -0.523153 0.452788 
112.24 81.7946 -128.296 -0.721062 -0.525472 0.451714 
112.598 81.5577 -128.642 -0.722138 -0.523064 0.452789 
112.116 81.7525 -128.117 -0.720975 -0.525721 0.451564 
112.539 81.486 -128.533 -0.722218 -0.522935 0.452809 
111.993 81.7182 -127.944 -0.720871 -0.526002 0.451402 
112.494 81.4145 -128.442 -0.722319 -0.522758 0.452854 
111.87 81.6926 -127.775 -0.720746 -0.526323 0.451227 
112.466 81.3428 -128.372 -0.722444 -0.522521 0.452928 
111.746 81.6773 -127.609 -0.720595 -0.526696 0.451032 
112.457 81.2707 -128.328 -0.722599 -0.52221 0.453039 
111.621 81.674 -127.449 -0.720414 -0.527131 0.450815 
112.472 81.1982 -128.315 -0.722789 -0.521811 0.453194 
111.496 81.6853 -127.294 -0.720195 -0.527638 0.45057 
112.517 81.126 -128.341 -0.723022 -0.521308 0.453403 
111.37 81.7142 -127.149 -0.719935 -0.528227 0.450296 
112.598 81.0558 -128.413 -0.723301 -0.520684 0.453674 
111.249 81.7641 -127.019 -0.71963 -0.528903 0.449991 
112.722 80.9907 -128.545 -0.72363 -0.519927 0.454017 
111.138 81.8387 -126.916 -0.719281 -0.529658 0.44966 
112.899 80.9366 -128.75 -0.724005 -0.519035 0.45444 
111.048 81.941 -126.855 -0.718899 -0.530468 0.449316 
113.135 80.9031 -129.04 -0.724413 -0.518028 0.454939 
110.996 82.072 -126.86 -0.718509 -0.531276 0.448984 
113.434 80.904 -129.426 -0.724821 -0.516962 0.455501 
111.005 82.2284 -126.959 -0.718158 -0.531983 0.448709 
113.788 80.9567 -129.906 -0.725179 -0.515942 0.456087 
111.101 82.4003 -127.181 -0.717911 -0.532454 0.448547 
114.177 81.0776 -130.459 -0.72542 -0.515122 0.456631 
111.302 82.57 -127.543 -0.71784 -0.532536 0.448562 
114.561 81.2751 -131.034 -0.72547 -0.514684 0.457044 
111.607 82.7159 -128.031 -0.717995 -0.532131 0.448795 
114.886 81.5372 -131.56 -0.725295 -0.514757 0.457242 
111.989 82.8186 -128.596 -0.718369 -0.531251 0.449239 
115.102 81.831 -131.955 -0.724905 -0.515366 0.457173 
112.395 82.8676 -129.159 -0.718896 -0.530033 0.449834 
115.178 82.1089 -132.163 -0.724374 -0.516396 0.456852 
112.768 82.8646 -129.643 -0.719477 -0.528687 0.450488 
115.115 82.3297 -132.171 -0.723795 -0.517653 0.456348 
113.067 82.819 -130 -0.720028 -0.527402 0.451113 
114.942 82.4727 -132.009 -0.723247 -0.518941 0.455752 
113.276 82.7434 -130.216 -0.720501 -0.526295 0.451651 
114.699 82.5392 -131.728 -0.722779 -0.520124 0.455147 
113.398 82.6501 -130.308 -0.720879 -0.52541 0.452078 
114.424 82.5442 -131.385 -0.722404 -0.521134 0.454586 
113.449 82.5491 -130.301 -0.721166 -0.524745 0.452392 
114.147 82.5066 -131.022 -0.722118 -0.521956 0.454097 
113.444 82.4469 -130.226 -0.721377 -0.52427 0.452608 
113.884 82.4432 -130.666 -0.721906 -0.522606 0.453686 
113.4 82.3476 -130.103 -0.721526 -0.523949 0.452741 
113.643 82.3667 -130.332 -0.721751 -0.523114 0.453347 
113.33 82.2521 -129.952 -0.721631 -0.523743 0.452812 
113.426 82.2847 -130.024 -0.721638 -0.523511 0.453069 
113.242 82.1615 -129.784 -0.721703 -0.523622 0.452836 
113.231 82.202 -129.742 -0.721555 -0.523824 0.452839 
113.145 82.075 -129.609 -0.721754 -0.523559 0.452829 
113.056 82.1218 -129.484 -0.721491 -0.52408 0.452646 
113.043 81.9922 -129.431 -0.721791 -0.523531 0.452802 
112.895 82.0454 -129.247 -0.721438 -0.524297 0.452479 
112.939 81.9127 -129.256 -0.721821 -0.523523 0.452764 
112.747 81.9736 -129.025 -0.72139 -0.524492 0.45233 
112.838 81.8358 -129.086 -0.721848 -0.523522 0.452722 
112.609 81.9064 -128.818 -0.721344 -0.524672 0.452192 
112.74 81.7616 -128.924 -0.721876 -0.523519 0.45268 
112.478 81.8445 -128.622 -0.721296 -0.524852 0.452061 
112.649 81.689 -128.771 -0.721909 -0.523504 0.452645 
112.352 81.7875 -128.435 -0.721244 -0.525034 0.451933 
112.564 81.6182 -128.628 -0.721949 -0.523472 0.452618 
112.231 81.7363 -128.256 -0.721183 -0.52523 0.451802 
112.488 81.5486 -128.497 -0.721999 -0.523416 0.452604 
112.112 81.691 -128.082 -0.721112 -0.525444 0.451667 
112.422 81.4797 -128.38 -0.722062 -0.523327 0.452606 
111.994 81.6523 -127.913 -0.721027 -0.525684 0.451523 
112.367 81.4111 -128.278 -0.722142 -0.523198 0.452628 
111.877 81.6209 -127.749 -0.720924 -0.525958 0.451368 
112.326 81.3423 -128.193 -0.722242 -0.523019 0.452675 
111.758 81.5979 -127.587 -0.7208 -0.526276 0.451196 
112.301 81.2727 -128.13 -0.722368 -0.522779 0.452752 
111.639 81.585 -127.427 -0.720649 -0.526647 0.451004 
112.296 81.2021 -128.091 -0.722525 -0.522463 0.452866 
111.516 81.5842 -127.271 -0.720464 -0.527085 0.450787 
112.315 81.1303 -128.083 -0.72272 -0.522054 0.453026 
111.391 81.5981 -127.118 -0.72024 -0.527603 0.45054 
112.364 81.0577 -128.114 -0.72296 -0.521534 0.453242 
111.265 81.63 -126.973 -0.71997 -0.528211 0.450259 
112.45 80.986 -128.192 -0.723251 -0.520884 0.453524 
111.14 81.6843 -126.84 -0.719648 -0.52892 0.449941 
112.582 80.9176 -128.332 -0.7236 -0.520085 0.453885 
111.023 81.7647 -126.732 -0.719275 -0.529724 0.449591 
112.769 80.859 -128.549 -0.724003 -0.519131 0.454334 
110.925 81.8754 -126.665 -0.718861 -0.530601 0.44922 
113.023 80.8203 -128.86 -0.724447 -0.518038 0.454873 
110.866 82.0184 -126.665 -0.71843 -0.531493 0.448855 
113.346 80.817 -129.276 -0.724901 -0.516862 0.455487 
110.871 82.1907 -126.767 -0.718033 -0.532291 0.448544 
113.735 80.8699 -129.801 -0.725307 -0.515719 0.456137 
110.971 82.3818 -127.006 -0.717748 -0.532834 0.448355 
114.167 81 -130.413 -0.725582 -0.51479 0.456747 
111.191 82.5714 -127.405 -0.717662 -0.532941 0.448365 
114.596 81.2182 -131.057 -0.725644 -0.514288 0.457215 
111.533 82.7339 -127.951 -0.717839 -0.532485 0.448625 
114.961 81.5131 -131.645 -0.725442 -0.514377 0.457435 
111.963 82.8463 -128.585 -0.718269 -0.531478 0.44913 
115.199 81.8451 -132.084 -0.724995 -0.515085 0.457347 
112.419 82.8973 -129.215 -0.718871 -0.530093 0.449804 
115.276 82.1564 -132.307 -0.72439 -0.516267 0.456973 
112.832 82.8898 -129.75 -0.719524 -0.528582 0.450536 
115.196 82.3987 -132.301 -0.72374 -0.517685 0.456397 
113.157 82.836 -130.134 -0.720131 -0.527166 0.451225 
114.995 82.5498 -132.106 -0.723139 -0.519112 0.45573 
113.379 82.751 -130.359 -0.72064 -0.525969 0.451809 
114.721 82.6145 -131.786 -0.722635 -0.520396 0.455065 
113.504 82.6489 -130.448 -0.721039 -0.52503 0.452264 
114.419 82.6127 -131.407 -0.72224 -0.521471 0.45446 
113.553 82.5406 -130.434 -0.721338 -0.524334 0.452595 
114.12 82.5672 -131.015 -0.721943 -0.522333 0.453941 
113.545 82.4329 -130.349 -0.721555 -0.523842 0.452819 
113.843 82.4971 -130.639 -0.721726 -0.523005 0.453512 
113.499 82.3294 -130.22 -0.721709 -0.52351 0.452958 
113.592 82.4157 -130.291 -0.721568 -0.523527 0.453161 
113.427 82.2316 -130.065 -0.721816 -0.523298 0.453032 
113.369 82.3309 -129.975 -0.721453 -0.523933 0.452876 
113.34 82.139 -129.896 -0.721892 -0.523167 0.453061 
113.171 82.2478 -129.688 -0.721364 -0.524259 0.45264 
113.244 82.0508 -129.723 -0.72195 -0.523087 0.453061 
112.992 82.1688 -129.428 -0.721292 -0.52453 0.45244 
113.146 81.9666 -129.55 -0.721997 -0.523038 0.453043 
112.829 82.095 -129.188 -0.721229 -0.524769 0.452264 
113.048 81.8857 -129.382 -0.722039 -0.523002 0.453018 
112.679 82.0271 -128.966 -0.721168 -0.524992 0.452104 
112.956 81.8069 -129.222 -0.722083 -0.522961 0.452994 
112.537 81.9659 -128.756 -0.721102 -0.525214 0.45195 
112.869 81.7299 -129.073 -0.722135 -0.522906 0.452977 
112.401 81.911 -128.558 -0.721031 -0.525442 0.4518 
112.792 81.6547 -128.937 -0.722195 -0.522827 0.452971 
112.27 81.8635 -128.369 -0.720947 -0.525689 0.451645 
112.726 81.5803 -128.816 -0.722271 -0.522712 0.452983 
112.142 81.8234 -128.186 -0.72085 -0.52596 0.451484 
112.672 81.5068 -128.713 -0.722363 -0.522556 0.453017 
112.016 81.7922 -128.01 -0.720733 -0.526269 0.451311 
112.634 81.4337 -128.631 -0.722477 -0.522345 0.453078 
111.89 81.7709 -127.839 -0.720594 -0.526622 0.451122 
112.615 81.3608 -128.573 -0.722618 -0.522068 0.453171 
111.764 81.761 -127.674 -0.720427 -0.527028 0.450914 
112.618 81.2884 -128.544 -0.722791 -0.521713 0.453305 
111.639 81.7645 -127.516 -0.720228 -0.527496 0.450684 
112.648 81.2169 -128.55 -0.723 -0.521266 0.453486 
111.515 81.784 -127.368 -0.719993 -0.528035 0.450428 
112.711 81.1477 -128.6 -0.72325 -0.520714 0.453722 
111.396 81.8224 -127.236 -0.719719 -0.528648 0.450146 
112.812 81.0836 -128.702 -0.723542 -0.520045 0.454022 
111.286 81.8826 -127.127 -0.719408 -0.52933 0.449843 
112.959 81.0294 -128.868 -0.723875 -0.519259 0.45439 
111.194 81.9672 -127.055 -0.719067 -0.530061 0.449527 
113.158 80.9925 -129.108 -0.724239 -0.51837 0.454827 
111.135 82.0774 -127.038 -0.718715 -0.530799 0.449219 
113.412 80.9838 -129.432 -0.724609 -0.517418 0.455322 
111.125 82.2107 -127.1 -0.718388 -0.531467 0.448952 
113.717 81.0167 -129.839 -0.724947 -0.516482 0.455846 
111.185 82.3608 -127.264 -0.718135 -0.531961 0.448772 
114.058 81.106 -130.316 -0.725198 -0.515685 0.456348 
111.333 82.5142 -127.546 -0.718017 -0.532156 0.44873 
114.405 81.2596 -130.827 -0.725304 -0.51517 0.456761 
111.574 82.6534 -127.944 -0.718081 -0.531952 0.448868 
114.716 81.4735 -131.316 -0.725222 -0.515066 0.45701 
111.891 82.7609 -128.425 -0.71834 -0.531327 0.449195 
114.948 81.7255 -131.715 -0.724948 -0.515424 0.45704 
112.246 82.8246 -128.931 -0.718756 -0.530357 0.449676 
115.065 81.9799 -131.968 -0.724523 -0.516196 0.456842 
112.594 82.8412 -129.395 -0.719257 -0.529196 0.450242 
115.06 82.1986 -132.048 -0.724021 -0.51724 0.456456 
112.891 82.8159 -129.763 -0.719765 -0.528016 0.450815 
114.945 82.3565 -131.966 -0.723516 -0.51839 0.455954 
113.114 82.7585 -130.012 -0.720224 -0.526944 0.451335 
114.751 82.4465 -131.757 -0.723059 -0.519504 0.45541 
113.258 82.6797 -130.144 -0.720607 -0.52605 0.451767 
114.513 82.4758 -131.469 -0.722679 -0.520496 0.45488 
113.332 82.589 -130.175 -0.720908 -0.525352 0.452099 
114.259 82.4588 -131.142 -0.722379 -0.52133 0.454402 
113.348 82.4937 -130.131 -0.721135 -0.524837 0.452335 
114.008 82.4106 -130.808 -0.722151 -0.522005 0.453988 
113.32 82.3987 -130.032 -0.721299 -0.524479 0.452489 
113.773 82.344 -130.484 -0.721983 -0.52254 0.453641 
113.261 82.306 -129.896 -0.721414 -0.524245 0.452576 
113.558 82.2677 -130.18 -0.72186 -0.522957 0.453355 
113.181 82.2172 -129.738 -0.721492 -0.524108 0.452612 
113.363 82.1871 -129.899 -0.721774 -0.523281 0.453119 
113.087 82.1323 -129.567 -0.721543 -0.52404 0.45261 
113.186 82.1065 -129.641 -0.721711 -0.523537 0.452923 
112.984 82.0513 -129.389 -0.721574 -0.524021 0.452581 
113.026 82.0276 -129.402 -0.721665 -0.523742 0.452759 
112.877 81.9739 -129.209 -0.721593 -0.524036 0.452534 
112.88 81.9516 -129.182 -0.721631 -0.523911 0.452618 
112.769 81.8998 -129.032 -0.721603 -0.524072 0.452476 
112.745 81.8786 -128.976 -0.721605 -0.524052 0.452496 
112.662 81.8291 -128.857 -0.721607 -0.524122 0.452411 
112.619 81.8089 -128.784 -0.721585 -0.524174 0.452387 
112.556 81.7611 -128.688 -0.721609 -0.524178 0.452344 
112.502 81.7428 -128.603 -0.721566 -0.524285 0.452288 
112.454 81.6962 -128.525 -0.721609 -0.524237 0.452276 
112.391 81.6802 -128.433 -0.72155 -0.524387 0.452196 
112.356 81.6337 -128.369 -0.721609 -0.524293 0.45221 
112.286 81.6204 -128.271 -0.721535 -0.52448 0.452111 
112.262 81.574 -128.22 -0.721609 -0.524348 0.452147 
112.187 81.5641 -128.117 -0.721519 -0.524572 0.45203 
112.173 81.5167 -128.079 -0.72161 -0.524398 0.452087 
112.092 81.511 -127.971 -0.721503 -0.524662 0.451952 
112.088 81.4616 -127.944 -0.721613 -0.524441 0.452032 
112.001 81.4608 -127.831 -0.721485 -0.524752 0.451876 
112.009 81.4085 -127.817 -0.721619 -0.524477 0.451981 
111.914 81.4138 -127.698 -0.721465 -0.524844 0.451801 
111.934 81.3576 -127.698 -0.721627 -0.524505 0.451936 
111.829 81.3701 -127.569 -0.721441 -0.524941 0.451727 
111.864 81.3079 -127.586 -0.72164 -0.524519 0.451899 
111.747 81.3293 -127.446 -0.721414 -0.525042 0.451651 
111.8 81.2595 -127.481 -0.721658 -0.524521 0.451868 
111.667 81.2918 -127.326 -0.721383 -0.525153 0.451574 
111.742 81.2124 -127.385 -0.721681 -0.524507 0.451846 
111.589 81.2581 -127.21 -0.721343 -0.525277 0.451492 
111.69 81.1656 -127.297 -0.721714 -0.524472 0.451835 
111.51 81.228 -127.096 -0.721296 -0.525417 0.451405 
111.645 81.1191 -127.219 -0.721757 -0.524413 0.451836 
111.432 81.2027 -126.983 -0.721237 -0.525581 0.451309 
111.609 81.0718 -127.151 -0.721814 -0.52432 0.451853 
111.351 81.1824 -126.871 -0.721163 -0.525774 0.451201 
111.582 81.0236 -127.094 -0.721887 -0.524188 0.451888 
111.268 81.1679 -126.759 -0.721071 -0.526005 0.451079 
111.567 80.9735 -127.052 -0.721982 -0.524005 0.451948 
111.181 81.1611 -126.644 -0.720953 -0.526289 0.450936 
111.566 80.9202 -127.027 -0.722107 -0.523755 0.452038 
111.088 81.1635 -126.525 -0.720804 -0.526638 0.450766 
111.583 80.8633 -127.025 -0.722268 -0.523421 0.452168 
110.987 81.1777 -126.403 -0.720615 -0.527071 0.450563 
111.625 80.8016 -127.051 -0.722476 -0.522978 0.452349 
110.877 81.2069 -126.276 -0.720375 -0.527609 0.450318 
111.697 80.7345 -127.114 -0.722742 -0.522397 0.452595 
110.756 81.2563 -126.146 -0.72007 -0.528278 0.450021 
111.811 80.6622 -127.229 -0.723081 -0.521641 0.452925 
110.628 81.3317 -126.018 -0.719688 -0.529101 0.449664 
111.98 80.5868 -127.414 -0.723505 -0.520675 0.45336 
110.497 81.4405 -125.904 -0.71922 -0.530094 0.449244 
112.22 80.5142 -127.693 -0.724024 -0.519462 0.453922 
110.376 81.5911 -125.824 -0.718667 -0.531247 0.448767 
112.552 80.4578 -128.097 -0.724627 -0.518002 0.454628 
110.292 81.7898 -125.819 -0.718056 -0.532493 0.448267 
112.99 80.4409 -128.657 -0.725278 -0.516346 0.455472 
110.287 82.0368 -125.945 -0.71746 -0.533679 0.44781 
113.538 80.5 -129.392 -0.725888 -0.514662 0.456406 
110.422 82.317 -126.276 -0.717017 -0.534519 0.447519 
114.167 80.68 -130.281 -0.726307 -0.513268 0.457309 
110.751 82.5954 -126.868 -0.716905 -0.534649 0.447543 
114.801 81.0115 -131.235 -0.726367 -0.512577 0.457989 
111.286 82.8233 -127.709 -0.717252 -0.533808 0.44799 
115.322 81.4761 -132.094 -0.725972 -0.512907 0.458243 
111.956 82.9617 -128.682 -0.718019 -0.532065 0.448834 
115.621 81.99 -132.68 -0.725188 -0.514251 0.45798 
112.634 83.001 -129.6 -0.718999 -0.529836 0.449901 
115.651 82.4379 -132.892 -0.724218 -0.516235 0.457282 
113.2 82.9581 -130.308 -0.719957 -0.527618 0.450975 
115.448 82.7429 -132.753 -0.723276 -0.518379 0.456347 
113.599 82.8605 -130.755 -0.720756 -0.525727 0.451905 
115.099 82.8929 -132.371 -0.722489 -0.520328 0.455374 
113.84 82.7341 -130.97 -0.721368 -0.524259 0.452634 
114.692 82.9233 -131.875 -0.721888 -0.52193 0.454492 
113.959 82.6002 -131.021 -0.721812 -0.523188 0.453166 
114.293 82.8799 -131.362 -0.721457 -0.523167 0.453756 
113.994 82.4719 -130.97 -0.722123 -0.52244 0.453532 
113.935 82.7999 -130.887 -0.721156 -0.524086 0.453171 
113.976 82.3557 -130.863 -0.722337 -0.521938 0.453769 
113.629 82.7072 -130.472 -0.720951 -0.524757 0.452721 
113.928 82.2528 -130.727 -0.722482 -0.521613 0.453912 
113.374 82.6152 -130.119 -0.72081 -0.525249 0.452376 
113.861 82.1619 -130.581 -0.722579 -0.521412 0.453988 
113.162 82.5292 -129.819 -0.720711 -0.525614 0.45211 
113.786 82.0799 -130.432 -0.722649 -0.521286 0.454022 
112.983 82.4523 -129.563 -0.720634 -0.5259 0.451899 
113.708 82.0049 -130.287 -0.722702 -0.521205 0.454031 
112.829 82.3846 -129.339 -0.720569 -0.526139 0.451724 
113.632 81.9346 -130.15 -0.72275 -0.52114 0.454029 
112.693 82.3257 -129.141 -0.720507 -0.526355 0.451571 
113.562 81.8676 -130.024 -0.722801 -0.521072 0.454027 
112.568 82.2761 -128.961 -0.72044 -0.526569 0.451429 
113.5 81.8032 -129.912 -0.722859 -0.520986 0.454033 
112.453 82.2353 -128.796 -0.720365 -0.526792 0.451289 
113.45 81.7409 -129.817 -0.722929 -0.520871 0.454053 
112.345 82.2037 -128.643 -0.720277 -0.527033 0.451147 
113.413 81.6809 -129.74 -0.723013 -0.52072 0.454093 
112.242 82.1809 -128.501 -0.720176 -0.527297 0.451001 
113.391 81.6239 -129.686 -0.723112 -0.520527 0.454156 
112.144 82.1679 -128.371 -0.72006 -0.527586 0.450848 
113.387 81.57 -129.656 -0.72323 -0.520285 0.454246 
112.053 82.1654 -128.254 -0.719928 -0.527903 0.450687 
113.403 81.5207 -129.654 -0.723364 -0.519995 0.454364 
111.97 82.1735 -128.153 -0.719784 -0.528241 0.450521 
113.44 81.478 -129.682 -0.723513 -0.519659 0.45451 
111.897 82.193 -128.072 -0.719628 -0.528596 0.450354 
113.5 81.4432 -129.743 -0.723676 -0.51928 0.454686 
111.838 82.2242 -128.014 -0.719466 -0.528958 0.450188 
113.583 81.4195 -129.839 -0.723844 -0.518869 0.454886 
111.797 82.2661 -127.986 -0.719307 -0.529305 0.450035 
113.689 81.4101 -129.97 -0.724009 -0.518448 0.455104 
111.778 82.3177 -127.992 -0.719161 -0.529616 0.449902 
113.813 81.4175 -130.133 -0.724161 -0.518037 0.455331 
111.787 82.3768 -128.039 -0.719039 -0.529865 0.449803 
113.951 81.4449 -130.322 -0.724284 -0.517671 0.45555 
111.827 82.4393 -128.128 -0.718959 -0.530018 0.449751 
114.095 81.4935 -130.526 -0.724365 -0.517387 0.455745 
111.899 82.5009 -128.258 -0.718931 -0.530053 0.449755 
114.233 81.5625 -130.732 -0.724391 -0.517218 0.455895 
112 82.5564 -128.423 -0.718963 -0.529953 0.449821 
114.353 81.6481 -130.922 -0.724356 -0.51719 0.455983 
112.125 82.601 -128.612 -0.719055 -0.529719 0.449948 
114.445 81.7436 -131.079 -0.724259 -0.517311 0.455999 
112.262 82.6308 -128.809 -0.719201 -0.529369 0.450128 
114.498 81.8401 -131.188 -0.72411 -0.517572 0.455939 
112.4 82.6444 -128.997 -0.719383 -0.528939 0.450342 
114.511 81.9282 -131.24 -0.723926 -0.517943 0.455811 
112.528 82.6412 -129.159 -0.719585 -0.528468 0.450573 
114.481 82.0008 -131.232 -0.723722 -0.518388 0.455629 
112.634 82.623 -129.285 -0.719787 -0.528 0.450799 
114.416 82.0525 -131.171 -0.723518 -0.518863 0.455411 
112.715 82.592 -129.369 -0.719977 -0.527564 0.451007 
114.323 82.082 -131.065 -0.723328 -0.519336 0.455176 
112.766 82.5516 -129.408 -0.720142 -0.527188 0.451182 
114.211 82.0896 -130.927 -0.723161 -0.519773 0.454942 
112.788 82.5044 -129.407 -0.720279 -0.526882 0.45132 
114.089 82.0786 -130.767 -0.723022 -0.52016 0.45472 
112.785 82.4538 -129.369 -0.720385 -0.526654 0.451418 
113.964 82.0516 -130.596 -0.722914 -0.520484 0.454521 
112.758 82.4016 -129.302 -0.72046 -0.526501 0.451477 
113.841 82.0129 -130.424 -0.722835 -0.520744 0.454349 
112.712 82.3499 -129.211 -0.720506 -0.526419 0.451499 
113.724 81.9654 -130.256 -0.722785 -0.520938 0.454206 
112.651 82.2998 -129.102 -0.720526 -0.526399 0.451489 
113.618 81.9117 -130.097 -0.722761 -0.521068 0.454094 
112.577 82.2533 -128.98 -0.720521 -0.526441 0.451449 
113.523 81.8539 -129.951 -0.722763 -0.521137 0.454013 
112.495 82.2114 -128.849 -0.720492 -0.526538 0.451383 
113.441 81.7936 -129.82 -0.722788 -0.521146 0.453962 
112.405 82.1747 -128.714 -0.720441 -0.526683 0.451294 
113.374 81.7321 -129.708 -0.722836 -0.521097 0.453942 
112.312 82.1443 -128.577 -0.72037 -0.526875 0.451184 
113.323 81.6709 -129.616 -0.722905 -0.520991 0.453953 
112.216 82.1214 -128.441 -0.720277 -0.527112 0.451055 
113.29 81.6102 -129.546 -0.722999 -0.520824 0.453996 
112.119 82.1074 -128.309 -0.720163 -0.527393 0.450909 
113.276 81.5515 -129.503 -0.723115 -0.520596 0.454073 
112.024 82.1029 -128.185 -0.72003 -0.527713 0.450747 
113.284 81.4962 -129.488 -0.723252 -0.520308 0.454184 
111.933 82.1093 -128.072 -0.719876 -0.528071 0.450573 
113.315 81.4456 -129.505 -0.723412 -0.519957 0.454331 
111.849 82.128 -127.975 -0.719705 -0.528462 0.450388 
113.371 81.4024 -129.559 -0.72359 -0.51955 0.454513 
111.777 82.1592 -127.9 -0.719522 -0.528871 0.450201 
113.454 81.3688 -129.651 -0.723782 -0.519092 0.45473 
111.72 82.2037 -127.853 -0.719333 -0.529285 0.450017 
113.565 81.3493 -129.785 -0.723979 -0.518603 0.454975 
111.686 82.2603 -127.842 -0.71915 -0.529676 0.449849 
113.701 81.3472 -129.959 -0.72417 -0.518105 0.455239 
111.681 82.3275 -127.874 -0.718987 -0.530014 0.44971 
113.859 81.3672 -130.17 -0.724337 -0.517636 0.455507 
111.711 82.4014 -127.956 -0.718864 -0.530258 0.449619 
114.029 81.4125 -130.407 -0.724462 -0.51724 0.455758 
111.779 82.4769 -128.089 -0.718799 -0.530371 0.44959 
114.2 81.4845 -130.657 -0.724525 -0.516968 0.455966 
111.886 82.5479 -128.271 -0.718805 -0.530325 0.449636 
114.357 81.5796 -130.898 -0.724516 -0.516854 0.456109 
112.026 82.6078 -128.49 -0.718888 -0.530107 0.44976 
114.484 81.6919 -131.108 -0.724427 -0.516928 0.456166 
112.188 82.6513 -128.727 -0.719041 -0.529734 0.449954 
114.568 81.8105 -131.264 -0.724268 -0.517183 0.456129 
112.357 82.6747 -128.962 -0.71925 -0.52924 0.450201 
114.602 81.9228 -131.354 -0.724057 -0.517591 0.456003 
112.517 82.6778 -129.171 -0.719489 -0.528682 0.450476 
114.583 82.0186 -131.37 -0.723815 -0.518106 0.455801 
112.655 82.6615 -129.339 -0.719735 -0.52811 0.450753 
114.518 82.0894 -131.316 -0.723569 -0.51867 0.45555 
112.762 82.6294 -129.455 -0.719966 -0.527576 0.45101 
114.417 82.1329 -131.205 -0.723335 -0.519239 0.455273 
112.834 82.5848 -129.518 -0.720171 -0.527106 0.451231 
114.29 82.149 -131.051 -0.72313 -0.51977 0.454994 
112.87 82.5319 -129.531 -0.720342 -0.526721 0.451408 
114.149 82.1417 -130.869 -0.722957 -0.520242 0.454728 
112.875 82.4742 -129.499 -0.720475 -0.526429 0.451537 
114.003 82.1149 -130.673 -0.722822 -0.52064 0.454488 
112.852 82.4145 -129.432 -0.720572 -0.526225 0.451619 
113.859 82.074 -130.474 -0.72272 -0.520963 0.454279 
112.807 82.3545 -129.336 -0.720637 -0.526101 0.45166 
113.723 82.0226 -130.279 -0.722651 -0.521212 0.454104 
112.743 82.2965 -129.219 -0.720672 -0.526052 0.451662 
113.597 81.9642 -130.094 -0.722612 -0.52139 0.453963 
112.666 82.2416 -129.087 -0.720679 -0.526068 0.451631 
113.483 81.9011 -129.922 -0.722599 -0.521501 0.453854 
112.578 82.1908 -128.944 -0.720662 -0.526142 0.451572 
113.383 81.8354 -129.765 -0.722611 -0.521551 0.453779 
112.482 82.1451 -128.796 -0.720623 -0.526268 0.451488 
113.298 81.7682 -129.627 -0.722646 -0.521541 0.453734 
112.38 82.1057 -128.643 -0.720561 -0.526445 0.451381 
113.228 81.7005 -129.508 -0.722705 -0.521471 0.453721 
112.276 82.073 -128.491 -0.720478 -0.526667 0.451254 
113.176 81.6334 -129.411 -0.722785 -0.521343 0.45374 
112.169 82.0484 -128.341 -0.720374 -0.526934 0.451109 
113.142 81.567 -129.338 -0.722891 -0.521151 0.453792 
112.061 82.0335 -128.196 -0.720246 -0.52725 0.450944 
113.129 81.5027 -129.292 -0.72302 -0.520895 0.45388 
111.955 82.0291 -128.058 -0.720096 -0.52761 0.450763 
113.138 81.4411 -129.278 -0.723176 -0.520568 0.454007 
111.853 82.0372 -127.932 -0.719921 -0.528016 0.450566 
113.174 81.3843 -129.299 -0.723357 -0.520171 0.454174 
111.758 82.059 -127.821 -0.719725 -0.528463 0.450355 
113.239 81.3341 -129.36 -0.723563 -0.519701 0.454383 
111.674 82.0954 -127.734 -0.719511 -0.528939 0.450138 
113.335 81.2944 -129.466 -0.723788 -0.519169 0.454633 
111.606 82.1477 -127.677 -0.719286 -0.529429 0.449921 
113.464 81.269 -129.62 -0.724024 -0.518587 0.454922 
111.564 82.215 -127.66 -0.719065 -0.529902 0.449719 
113.624 81.2642 -129.825 -0.724255 -0.517987 0.455237 
111.554 82.2959 -127.694 -0.718864 -0.53032 0.449548 
113.813 81.285 -130.076 -0.724463 -0.517411 0.455562 
111.587 82.3857 -127.789 -0.718708 -0.530629 0.449431 
114.019 81.3376 -130.364 -0.72462 -0.51692 0.45587 
111.668 82.4783 -127.949 -0.718623 -0.530778 0.449391 
114.229 81.4235 -130.669 -0.724702 -0.516575 0.45613 
111.798 82.5654 -128.17 -0.718629 -0.530725 0.449445 
114.422 81.5408 -130.966 -0.72469 -0.516435 0.456307 
111.971 82.6385 -128.44 -0.718734 -0.530451 0.449599 
114.579 81.6801 -131.225 -0.724578 -0.516532 0.456376 
112.172 82.6904 -128.735 -0.718931 -0.529978 0.449843 
114.68 81.8279 -131.415 -0.724374 -0.516864 0.456323 
112.381 82.7167 -129.023 -0.719196 -0.529355 0.450153 
114.716 81.9666 -131.518 -0.724107 -0.517385 0.456157 
112.577 82.7177 -129.277 -0.719493 -0.528661 0.450493 
114.687 82.0822 -131.528 -0.723806 -0.518032 0.4559 
112.741 82.6952 -129.476 -0.719793 -0.527964 0.450831 
114.601 82.1647 -131.452 -0.723506 -0.518727 0.455587 
112.865 82.6539 -129.608 -0.72007 -0.527324 0.451138 
114.472 82.2115 -131.308 -0.723229 -0.519408 0.455249 
112.945 82.5995 -129.674 -0.720308 -0.526778 0.451396 
114.316 82.2255 -131.116 -0.72299 -0.520034 0.454915 
112.983 82.5361 -129.681 -0.720501 -0.52634 0.451598 
114.147 82.2116 -130.897 -0.722795 -0.520576 0.454605 
112.983 82.4683 -129.637 -0.72065 -0.526014 0.451742 
113.976 82.1768 -130.666 -0.722643 -0.521028 0.454328 
112.953 82.3988 -129.554 -0.720758 -0.525788 0.451832 
113.81 82.127 -130.435 -0.722531 -0.52139 0.454091 
112.899 82.3302 -129.441 -0.720828 -0.525655 0.451874 
113.654 82.0668 -130.212 -0.722455 -0.521666 0.453894 
112.826 82.2639 -129.307 -0.720867 -0.5256 0.451876 
113.511 82.0005 -130.002 -0.72241 -0.521869 0.453734 
112.739 82.201 -129.158 -0.720879 -0.525612 0.451843 
113.382 81.9305 -129.807 -0.722391 -0.522003 0.453609 
112.642 82.1422 -129 -0.720867 -0.525681 0.451782 
113.267 81.8586 -129.629 -0.722395 -0.522077 0.453517 
112.537 82.0884 -128.836 -0.720834 -0.5258 0.451697 
113.167 81.7861 -129.469 -0.722421 -0.522094 0.453455 
112.428 82.0404 -128.669 -0.72078 -0.525965 0.45159 
113.083 81.7132 -129.328 -0.72247 -0.522054 0.453424 
112.315 81.9992 -128.502 -0.720706 -0.526176 0.451464 
113.014 81.6405 -129.208 -0.72254 -0.521958 0.453423 
112.199 81.9652 -128.336 -0.720611 -0.52643 0.451319 
112.963 81.5687 -129.11 -0.722633 -0.521803 0.453453 
112.082 81.9402 -128.173 -0.720492 -0.526732 0.451155 
112.93 81.4974 -129.037 -0.722752 -0.521582 0.453518 
111.965 81.9251 -128.015 -0.72035 -0.527083 0.450973 
112.92 81.4278 -128.992 -0.722898 -0.521291 0.45362 
111.848 81.9219 -127.865 -0.720181 -0.527488 0.45077 
112.933 81.3605 -128.979 -0.723073 -0.520922 0.453765 
111.734 81.9324 -127.725 -0.719983 -0.527948 0.450548 
112.976 81.2967 -129.006 -0.723281 -0.520468 0.453955 
111.626 81.9586 -127.6 -0.719756 -0.528462 0.450307 
113.051 81.2388 -129.077 -0.72352 -0.519923 0.454197 
111.528 82.002 -127.498 -0.719504 -0.529021 0.450053 
113.163 81.1909 -129.2 -0.723788 -0.519294 0.454491 
111.447 82.0648 -127.429 -0.719233 -0.52961 0.449794 
113.315 81.1583 -129.382 -0.724074 -0.518593 0.454835 
111.393 82.1471 -127.405 -0.718956 -0.530197 0.449544 
113.509 81.1483 -129.627 -0.724363 -0.517852 0.455219 
111.377 82.2467 -127.44 -0.7187 -0.530727 0.449328 
113.74 81.1692 -129.933 -0.724629 -0.517123 0.455624 
111.412 82.3596 -127.551 -0.718495 -0.531136 0.449174 
113.998 81.2299 -130.291 -0.724836 -0.516487 0.456016 
111.51 82.4768 -127.747 -0.718379 -0.531341 0.449116 
114.263 81.3361 -130.677 -0.724946 -0.516038 0.45635 
111.673 82.5873 -128.026 -0.718385 -0.531278 0.449181 
114.51 81.4851 -131.056 -0.72493 -0.515858 0.456578 
111.895 82.6789 -128.372 -0.718527 -0.530918 0.44938 
114.708 81.6653 -131.384 -0.724778 -0.515998 0.456661 
112.154 82.742 -128.749 -0.718791 -0.530289 0.4497 
114.832 81.8563 -131.621 -0.724506 -0.516452 0.456581 
112.422 82.7712 -129.116 -0.719141 -0.529473 0.450103 
114.869 82.033 -131.739 -0.724153 -0.517149 0.456351 
112.667 82.7672 -129.431 -0.719525 -0.528578 0.45054 
114.82 82.1751 -131.735 -0.723767 -0.517989 0.45601 
112.867 82.7346 -129.669 -0.7199 -0.527706 0.450962 
114.701 82.2716 -131.622 -0.723393 -0.518868 0.455605 
113.012 82.6807 -129.819 -0.720234 -0.526932 0.451335 
114.532 82.3205 -131.429 -0.723059 -0.519703 0.455183 
113.099 82.6119 -129.885 -0.720513 -0.526289 0.45164 
114.336 82.3283 -131.184 -0.722781 -0.520444 0.454778 
113.136 82.5347 -129.88 -0.720733 -0.525788 0.451872 
114.129 82.304 -130.914 -0.72256 -0.521071 0.454411 
113.13 82.4543 -129.819 -0.720898 -0.525425 0.452031 
113.926 82.2576 -130.638 -0.722391 -0.521583 0.454092 
113.09 82.3733 -129.716 -0.721016 -0.525178 0.452129 
113.734 82.1965 -130.37 -0.722267 -0.521989 0.453822 
113.025 82.2943 -129.583 -0.721094 -0.525032 0.452174 
113.556 82.1264 -130.114 -0.722182 -0.5223 0.4536 
112.942 82.2182 -129.43 -0.721141 -0.524966 0.452177 
113.393 82.052 -129.876 -0.722127 -0.522534 0.453417 
112.846 82.1458 -129.265 -0.721161 -0.524965 0.452146 
113.246 81.9756 -129.656 -0.722097 -0.522703 0.453271 
112.742 82.0774 -129.092 -0.721161 -0.525015 0.452088 
113.114 81.8988 -129.453 -0.722087 -0.522817 0.453156 
112.631 82.0135 -128.915 -0.721143 -0.525107 0.45201 
112.996 81.8228 -129.268 -0.722094 -0.522884 0.453067 
112.517 81.9543 -128.738 -0.721109 -0.525236 0.451914 
112.891 81.7472 -129.1 -0.722119 -0.522905 0.453004 
112.401 81.9007 -128.56 -0.721059 -0.5254 0.451803 
112.799 81.6729 -128.949 -0.722159 -0.522883 0.452964 
112.283 81.8526 -128.384 -0.720994 -0.525596 0.451678 
112.721 81.5991 -128.815 -0.722217 -0.522816 0.45295 
112.163 81.8114 -128.211 -0.720912 -0.525829 0.451538 
112.657 81.5262 -128.7 -0.722294 -0.5227 0.45296 
112.043 81.7775 -128.04 -0.72081 -0.526102 0.451383 
112.609 81.4536 -128.605 -0.722393 -0.52253 0.452999 
111.922 81.7524 -127.872 -0.720686 -0.52642 0.451211 
112.578 81.3807 -128.534 -0.722518 -0.522294 0.453071 
111.799 81.7371 -127.708 -0.720536 -0.526789 0.451019 
112.569 81.3083 -128.489 -0.722673 -0.521985 0.453181 
111.675 81.7342 -127.548 -0.720355 -0.527222 0.450803 
112.584 81.2361 -128.476 -0.722863 -0.521588 0.453335 
111.551 81.7457 -127.396 -0.720139 -0.527724 0.450561 
112.629 81.1651 -128.502 -0.723092 -0.52109 0.453542 
111.429 81.7749 -127.254 -0.719882 -0.528304 0.450291 
112.71 81.0974 -128.576 -0.723365 -0.520478 0.45381 
111.312 81.8243 -127.13 -0.719585 -0.52896 0.449995 
112.834 81.036 -128.709 -0.723683 -0.519742 0.454146 
111.207 81.8972 -127.035 -0.719251 -0.529684 0.449678 
113.007 80.9871 -128.911 -0.72404 -0.518886 0.454554 
111.126 81.9962 -126.984 -0.718892 -0.530445 0.449354 
113.237 80.9601 -129.195 -0.724421 -0.517935 0.455032 
111.085 82.1212 -126.999 -0.718534 -0.531187 0.44905 
113.522 80.9676 -129.567 -0.724796 -0.516946 0.45556 
111.104 82.2679 -127.107 -0.718222 -0.531814 0.448807 
113.856 81.0253 -130.023 -0.725114 -0.516024 0.456099 
111.205 82.4269 -127.329 -0.718014 -0.532205 0.448678 
114.216 81.1463 -130.538 -0.725315 -0.515308 0.456589 
111.401 82.5815 -127.677 -0.717971 -0.532231 0.448714 
114.565 81.3351 -131.065 -0.72534 -0.514953 0.456949 
111.69 82.7127 -128.135 -0.718132 -0.531817 0.448948 
114.856 81.5793 -131.538 -0.725161 -0.515065 0.457107 
112.044 82.8036 -128.654 -0.718486 -0.530983 0.449369 
115.044 81.8476 -131.887 -0.724794 -0.515653 0.457026 
112.415 82.8463 -129.167 -0.71897 -0.52986 0.449919 
115.105 82.0987 -132.067 -0.724305 -0.516609 0.456721 
112.754 82.8418 -129.606 -0.719503 -0.528627 0.450519 
115.042 82.2977 -132.066 -0.723774 -0.517765 0.456254 
113.027 82.7983 -129.929 -0.720009 -0.527447 0.451092 
114.88 82.427 -131.912 -0.723271 -0.518951 0.455704 
113.217 82.7272 -130.126 -0.720446 -0.526425 0.451587 
114.653 82.4876 -131.651 -0.722837 -0.520046 0.455144 
113.329 82.6393 -130.208 -0.720798 -0.525603 0.451982 
114.397 82.4922 -131.33 -0.722487 -0.520989 0.454621 
113.375 82.5435 -130.2 -0.721068 -0.524981 0.452274 
114.136 82.457 -130.988 -0.722218 -0.521762 0.454162 
113.368 82.4459 -130.125 -0.721268 -0.524535 0.452474 
113.887 82.3972 -130.65 -0.722016 -0.522379 0.453773 
113.324 82.3504 -130.005 -0.721409 -0.524235 0.452597 
113.657 82.3234 -130.329 -0.72187 -0.522861 0.453451 
113.253 82.258 -129.856 -0.721507 -0.524045 0.45266 
113.448 82.2436 -130.032 -0.721763 -0.523239 0.453185 
113.165 82.17 -129.69 -0.721573 -0.523939 0.452678 
113.26 82.1623 -129.759 -0.721686 -0.523535 0.452965 
113.067 82.0859 -129.515 -0.721616 -0.523891 0.452664 
113.089 82.0823 -129.508 -0.721629 -0.523772 0.452782 
112.962 82.0056 -129.336 -0.721645 -0.523883 0.452629 
112.934 82.0049 -129.276 -0.721586 -0.523967 0.452626 
112.855 81.9286 -129.158 -0.721663 -0.523899 0.45258 
112.791 81.9308 -129.06 -0.721551 -0.524132 0.452489 
112.749 81.855 -128.983 -0.721676 -0.523931 0.452524 
112.658 81.8605 -128.859 -0.721522 -0.524278 0.452367 
112.645 81.7838 -128.813 -0.721687 -0.523967 0.452465 
112.534 81.7944 -128.669 -0.721493 -0.524414 0.452255 
112.545 81.7156 -128.651 -0.721697 -0.524004 0.452406 
112.416 81.7321 -128.489 -0.721465 -0.524543 0.45215 
112.449 81.6493 -128.496 -0.721709 -0.524034 0.452351 
112.304 81.6735 -128.318 -0.721437 -0.52467 0.452049 
112.358 81.5854 -128.349 -0.721724 -0.524057 0.452301 
112.196 81.6191 -128.155 -0.721404 -0.5248 0.451949 
112.273 81.5234 -128.211 -0.721743 -0.524068 0.452258 
112.092 81.5687 -127.998 -0.721367 -0.524937 0.45185 
112.195 81.4628 -128.082 -0.721768 -0.524062 0.452224 
111.99 81.5226 -127.847 -0.721324 -0.525084 0.451748 
112.124 81.4035 -127.963 -0.721802 -0.524036 0.4522 
111.89 81.481 -127.7 -0.721272 -0.525246 0.451642 
112.061 81.3448 -127.855 -0.721846 -0.523985 0.452189 
111.792 81.4443 -127.556 -0.72121 -0.525428 0.451529 
112.007 81.2863 -127.759 -0.721903 -0.523903 0.452194 
111.693 81.4136 -127.415 -0.721134 -0.525639 0.451405 
111.963 81.2279 -127.676 -0.721975 -0.523783 0.452218 
111.592 81.3889 -127.275 -0.72104 -0.525884 0.45127 
111.932 81.1681 -127.608 -0.722068 -0.523613 0.452265 
111.49 81.3718 -127.136 -0.720925 -0.526174 0.451116 
111.915 81.1069 -127.559 -0.722187 -0.523384 0.452342 
111.383 81.3643 -126.996 -0.72078 -0.526523 0.45094 
111.916 81.0429 -127.532 -0.722339 -0.523076 0.452455 
111.272 81.3677 -126.856 -0.720601 -0.526943 0.450735 
111.94 80.9763 -127.533 -0.722531 -0.522672 0.452614 
111.154 81.3858 -126.714 -0.720378 -0.527454 0.450495 
111.993 80.9059 -127.57 -0.722774 -0.522147 0.452832 
111.03 81.4217 -126.573 -0.720101 -0.528071 0.450214 
112.083 80.8332 -127.654 -0.723077 -0.521476 0.453122 
110.902 81.4808 -126.438 -0.719761 -0.528816 0.449884 
112.221 80.7595 -127.8 -0.723451 -0.520627 0.453501 
110.774 81.5687 -126.319 -0.719351 -0.529696 0.449504 
112.421 80.6906 -128.028 -0.723899 -0.519581 0.453985 
110.658 81.6914 -126.232 -0.718876 -0.530698 0.449082 
112.696 80.6363 -128.36 -0.724417 -0.518333 0.454587 
110.573 81.8544 -126.209 -0.718353 -0.531777 0.448642 
113.06 80.6148 -128.82 -0.724973 -0.516927 0.4553 
110.553 82.0571 -126.291 -0.717839 -0.532812 0.448236 
113.513 80.6525 -129.423 -0.725504 -0.515482 0.456091 
110.639 82.2903 -126.532 -0.717429 -0.533606 0.447949 
114.037 80.782 -130.155 -0.725906 -0.514221 0.456875 
110.874 82.5298 -126.978 -0.717252 -0.533889 0.447894 
114.579 81.0291 -130.957 -0.726048 -0.513452 0.457513 
111.277 82.7401 -127.632 -0.71742 -0.533439 0.448161 
115.057 81.389 -131.719 -0.725841 -0.513446 0.457849 
111.81 82.8869 -128.426 -0.717944 -0.532225 0.448765 
115.379 81.8112 -132.301 -0.725293 -0.514279 0.457781 
112.388 82.9532 -129.228 -0.718709 -0.530478 0.449608 
115.49 82.2134 -132.602 -0.724527 -0.515765 0.457324 
112.91 82.9443 -129.905 -0.719536 -0.528574 0.450528 
115.394 82.5224 -132.599 -0.723709 -0.517551 0.456601 
113.313 82.8782 -130.381 -0.720284 -0.526823 0.451382 
115.142 82.7068 -132.354 -0.72297 -0.51931 0.455772 
113.58 82.7758 -130.651 -0.720893 -0.525381 0.452091 
114.806 82.7787 -131.96 -0.722371 -0.52085 0.454965 
113.727 82.6568 -130.753 -0.721354 -0.524281 0.452631 
114.447 82.7696 -131.507 -0.721916 -0.522101 0.454252 
113.785 82.5346 -130.738 -0.721691 -0.523483 0.453018 
114.103 82.7121 -131.056 -0.721586 -0.523071 0.45366 
113.781 82.4173 -130.649 -0.721929 -0.52293 0.453277 
113.794 82.631 -130.638 -0.721352 -0.523807 0.453183 
113.738 82.3084 -130.518 -0.722096 -0.522559 0.453438 
113.525 82.5423 -130.267 -0.721184 -0.524364 0.452806 
113.67 82.2086 -130.365 -0.722212 -0.52232 0.453529 
113.293 82.4542 -129.94 -0.721063 -0.524789 0.452506 
113.589 82.1161 -130.204 -0.722297 -0.522164 0.453573 
113.091 82.3718 -129.652 -0.720969 -0.525128 0.452262 
113.503 82.0299 -130.042 -0.722363 -0.522061 0.453588 
112.914 82.2966 -129.396 -0.720889 -0.525414 0.452057 
113.416 81.9483 -129.885 -0.722421 -0.52198 0.453588 
112.755 82.2295 -129.165 -0.720815 -0.525672 0.451876 
113.334 81.8701 -129.738 -0.722479 -0.521902 0.453585 
112.609 82.1707 -128.953 -0.720738 -0.525921 0.451709 
113.26 81.7944 -129.604 -0.722544 -0.521809 0.453589 
112.473 82.1207 -128.756 -0.720653 -0.526177 0.451546 
113.196 81.7211 -129.485 -0.722619 -0.521691 0.453605 
112.343 82.0796 -128.572 -0.720557 -0.52645 0.451382 
113.145 81.6492 -129.385 -0.722711 -0.521532 0.453642 
112.219 82.0484 -128.399 -0.720444 -0.526751 0.451211 
113.11 81.5793 -129.307 -0.722821 -0.521326 0.453703 
112.098 82.0272 -128.236 -0.720313 -0.527084 0.451031 
113.094 81.5119 -129.255 -0.722952 -0.521065 0.453794 
111.983 82.0179 -128.084 -0.72016 -0.527457 0.450838 
113.099 81.4472 -129.232 -0.723109 -0.520739 0.453919 
111.872 82.0209 -127.945 -0.719986 -0.52787 0.450633 
113.13 81.387 -129.244 -0.723289 -0.520345 0.454083 
111.769 82.0383 -127.823 -0.719789 -0.528324 0.450416 
113.188 81.3331 -129.295 -0.723495 -0.519879 0.454288 
111.677 82.0711 -127.724 -0.719571 -0.528813 0.45019 
113.278 81.2883 -129.391 -0.723724 -0.519343 0.454536 
111.6 82.1199 -127.653 -0.719341 -0.529319 0.449964 
113.402 81.2573 -129.536 -0.723966 -0.518753 0.454825 
111.547 82.1853 -127.622 -0.719108 -0.52982 0.449747 
113.559 81.2451 -129.733 -0.72421 -0.518131 0.455145 
111.526 82.2652 -127.641 -0.71889 -0.530275 0.449557 
113.747 81.2585 -129.981 -0.724435 -0.51752 0.455482 
111.547 82.3567 -127.72 -0.718711 -0.530637 0.449417 
113.958 81.3029 -130.27 -0.724617 -0.516975 0.455812 
111.616 82.4529 -127.867 -0.7186 -0.530844 0.449351 
114.177 81.3825 -130.586 -0.724727 -0.516566 0.4561 
111.737 82.546 -128.081 -0.718578 -0.530849 0.449379 
114.386 81.4964 -130.901 -0.724742 -0.516358 0.456312 
111.907 82.6267 -128.351 -0.718662 -0.530624 0.449512 
114.561 81.6373 -131.184 -0.724651 -0.516394 0.456415 
112.111 82.6868 -128.654 -0.718845 -0.530179 0.449744 
114.683 81.7911 -131.403 -0.72446 -0.516682 0.456392 
112.329 82.7209 -128.959 -0.719107 -0.529561 0.450053 
114.738 81.94 -131.534 -0.724194 -0.517184 0.456246 
112.539 82.7282 -129.236 -0.719413 -0.528847 0.450404 
114.723 82.0677 -131.568 -0.723886 -0.517834 0.455998 
112.719 82.7101 -129.458 -0.719727 -0.528115 0.450759 
114.647 82.1624 -131.509 -0.723571 -0.518552 0.455682 
112.859 82.6715 -129.612 -0.720022 -0.527432 0.451088 
114.522 82.2196 -131.374 -0.723276 -0.519268 0.455334 
112.952 82.6176 -129.696 -0.720279 -0.52684 0.45137 
114.365 82.2415 -131.185 -0.723018 -0.519934 0.454985 
113.001 82.5541 -129.717 -0.72049 -0.526362 0.451592 
114.192 82.2329 -130.962 -0.722806 -0.520515 0.454657 
113.01 82.4848 -129.683 -0.720654 -0.525997 0.451755 
114.015 82.2014 -130.725 -0.722639 -0.521003 0.454363 
112.986 82.4137 -129.606 -0.720773 -0.525743 0.45186 
113.842 82.1528 -130.487 -0.722516 -0.521395 0.454109 
112.936 82.3429 -129.496 -0.720855 -0.525584 0.451915 
113.679 82.0934 -130.255 -0.722429 -0.521701 0.453897 
112.865 82.2739 -129.364 -0.720904 -0.525507 0.451927 
113.529 82.0269 -130.036 -0.722374 -0.521928 0.453723 
112.78 82.2083 -129.215 -0.720924 -0.5255 0.451903 
113.393 81.9564 -129.833 -0.722346 -0.522085 0.453585 
112.684 82.1467 -129.056 -0.720919 -0.525552 0.451849 
113.272 81.8838 -129.646 -0.722343 -0.52218 0.453481 
112.58 82.0899 -128.891 -0.720893 -0.525656 0.45177 
113.165 81.8102 -129.477 -0.722362 -0.522218 0.453408 
112.47 82.0387 -128.722 -0.720846 -0.525806 0.451669 
113.073 81.7365 -129.326 -0.722402 -0.522201 0.453364 
112.356 81.9934 -128.552 -0.720781 -0.525999 0.45155 
112.996 81.6633 -129.195 -0.722462 -0.522131 0.453349 
112.24 81.9555 -128.383 -0.720694 -0.526237 0.451411 
112.936 81.5903 -129.086 -0.722545 -0.522002 0.453365 
112.122 81.9254 -128.217 -0.720587 -0.526517 0.451255 
112.894 81.5182 -128.999 -0.722651 -0.521813 0.453414 
112.004 81.905 -128.054 -0.720455 -0.526848 0.45108 
112.871 81.4471 -128.939 -0.722784 -0.521555 0.453497 
111.885 81.8952 -127.897 -0.720298 -0.52723 0.450885 
112.873 81.3772 -128.909 -0.722948 -0.521221 0.453622 
111.767 81.8985 -127.749 -0.720112 -0.527669 0.450669 
112.9 81.3101 -128.915 -0.723142 -0.520803 0.453791 
111.653 81.9167 -127.613 -0.719895 -0.528166 0.450432 
112.959 81.2474 -128.962 -0.72337 -0.520295 0.45401 
111.546 81.9519 -127.495 -0.719649 -0.528718 0.450178 
113.053 81.192 -129.059 -0.723631 -0.519694 0.454283 
111.452 82.0062 -127.404 -0.719377 -0.529315 0.449911 
113.187 81.1485 -129.213 -0.723919 -0.519006 0.454611 
111.379 82.0804 -127.351 -0.71909 -0.529931 0.449644 
113.365 81.1232 -129.431 -0.724223 -0.518249 0.45499 
111.338 82.175 -127.351 -0.718806 -0.530527 0.449396 
113.585 81.1254 -129.715 -0.724519 -0.517471 0.455404 
111.343 82.2866 -127.421 -0.718555 -0.531039 0.449193 
113.841 81.1641 -130.061 -0.724777 -0.516737 0.455828 
111.407 82.4083 -127.575 -0.718376 -0.531384 0.449071 
114.118 81.2484 -130.454 -0.724954 -0.516143 0.456219 
111.541 82.5299 -127.82 -0.718308 -0.531481 0.449065 
114.392 81.3807 -130.861 -0.725013 -0.515787 0.456527 
111.743 82.6384 -128.149 -0.718379 -0.531272 0.449198 
114.632 81.5551 -131.242 -0.72493 -0.515751 0.456701 
111.998 82.7217 -128.534 -0.718593 -0.530752 0.44947 
114.807 81.7536 -131.547 -0.724706 -0.516059 0.456708 
112.279 82.771 -128.932 -0.718922 -0.529981 0.449855 
114.895 81.9514 -131.739 -0.724371 -0.516673 0.456545 
112.553 82.7846 -129.297 -0.719314 -0.529067 0.450302 
114.889 82.1223 -131.801 -0.723976 -0.517495 0.45624 
112.79 82.7649 -129.591 -0.719719 -0.528127 0.45076 
114.799 82.2488 -131.738 -0.723572 -0.51841 0.455842 
112.972 82.7187 -129.795 -0.720093 -0.527256 0.451181 
114.645 82.3245 -131.574 -0.723199 -0.519316 0.455403 
113.093 82.6538 -129.908 -0.720414 -0.526511 0.451538 
114.451 82.3528 -131.341 -0.722879 -0.520143 0.454967 
113.157 82.5776 -129.938 -0.720672 -0.525918 0.451817 
114.24 82.3429 -131.069 -0.722619 -0.520857 0.454563 
113.172 82.4954 -129.901 -0.720871 -0.525471 0.45202 
114.026 82.3047 -130.784 -0.722418 -0.521445 0.454207 
113.148 82.4117 -129.815 -0.721017 -0.525156 0.452153 
113.821 82.2481 -130.502 -0.722268 -0.521918 0.453903 
113.094 82.3293 -129.693 -0.721118 -0.524955 0.452226 
113.63 82.1799 -130.232 -0.722162 -0.522285 0.45365 
113.018 82.2495 -129.547 -0.721182 -0.524845 0.452251 
113.455 82.1059 -129.978 -0.722089 -0.522568 0.453441 
112.927 82.1731 -129.384 -0.721218 -0.524806 0.452238 
113.296 82.0292 -129.743 -0.722043 -0.522779 0.453271 
112.825 82.1005 -129.213 -0.721232 -0.524825 0.452196 
113.152 81.9517 -129.526 -0.722018 -0.522931 0.453134 
112.717 82.0321 -129.036 -0.721227 -0.524887 0.452131 
113.022 81.8746 -129.326 -0.722012 -0.523033 0.453025 
112.605 81.968 -128.857 -0.721207 -0.524987 0.452047 
112.906 81.7989 -129.144 -0.722021 -0.523094 0.452941 
112.49 81.9089 -128.678 -0.721172 -0.525119 0.451949 
112.802 81.7241 -128.977 -0.722045 -0.523114 0.45288 
112.373 81.8546 -128.501 -0.721124 -0.52528 0.451839 
112.711 81.6508 -128.827 -0.722083 -0.523096 0.45284 
112.256 81.8061 -128.326 -0.721062 -0.525471 0.451715 
112.632 81.5781 -128.693 -0.722138 -0.523035 0.452823 
112.138 81.7635 -128.154 -0.720985 -0.525694 0.45158 
112.567 81.5063 -128.576 -0.72221 -0.522931 0.452829 
112.019 81.7282 -127.985 -0.720889 -0.525954 0.45143 
112.516 81.4348 -128.478 -0.722302 -0.522775 0.452862 
111.899 81.7011 -127.818 -0.720771 -0.526258 0.451263 
112.482 81.3632 -128.402 -0.722419 -0.522558 0.452925 
111.778 81.6836 -127.654 -0.720629 -0.526613 0.451077 
112.467 81.2912 -128.351 -0.722565 -0.52227 0.453024 
111.655 81.6775 -127.494 -0.720456 -0.527028 0.450868 
112.475 81.2189 -128.329 -0.722746 -0.521897 0.453166 
111.53 81.6852 -127.339 -0.720248 -0.527514 0.450632 
112.512 81.1467 -128.344 -0.722967 -0.521423 0.45336 
111.405 81.7096 -127.191 -0.719999 -0.52808 0.450367 
112.583 81.076 -128.404 -0.723233 -0.520832 0.453613 
111.283 81.7539 -127.058 -0.719706 -0.528731 0.45007 
112.696 81.0096 -128.52 -0.723549 -0.520111 0.453937 
111.169 81.8223 -126.948 -0.719368 -0.529466 0.449746 
112.858 80.9529 -128.705 -0.72391 -0.519258 0.454337 
111.074 81.9172 -126.876 -0.718995 -0.530262 0.449406 
113.079 80.9138 -128.972 -0.724309 -0.518282 0.454816 
111.012 82.0406 -126.862 -0.718608 -0.531071 0.449071 
113.361 80.9053 -129.332 -0.724718 -0.517231 0.455362 
111.004 82.1904 -126.936 -0.718245 -0.531807 0.448779 
113.701 80.9436 -129.787 -0.725091 -0.516194 0.455943 
111.077 82.3582 -127.125 -0.717969 -0.532341 0.448587 
114.081 81.0465 -130.321 -0.725363 -0.515319 0.456499 
111.25 82.5291 -127.451 -0.717851 -0.532528 0.448554 
114.467 81.224 -130.893 -0.725465 -0.514778 0.456948 
111.529 82.6815 -127.908 -0.717948 -0.532248 0.448731 
114.809 81.4706 -131.433 -0.725346 -0.514721 0.457202 
111.893 82.7949 -128.455 -0.71827 -0.531481 0.449124 
115.053 81.7578 -131.863 -0.725008 -0.515198 0.4572 
112.295 82.8572 -129.021 -0.718763 -0.530341 0.449685 
115.163 82.0415 -132.118 -0.724507 -0.516133 0.456939 
112.678 82.8664 -129.527 -0.719334 -0.529019 0.450327 
115.134 82.2771 -132.174 -0.723937 -0.517342 0.456476 
112.995 82.8306 -129.914 -0.719894 -0.527716 0.450961 
114.986 82.4388 -132.05 -0.72338 -0.518626 0.4559 
113.225 82.7618 -130.163 -0.720385 -0.526567 0.451519 
114.758 82.5228 -131.796 -0.722893 -0.519835 0.455296 
113.367 82.6726 -130.283 -0.720784 -0.525632 0.451972 
114.49 82.5414 -131.467 -0.722498 -0.520884 0.454724 
113.433 82.5734 -130.298 -0.721091 -0.524918 0.452311 
114.213 82.5131 -131.108 -0.722192 -0.521748 0.454219 
113.44 82.4716 -130.238 -0.721319 -0.524401 0.452548 
113.947 82.4553 -130.75 -0.721964 -0.522435 0.453791 
113.405 82.3715 -130.126 -0.721482 -0.524046 0.4527 
113.701 82.3816 -130.411 -0.721797 -0.522974 0.453436 
113.34 82.2756 -129.981 -0.721596 -0.523817 0.452784 
113.479 82.3004 -130.098 -0.721676 -0.523392 0.453146 
113.257 82.1841 -129.816 -0.721674 -0.523679 0.452818 
113.28 82.218 -129.811 -0.721587 -0.523723 0.452906 
113.161 82.0965 -129.642 -0.721729 -0.523603 0.452817 
113.1 82.1371 -129.548 -0.721519 -0.52399 0.452705 
113.059 82.0132 -129.465 -0.721768 -0.52357 0.452794 
112.937 82.0596 -129.306 -0.721465 -0.524213 0.452534 
112.956 81.9334 -129.289 -0.721798 -0.523562 0.452756 
112.787 81.9863 -129.082 -0.721418 -0.524409 0.452382 
112.853 81.8562 -129.117 -0.721824 -0.523563 0.452713 
112.647 81.9175 -128.872 -0.721374 -0.524588 0.452244 
112.754 81.7815 -128.952 -0.721851 -0.523564 0.45267 
112.514 81.8539 -128.674 -0.721328 -0.524764 0.452113 
112.66 81.7091 -128.795 -0.721879 -0.523559 0.45263 
112.388 81.7954 -128.485 -0.721279 -0.524941 0.451986 
112.572 81.6381 -128.648 -0.721915 -0.523537 0.452598 
112.267 81.7418 -128.305 -0.721224 -0.525125 0.45186 
112.493 81.5687 -128.513 -0.721959 -0.523495 0.452577 
112.148 81.6941 -128.131 -0.721159 -0.525326 0.451729 
112.422 81.5003 -128.39 -0.722014 -0.523424 0.45257 
112.032 81.6525 -127.962 -0.721082 -0.52555 0.451592 
112.362 81.4323 -128.281 -0.722084 -0.523318 0.452582 
111.916 81.6177 -127.797 -0.72099 -0.525803 0.451444 
112.314 81.3643 -128.189 -0.722173 -0.523166 0.452615 
111.799 81.5907 -127.636 -0.720878 -0.526095 0.451283 
112.281 81.2958 -128.115 -0.722284 -0.52296 0.452676 
111.681 81.5728 -127.476 -0.720742 -0.526435 0.451103 
112.266 81.2263 -128.064 -0.722424 -0.522685 0.45277 
111.561 81.5657 -127.319 -0.720576 -0.526836 0.450901 
112.272 81.1555 -128.04 -0.722599 -0.522327 0.452905 
111.438 81.5719 -127.165 -0.720373 -0.52731 0.450671 
112.305 81.0837 -128.05 -0.722814 -0.521868 0.45309 
111.312 81.5946 -127.016 -0.720127 -0.527872 0.450407 
112.371 81.0111 -128.102 -0.723079 -0.521286 0.453337 
111.186 81.637 -126.876 -0.719831 -0.52853 0.450108 
112.478 80.94 -128.209 -0.7234 -0.520563 0.453658 
111.063 81.7036 -126.752 -0.719483 -0.52929 0.449772 
112.637 80.8747 -128.385 -0.723778 -0.519683 0.454062 
110.952 81.7991 -126.66 -0.719083 -0.530143 0.449405 
112.856 80.8233 -128.646 -0.724207 -0.51865 0.454559 
110.868 81.9265 -126.62 -0.71865 -0.531049 0.449028 
113.145 80.7981 -129.009 -0.724669 -0.517492 0.455143 
110.834 82.0863 -126.663 -0.71822 -0.531929 0.448675 
113.506 80.8178 -129.483 -0.725117 -0.516293 0.455791 
110.88 82.2723 -126.826 -0.717857 -0.532645 0.448407 
113.926 80.9046 -130.062 -0.725481 -0.515202 0.456445 
111.036 82.4689 -127.142 -0.71765 -0.533015 0.448299 
114.371 81.078 -130.708 -0.72567 -0.514431 0.457013 
111.319 82.6524 -127.622 -0.717682 -0.532866 0.448423 
114.785 81.3399 -131.35 -0.72561 -0.514187 0.457383 
111.716 82.7961 -128.23 -0.71799 -0.532126 0.44881 
115.103 81.6647 -131.889 -0.72528 -0.514581 0.457464 
112.175 82.8811 -128.887 -0.718526 -0.530887 0.449418 
115.27 82.0007 -132.238 -0.724733 -0.515559 0.457229 
112.626 82.9038 -129.493 -0.719178 -0.529384 0.450147 
115.27 82.2889 -132.351 -0.724082 -0.516909 0.456737 
113.008 82.8715 -129.967 -0.719831 -0.527869 0.450882 
115.123 82.492 -132.246 -0.723436 -0.51838 0.456092 
113.288 82.7998 -130.279 -0.720403 -0.526527 0.451537 
114.877 82.6013 -131.978 -0.722869 -0.519773 0.455405 
113.464 82.7038 -130.437 -0.720866 -0.525438 0.452068 
114.58 82.6313 -131.617 -0.722411 -0.520977 0.454755 
113.551 82.5964 -130.472 -0.721219 -0.524609 0.452467 
114.273 82.6052 -131.222 -0.722062 -0.52196 0.454183 
113.571 82.4868 -130.421 -0.721478 -0.52401 0.452747 
113.98 82.545 -130.831 -0.721804 -0.522733 0.453703 
113.543 82.3805 -130.312 -0.721663 -0.523598 0.452929 
113.713 82.4677 -130.465 -0.721616 -0.523334 0.453309 
113.483 82.2791 -130.168 -0.721794 -0.523325 0.453036 
113.475 82.3832 -130.131 -0.72148 -0.523798 0.45299 
113.403 82.1836 -130.005 -0.721886 -0.523153 0.453088 
113.263 82.2988 -129.828 -0.721378 -0.524165 0.452729 
113.312 82.0929 -129.834 -0.721954 -0.523047 0.453103 
113.074 82.2176 -129.554 -0.721297 -0.524464 0.45251 
113.215 82.0068 -129.661 -0.722006 -0.522982 0.453094 
112.904 82.1414 -129.304 -0.721229 -0.52472 0.452322 
113.118 81.9243 -129.491 -0.722051 -0.522938 0.453074 
112.747 82.071 -129.074 -0.721165 -0.524953 0.452153 
113.023 81.8443 -129.328 -0.722096 -0.522895 0.453051 
112.601 82.0069 -128.858 -0.721101 -0.525177 0.451996 
112.935 81.7663 -129.176 -0.722146 -0.522842 0.453033 
112.462 81.9499 -128.655 -0.72103 -0.525407 0.451842 
112.855 81.69 -129.035 -0.722205 -0.522768 0.453025 
112.329 81.8996 -128.461 -0.72095 -0.52565 0.451687 
112.785 81.6152 -128.909 -0.722276 -0.522664 0.453032 
112.199 81.8573 -128.275 -0.720855 -0.525917 0.451527 
112.728 81.5412 -128.801 -0.722363 -0.522519 0.453059 
112.071 81.8235 -128.096 -0.720743 -0.526217 0.451356 
112.686 81.4676 -128.712 -0.722473 -0.522321 0.453113 
111.945 81.7989 -127.923 -0.720611 -0.526556 0.451172 
112.661 81.3946 -128.647 -0.722606 -0.522063 0.453197 
111.819 81.7857 -127.757 -0.720452 -0.526946 0.450969 
112.658 81.3222 -128.61 -0.722769 -0.521732 0.453319 
111.694 81.7853 -127.597 -0.720264 -0.527396 0.450746 
112.68 81.2508 -128.607 -0.722967 -0.521313 0.453486 
111.571 81.8001 -127.448 -0.72004 -0.527911 0.450499 
112.733 81.1817 -128.644 -0.723203 -0.520794 0.453706 
111.451 81.8328 -127.312 -0.719781 -0.528497 0.450227 
112.823 81.1171 -128.731 -0.72348 -0.520165 0.453985 
111.34 81.8861 -127.198 -0.719484 -0.52915 0.449934 
112.956 81.0614 -128.878 -0.723797 -0.519423 0.45433 
111.246 81.9628 -127.118 -0.719158 -0.529854 0.449627 
113.138 81.0212 -129.095 -0.724144 -0.518578 0.454741 
111.18 82.064 -127.088 -0.718817 -0.530573 0.449324 
113.373 81.006 -129.391 -0.724503 -0.517665 0.455209 
111.158 82.1885 -127.13 -0.718492 -0.531242 0.449053 
113.658 81.0282 -129.768 -0.724841 -0.516749 0.455713 
111.2 82.3304 -127.265 -0.718228 -0.531764 0.448857 
113.981 81.1019 -130.216 -0.725105 -0.51594 0.456208 
111.323 82.4791 -127.511 -0.71808 -0.532027 0.448783 
114.317 81.2358 -130.705 -0.725244 -0.51537 0.456632 
111.534 82.6181 -127.87 -0.718098 -0.531926 0.448873 
114.629 81.4294 -131.186 -0.72521 -0.515168 0.456914 
111.824 82.7305 -128.319 -0.718303 -0.531419 0.449146 
114.874 81.6657 -131.597 -0.724989 -0.515406 0.456996 
112.162 82.8029 -128.805 -0.718671 -0.530557 0.449577 
115.017 81.9127 -131.879 -0.724613 -0.516056 0.456859 
112.502 82.8304 -129.267 -0.719139 -0.529472 0.450108 
115.041 82.1344 -131.999 -0.724143 -0.517007 0.456529 
112.803 82.8159 -129.65 -0.719632 -0.528326 0.450665 
114.956 82.3031 -131.959 -0.723651 -0.518101 0.456068 
113.039 82.7676 -129.921 -0.720092 -0.527255 0.451185 
114.786 82.4073 -131.785 -0.723194 -0.519197 0.455547 
113.199 82.6961 -130.078 -0.720483 -0.526342 0.451626 
114.564 82.451 -131.523 -0.722803 -0.520197 0.455026 
113.287 82.6102 -130.132 -0.720797 -0.525612 0.451974 
114.319 82.4455 -131.213 -0.72249 -0.521051 0.454546 
113.317 82.5179 -130.106 -0.721037 -0.525064 0.452228 
114.073 82.4058 -130.887 -0.722249 -0.52175 0.454126 
113.299 82.4242 -130.022 -0.721213 -0.524676 0.452398 
113.838 82.3449 -130.566 -0.72207 -0.522308 0.453769 
113.248 82.3326 -129.896 -0.721337 -0.524419 0.452499 
113.622 82.2716 -130.263 -0.72194 -0.522744 0.453474 
113.173 82.2439 -129.745 -0.721422 -0.524262 0.452545 
113.425 82.193 -129.98 -0.721847 -0.523084 0.45323 
113.083 82.1593 -129.578 -0.721477 -0.524183 0.452549 
113.246 82.1128 -129.72 -0.721781 -0.52335 0.453029 
112.982 82.0786 -129.402 -0.72151 -0.52416 0.452524 
113.085 82.0335 -129.479 -0.721735 -0.523558 0.452861 
112.875 82.0015 -129.222 -0.721527 -0.524175 0.452478 
112.937 81.9562 -129.257 -0.721703 -0.523724 0.45272 
112.766 81.9284 -129.043 -0.721534 -0.524219 0.452417 
112.802 81.8816 -129.051 -0.721681 -0.523858 0.4526 
112.657 81.8582 -128.866 -0.721533 -0.524279 0.452348 
112.678 81.8102 -128.859 -0.721666 -0.52397 0.452495 
112.548 81.7914 -128.694 -0.721528 -0.524351 0.452274 
112.562 81.7414 -128.68 -0.721657 -0.524061 0.452403 
112.442 81.7282 -128.526 -0.721517 -0.524432 0.452196 
112.454 81.6758 -128.511 -0.721652 -0.524138 0.452321 
112.339 81.6681 -128.364 -0.721503 -0.524519 0.452117 
112.353 81.6128 -128.353 -0.721651 -0.524203 0.452249 
112.238 81.6112 -128.208 -0.721487 -0.524611 0.452037 
112.259 81.5523 -128.205 -0.721654 -0.524254 0.452185 
112.141 81.5572 -128.057 -0.721468 -0.524706 0.451957 
112.172 81.4936 -128.066 -0.721661 -0.524292 0.452129 
112.046 81.5068 -127.912 -0.721445 -0.524808 0.451876 
112.09 81.4376 -127.935 -0.721672 -0.52432 0.45208 
111.954 81.4601 -127.772 -0.721417 -0.524918 0.451793 
112.015 81.3829 -127.814 -0.721688 -0.524331 0.452041 
111.864 81.4166 -127.637 -0.721384 -0.525035 0.451708 
111.947 81.3295 -127.701 -0.721711 -0.524325 0.45201 
111.776 81.3768 -127.505 -0.721346 -0.525164 0.45162 
111.885 81.2771 -127.598 -0.721742 -0.524299 0.451991 
111.689 81.341 -127.377 -0.721299 -0.525309 0.451527 
111.83 81.2254 -127.504 -0.721783 -0.52425 0.451983 
111.602 81.3101 -127.251 -0.72124 -0.525476 0.451425 
111.784 81.1734 -127.422 -0.721837 -0.524169 0.451992 
111.514 81.284 -127.127 -0.721169 -0.525669 0.451314 
111.748 81.1207 -127.352 -0.721907 -0.52405 0.452018 
111.424 81.2641 -127.002 -0.72108 -0.5259 0.451189 
111.723 81.0669 -127.295 -0.721996 -0.523884 0.452067 
111.331 81.2512 -126.877 -0.720969 -0.526174 0.451046 
111.712 81.0108 -127.256 -0.722112 -0.523657 0.452145 
111.233 81.2474 -126.75 -0.720828 -0.52651 0.450879 
111.719 80.9514 -127.238 -0.722262 -0.52335 0.45226 
111.129 81.2546 -126.621 -0.720651 -0.526921 0.450682 
111.748 80.8884 -127.247 -0.722454 -0.522947 0.452421 
111.017 81.2756 -126.488 -0.720428 -0.527426 0.450447 
111.805 80.821 -127.291 -0.722698 -0.522418 0.452641 
110.897 81.3151 -126.353 -0.720148 -0.528048 0.450166 
111.9 80.7488 -127.382 -0.723008 -0.521733 0.452937 
110.77 81.3781 -126.221 -0.719799 -0.528808 0.449832 
112.044 80.6744 -127.536 -0.723394 -0.520859 0.453327 
110.639 81.4711 -126.1 -0.719372 -0.529721 0.449441 
112.253 80.6022 -127.773 -0.723864 -0.519766 0.45383 
110.517 81.6011 -126.009 -0.718868 -0.530781 0.448997 
112.541 80.5424 -128.12 -0.724416 -0.518442 0.454464 
110.423 81.7751 -125.978 -0.718302 -0.531947 0.448523 
112.926 80.5135 -128.606 -0.725022 -0.516921 0.455228 
110.393 81.9943 -126.055 -0.717731 -0.533095 0.448073 
113.414 80.546 -129.251 -0.725615 -0.515328 0.45609 
110.476 82.2495 -126.304 -0.717262 -0.534003 0.447743 
113.986 80.6786 -130.046 -0.726073 -0.513911 0.456958 
110.725 82.5147 -126.781 -0.717047 -0.534359 0.447662 
114.586 80.9439 -130.931 -0.726248 -0.513024 0.457677 
111.165 82.7479 -127.498 -0.717225 -0.533882 0.447947 
115.118 81.3412 -131.778 -0.726023 -0.513001 0.458059 
111.757 82.909 -128.379 -0.717814 -0.532525 0.448618 
115.476 81.8132 -132.425 -0.725407 -0.513942 0.45798 
112.399 82.9789 -129.269 -0.718676 -0.530566 0.449558 
115.593 82.2609 -132.751 -0.724546 -0.515617 0.457461 
112.974 82.965 -130.012 -0.719594 -0.528452 0.450577 
115.478 82.5981 -132.735 -0.723641 -0.517602 0.45665 
113.408 82.89 -130.523 -0.720408 -0.526545 0.45151 
115.193 82.7926 -132.451 -0.722839 -0.519526 0.455736 
113.69 82.7781 -130.804 -0.721055 -0.525003 0.452271 
114.823 82.8614 -132.013 -0.722202 -0.521175 0.454862 
113.842 82.6505 -130.905 -0.721539 -0.523843 0.452845 
114.435 82.8445 -131.524 -0.721728 -0.52249 0.454104 
113.901 82.5227 -130.885 -0.721885 -0.523014 0.45325 
114.073 82.7793 -131.048 -0.721391 -0.523492 0.453485 
113.898 82.4029 -130.794 -0.722128 -0.522445 0.45352 
113.754 82.6927 -130.618 -0.721156 -0.524238 0.452998 
113.856 82.2945 -130.664 -0.722294 -0.52207 0.453687 
113.483 82.6012 -130.243 -0.720991 -0.524792 0.452618 
113.792 82.1967 -130.515 -0.722409 -0.521828 0.453782 
113.253 82.5127 -129.921 -0.720874 -0.525208 0.452322 
113.715 82.1081 -130.36 -0.722491 -0.521675 0.453828 
113.057 82.4316 -129.641 -0.720785 -0.525534 0.452085 
113.634 82.0262 -130.207 -0.722554 -0.521572 0.453845 
112.888 82.359 -129.397 -0.72071 -0.525806 0.451889 
113.554 81.9495 -130.06 -0.722609 -0.521494 0.453848 
112.737 82.2954 -129.178 -0.720639 -0.526049 0.451718 
113.478 81.8765 -129.924 -0.722665 -0.521417 0.453848 
112.6 82.2407 -128.98 -0.720566 -0.526285 0.45156 
113.41 81.8062 -129.801 -0.722727 -0.521325 0.453854 
112.474 82.1949 -128.798 -0.720486 -0.526526 0.451407 
113.353 81.7381 -129.694 -0.722801 -0.521205 0.453874 
112.354 82.1583 -128.629 -0.720393 -0.526784 0.451253 
113.31 81.6726 -129.606 -0.722888 -0.52105 0.453912 
112.24 82.1313 -128.471 -0.720286 -0.527066 0.451094 
113.282 81.6092 -129.541 -0.722994 -0.520849 0.453976 
112.132 82.1147 -128.325 -0.720162 -0.527379 0.450927 
113.273 81.5488 -129.501 -0.723119 -0.520596 0.454067 
112.029 82.1088 -128.192 -0.720021 -0.527722 0.450752 
113.284 81.4927 -129.49 -0.723263 -0.520289 0.454189 
111.933 82.115 -128.074 -0.719862 -0.528097 0.450567 
113.319 81.4419 -129.511 -0.723428 -0.519924 0.454344 
111.847 82.1336 -127.975 -0.719688 -0.528496 0.450377 
113.379 81.3991 -129.569 -0.723609 -0.519506 0.454534 
111.773 82.1657 -127.899 -0.719501 -0.528912 0.450186 
113.466 81.3665 -129.666 -0.723804 -0.519041 0.454756 
111.718 82.2107 -127.854 -0.719312 -0.529326 0.450001 
113.58 81.3486 -129.804 -0.724001 -0.518548 0.455004 
111.686 82.2682 -127.846 -0.719131 -0.529714 0.449835 
113.718 81.3488 -129.982 -0.724189 -0.518051 0.45527 
111.684 82.3361 -127.883 -0.718972 -0.530044 0.4497 
113.878 81.3715 -130.196 -0.724352 -0.517588 0.455537 
111.717 82.41 -127.97 -0.718855 -0.530275 0.449615 
114.048 81.4202 -130.436 -0.72447 -0.517207 0.455783 
111.79 82.4851 -128.109 -0.718798 -0.53037 0.449595 
114.218 81.4947 -130.685 -0.724526 -0.516951 0.455985 
111.901 82.5548 -128.296 -0.718813 -0.530303 0.449649 
114.372 81.5921 -130.923 -0.724507 -0.516859 0.456119 
112.044 82.6128 -128.517 -0.718905 -0.530066 0.449782 
114.494 81.7055 -131.127 -0.72441 -0.516955 0.456165 
112.207 82.6539 -128.755 -0.719066 -0.529677 0.449983 
114.572 81.8238 -131.276 -0.724243 -0.51723 0.456116 
112.376 82.6748 -128.987 -0.719279 -0.529173 0.450235 
114.6 81.9344 -131.356 -0.724028 -0.517652 0.45598 
112.534 82.6755 -129.192 -0.719519 -0.528612 0.45051 
114.575 82.0274 -131.363 -0.723784 -0.518176 0.455772 
112.668 82.6571 -129.353 -0.719764 -0.528043 0.450786 
114.506 82.0949 -131.302 -0.723539 -0.518742 0.455517 
112.771 82.6231 -129.463 -0.719993 -0.527514 0.451039 
114.4 82.1349 -131.185 -0.723309 -0.519307 0.455239 
112.838 82.5776 -129.52 -0.720193 -0.527056 0.451254 
114.271 82.1479 -131.027 -0.723107 -0.519831 0.454961 
112.87 82.524 -129.527 -0.72036 -0.526683 0.451425 
114.129 82.1381 -130.843 -0.722939 -0.520294 0.454698 
112.872 82.466 -129.49 -0.720488 -0.526402 0.451548 
113.984 82.1095 -130.647 -0.722808 -0.520683 0.454462 
112.846 82.4063 -129.419 -0.720581 -0.526208 0.451626 
113.841 82.0671 -130.448 -0.722711 -0.520997 0.454257 
112.798 82.3465 -129.321 -0.720643 -0.526093 0.451661 
113.706 82.0149 -130.254 -0.722646 -0.521236 0.454086 
112.733 82.2889 -129.202 -0.720673 -0.526053 0.451659 
113.581 81.9558 -130.071 -0.722609 -0.521406 0.453948 
112.654 82.2345 -129.068 -0.720678 -0.526076 0.451625 
113.469 81.8925 -129.901 -0.7226 -0.52151 0.453844 
112.565 82.1843 -128.925 -0.720658 -0.526156 0.451563 
113.371 81.8266 -129.747 -0.722614 -0.521552 0.453772 
112.469 82.1393 -128.776 -0.720616 -0.526288 0.451476 
113.288 81.7594 -129.611 -0.722652 -0.521535 0.453732 
112.367 82.1007 -128.624 -0.720552 -0.52647 0.451367 
113.22 81.6918 -129.494 -0.722713 -0.521459 0.453722 
112.262 82.0689 -128.472 -0.720467 -0.526697 0.451238 
113.17 81.6249 -129.4 -0.722796 -0.521324 0.453745 
112.155 82.0455 -128.322 -0.72036 -0.526969 0.451091 
113.138 81.5587 -129.33 -0.722905 -0.521124 0.453802 
112.048 82.0318 -128.178 -0.720229 -0.52729 0.450924 
113.128 81.4948 -129.288 -0.723037 -0.520861 0.453894 
111.942 82.0287 -128.042 -0.720077 -0.527655 0.450742 
113.141 81.4337 -129.278 -0.723196 -0.520525 0.454025 
111.841 82.0383 -127.917 -0.7199 -0.528066 0.450543 
113.179 81.3776 -129.303 -0.72338 -0.52012 0.454196 
111.747 82.0618 -127.809 -0.719701 -0.528516 0.450331 
113.248 81.3285 -129.369 -0.723588 -0.519643 0.45441 
111.664 82.0999 -127.725 -0.719487 -0.528994 0.450114 
113.347 81.2904 -129.48 -0.723814 -0.519106 0.454665 
111.6 82.1539 -127.672 -0.719262 -0.529483 0.449898 
113.479 81.2675 -129.64 -0.724049 -0.518522 0.454956 
111.561 82.2228 -127.661 -0.719042 -0.52995 0.449699 
113.644 81.265 -129.85 -0.724279 -0.517923 0.455273 
111.556 82.3049 -127.702 -0.718845 -0.530358 0.449533 
113.834 81.2893 -130.106 -0.724482 -0.517354 0.455597 
111.593 82.3952 -127.804 -0.718696 -0.530651 0.449425 
114.042 81.3456 -130.396 -0.724631 -0.516877 0.455901 
111.68 82.4875 -127.97 -0.718621 -0.530778 0.449395 
114.25 81.4352 -130.702 -0.724703 -0.516554 0.456152 
111.815 82.5732 -128.198 -0.718638 -0.5307 0.44946 
114.44 81.5553 -130.995 -0.72468 -0.516441 0.456318 
111.992 82.6441 -128.472 -0.718755 -0.530403 0.449625 
114.591 81.6961 -131.246 -0.724557 -0.516564 0.456373 
112.195 82.6932 -128.766 -0.71896 -0.52991 0.449877 
114.685 81.8434 -131.427 -0.724345 -0.51692 0.456307 
112.403 82.7165 -129.052 -0.71923 -0.529277 0.450191 
114.713 81.9798 -131.52 -0.724072 -0.517458 0.45613 
112.595 82.7147 -129.3 -0.719528 -0.52858 0.450533 
114.677 82.0918 -131.519 -0.723771 -0.518113 0.455865 
112.755 82.6899 -129.491 -0.719826 -0.527889 0.450868 
114.586 82.1701 -131.435 -0.723473 -0.518807 0.455548 
112.874 82.647 -129.615 -0.720099 -0.527259 0.451169 
114.453 82.213 -131.285 -0.723201 -0.519483 0.45521 
112.949 82.5914 -129.674 -0.720331 -0.526726 0.451421 
114.295 82.2236 -131.09 -0.722966 -0.520099 0.454879 
112.982 82.5274 -129.675 -0.720519 -0.526301 0.451616 
114.126 82.207 -130.868 -0.722777 -0.52063 0.454572 
112.979 82.4595 -129.626 -0.720663 -0.525987 0.451753 
113.955 82.1704 -130.637 -0.72263 -0.521071 0.454301 
112.946 82.39 -129.539 -0.720766 -0.525773 0.451838 
113.791 82.1193 -130.407 -0.722522 -0.521423 0.454068 
112.889 82.3218 -129.424 -0.720833 -0.525649 0.451875 
113.636 82.0583 -130.186 -0.72245 -0.52169 0.453875 
112.815 82.2559 -129.288 -0.720869 -0.525602 0.451872 
113.495 81.9916 -129.978 -0.722408 -0.521885 0.45372 
112.727 82.1935 -129.138 -0.720878 -0.52562 0.451836 
113.368 81.9215 -129.785 -0.722391 -0.522012 0.453599 
112.629 82.1354 -128.979 -0.720863 -0.525695 0.451773 
113.255 81.8495 -129.609 -0.722399 -0.522079 0.453511 
112.524 82.0823 -128.815 -0.720828 -0.525819 0.451685 
113.157 81.7771 -129.452 -0.722427 -0.52209 0.453452 
112.414 82.035 -128.649 -0.720772 -0.525989 0.451576 
113.074 81.7042 -129.314 -0.722478 -0.522043 0.453425 
112.301 81.9947 -128.482 -0.720695 -0.526205 0.451448 
113.007 81.6317 -129.196 -0.722551 -0.52194 0.453427 
112.185 81.9617 -128.316 -0.720597 -0.526464 0.451301 
112.958 81.56 -129.101 -0.722646 -0.521779 0.453461 
112.068 81.9378 -128.154 -0.720476 -0.526772 0.451135 
112.928 81.4893 -129.03 -0.722767 -0.521552 0.45353 
111.951 81.9239 -127.997 -0.720332 -0.527127 0.450951 
112.92 81.4198 -128.989 -0.722917 -0.521251 0.453637 
111.835 81.9223 -127.848 -0.720159 -0.527538 0.450746 
112.937 81.3528 -128.981 -0.723096 -0.520873 0.453786 
111.722 81.9345 -127.71 -0.719958 -0.528004 0.450522 
112.983 81.2898 -129.012 -0.723306 -0.520409 0.453982 
111.614 81.9625 -127.588 -0.719729 -0.528523 0.45028 
113.062 81.2328 -129.089 -0.723549 -0.519856 0.454229 
111.518 82.008 -127.489 -0.719475 -0.529085 0.450025 
113.178 81.1865 -129.218 -0.723819 -0.519219 0.454528 
111.44 82.0729 -127.424 -0.719202 -0.529675 0.449767 
113.335 81.1562 -129.407 -0.724106 -0.518513 0.454877 
111.389 82.1571 -127.406 -0.718928 -0.530257 0.44952 
113.533 81.1494 -129.658 -0.724393 -0.517772 0.455264 
111.379 82.2583 -127.45 -0.718676 -0.530775 0.44931 
113.767 81.1744 -129.97 -0.724653 -0.517051 0.455668 
111.421 82.3719 -127.57 -0.71848 -0.531164 0.449166 
114.026 81.24 -130.332 -0.724851 -0.516433 0.456055 
111.525 82.4886 -127.775 -0.718377 -0.531341 0.449121 
114.29 81.351 -130.718 -0.724947 -0.516012 0.456378 
111.696 82.5973 -128.062 -0.718398 -0.531245 0.449201 
114.532 81.504 -131.093 -0.724916 -0.515867 0.456591 
111.922 82.6859 -128.412 -0.718554 -0.530853 0.449414 
114.723 81.6859 -131.411 -0.72475 -0.516043 0.456656 
112.183 82.7452 -128.789 -0.718829 -0.530201 0.449744 
114.837 81.876 -131.635 -0.724467 -0.516527 0.456558 
112.449 82.7705 -129.151 -0.719184 -0.529373 0.450152 
114.864 82.0493 -131.74 -0.724109 -0.517243 0.456315 
112.689 82.7631 -129.458 -0.719568 -0.528479 0.450588 
114.807 82.1862 -131.722 -0.723724 -0.518089 0.455965 
112.883 82.728 -129.686 -0.719939 -0.527617 0.451006 
114.681 82.2768 -131.6 -0.723355 -0.518963 0.455558 
113.021 82.6722 -129.826 -0.720266 -0.526858 0.451371 
114.509 82.3211 -131.4 -0.723027 -0.519789 0.455137 
113.103 82.6024 -129.883 -0.720538 -0.526232 0.451667 
114.311 82.3249 -131.152 -0.722755 -0.520517 0.454736 
113.134 82.5248 -129.872 -0.720751 -0.525748 0.45189 
114.105 82.2978 -130.881 -0.722541 -0.52113 0.454375 
113.124 82.4444 -129.805 -0.72091 -0.525399 0.452042 
113.903 82.2496 -130.606 -0.722377 -0.521629 0.454062 
113.081 82.3636 -129.699 -0.721024 -0.525164 0.452134 
113.713 82.1874 -130.339 -0.722259 -0.522023 0.453798 
113.014 82.2851 -129.564 -0.721098 -0.525028 0.452173 
113.537 82.1168 -130.086 -0.722178 -0.522324 0.45358 
112.93 82.2095 -129.409 -0.721141 -0.52497 0.452172 
113.376 82.0422 -129.85 -0.722125 -0.52255 0.453403 
112.833 82.1377 -129.243 -0.721159 -0.524975 0.452138 
113.231 81.9658 -129.632 -0.722098 -0.522712 0.45326 
112.727 82.0699 -129.07 -0.721157 -0.52503 0.452078 
113.101 81.8891 -129.432 -0.72209 -0.52282 0.453148 
112.617 82.0066 -128.893 -0.721137 -0.525127 0.451997 
112.984 81.8132 -129.249 -0.722099 -0.522881 0.453063 
112.502 81.9482 -128.716 -0.721101 -0.52526 0.451899 
112.881 81.7378 -129.083 -0.722126 -0.522896 0.453003 
112.386 81.8953 -128.539 -0.721049 -0.525428 0.451787 
112.791 81.6637 -128.935 -0.722168 -0.52287 0.452966 
112.268 81.8481 -128.363 -0.720983 -0.525628 0.45166 
112.714 81.59 -128.803 -0.722229 -0.522796 0.452955 
112.148 81.8078 -128.19 -0.720898 -0.525866 0.451519 
112.653 81.5171 -128.691 -0.722308 -0.522674 0.452969 
112.028 81.775 -128.02 -0.720793 -0.526144 0.451362 
112.607 81.4446 -128.599 -0.72241 -0.522496 0.453012 
111.906 81.7511 -127.852 -0.720666 -0.526469 0.451187 
112.579 81.3722 -128.53 -0.722538 -0.522252 0.453088 
111.784 81.7376 -127.689 -0.720512 -0.526847 0.450991 
112.572 81.2998 -128.49 -0.722697 -0.521932 0.453203 
111.66 81.7365 -127.53 -0.720326 -0.527288 0.450772 
112.591 81.2278 -128.482 -0.722892 -0.521523 0.453364 
111.536 81.7502 -127.379 -0.720105 -0.527799 0.450527 
112.64 81.1571 -128.514 -0.723127 -0.521011 0.453578 
111.414 81.7815 -127.24 -0.719844 -0.528387 0.450254 
112.726 81.0899 -128.595 -0.723405 -0.520383 0.453854 
111.299 81.8337 -127.119 -0.719543 -0.529051 0.449956 
112.856 81.03 -128.735 -0.723728 -0.519633 0.454199 
111.197 81.9099 -127.029 -0.719206 -0.52978 0.449638 
113.037 80.9837 -128.948 -0.724089 -0.518765 0.454616 
111.121 82.012 -126.986 -0.718846 -0.53054 0.449316 
113.273 80.9607 -129.243 -0.72447 -0.517808 0.4551 
111.086 82.1398 -127.012 -0.718493 -0.53127 0.449019 
113.565 80.974 -129.625 -0.724839 -0.516824 0.455631 
111.115 82.2883 -127.133 -0.718193 -0.53187 0.448789 
113.903 81.0394 -130.089 -0.725143 -0.515925 0.456165 
111.228 82.4472 -127.371 -0.718004 -0.532218 0.448679 
114.262 81.169 -130.606 -0.725323 -0.515252 0.45664 
111.436 82.5992 -127.734 -0.717987 -0.532188 0.448741 
114.605 81.3655 -131.128 -0.725322 -0.514955 0.456976 
111.735 82.7254 -128.201 -0.718174 -0.531717 0.449 
114.882 81.6139 -131.587 -0.725117 -0.515132 0.457103 
112.092 82.8098 -128.722 -0.718548 -0.53084 0.449439 
115.054 81.8807 -131.914 -0.724732 -0.515771 0.456991 
112.46 82.8461 -129.226 -0.719041 -0.529698 0.449998 
115.099 82.1259 -132.069 -0.724235 -0.51676 0.456662 
112.791 82.836 -129.65 -0.719571 -0.528469 0.450596 
115.021 82.3156 -132.047 -0.723706 -0.517924 0.456182 
113.052 82.7886 -129.955 -0.720068 -0.52731 0.451159 
114.849 82.4352 -131.877 -0.723212 -0.519099 0.45563 
113.231 82.715 -130.136 -0.720493 -0.526316 0.45164 
114.618 82.4877 -131.606 -0.72279 -0.520173 0.455074 
113.334 82.626 -130.205 -0.720833 -0.525523 0.45202 
114.361 82.4863 -131.282 -0.722452 -0.521091 0.454561 
113.371 82.53 -130.187 -0.721093 -0.524927 0.452299 
114.102 82.4474 -130.941 -0.722193 -0.521841 0.454112 
113.359 82.4327 -130.106 -0.721283 -0.524503 0.452488 
113.855 82.3852 -130.605 -0.722 -0.522436 0.453733 
113.311 82.3378 -129.982 -0.721418 -0.524219 0.452602 
113.628 82.3107 -130.289 -0.721859 -0.522904 0.453419 
113.238 82.2461 -129.83 -0.721511 -0.524042 0.452658 
113.423 82.2307 -129.995 -0.721757 -0.523269 0.45316 
113.149 82.1588 -129.662 -0.721574 -0.523945 0.452671 
113.237 82.1496 -129.725 -0.721684 -0.523555 0.452946 
113.049 82.0754 -129.486 -0.721614 -0.523904 0.452654 
113.069 82.0698 -129.477 -0.721629 -0.523785 0.452767 
112.944 81.9956 -129.308 -0.721641 -0.5239 0.452616 
112.916 81.9928 -129.248 -0.721588 -0.523974 0.452614 
112.837 81.9192 -129.13 -0.721658 -0.52392 0.452566 
112.775 81.9192 -129.035 -0.721555 -0.524135 0.452481 
112.731 81.8462 -128.955 -0.721669 -0.523954 0.452508 
112.643 81.8493 -128.835 -0.721526 -0.524278 0.452361 
112.627 81.7756 -128.787 -0.721679 -0.523992 0.452448 
112.52 81.7836 -128.647 -0.721499 -0.52441 0.452251 
112.527 81.7079 -128.625 -0.721688 -0.524031 0.452389 
112.404 81.7216 -128.469 -0.721472 -0.524537 0.452147 
112.431 81.6422 -128.47 -0.7217 -0.524063 0.452333 
112.293 81.6631 -128.3 -0.721445 -0.52466 0.452048 
112.341 81.579 -128.324 -0.721713 -0.524089 0.452282 
112.186 81.6089 -128.138 -0.721414 -0.524786 0.451951 
112.256 81.5175 -128.186 -0.721731 -0.524102 0.452238 
112.083 81.5586 -127.983 -0.721378 -0.524919 0.451853 
112.178 81.4577 -128.058 -0.721755 -0.5241 0.452202 
111.983 81.5124 -127.833 -0.721337 -0.525061 0.451754 
112.107 81.399 -127.939 -0.721786 -0.524079 0.452177 
111.885 81.4706 -127.688 -0.721288 -0.525217 0.45165 
112.043 81.3411 -127.83 -0.721827 -0.524034 0.452164 
111.787 81.4336 -127.546 -0.721229 -0.525393 0.451541 
111.988 81.2838 -127.733 -0.72188 -0.52396 0.452165 
111.69 81.4022 -127.407 -0.721156 -0.525596 0.451421 
111.943 81.226 -127.649 -0.721949 -0.523848 0.452185 
111.591 81.3767 -127.269 -0.721067 -0.52583 0.45129 
111.909 81.1672 -127.58 -0.722037 -0.523689 0.452228 
111.491 81.3585 -127.132 -0.720958 -0.526107 0.451142 
111.89 81.1072 -127.527 -0.722149 -0.523474 0.452297 
111.386 81.3493 -126.994 -0.72082 -0.526441 0.450972 
111.888 81.0444 -127.497 -0.722294 -0.523184 0.452403 
111.277 81.3506 -126.855 -0.72065 -0.526842 0.450776 
111.907 80.979 -127.492 -0.722476 -0.522804 0.452551 
111.161 81.3658 -126.714 -0.720436 -0.527332 0.450544 
111.954 80.9097 -127.522 -0.722708 -0.522306 0.452756 
111.039 81.3982 -126.574 -0.720171 -0.527927 0.450272 
112.036 80.8376 -127.595 -0.722998 -0.521667 0.453029 
110.912 81.4521 -126.438 -0.719845 -0.528643 0.449953 
112.164 80.764 -127.728 -0.723356 -0.520857 0.453389 
110.783 81.5339 -126.314 -0.719448 -0.529497 0.449582 
112.35 80.6929 -127.937 -0.723792 -0.519848 0.453852 
110.663 81.6495 -126.218 -0.718983 -0.530482 0.449166 
112.609 80.6339 -128.247 -0.724299 -0.518634 0.454431 
110.568 81.8048 -126.177 -0.718462 -0.531561 0.448723 
112.955 80.6024 -128.681 -0.724857 -0.517241 0.455128 
110.529 82.0013 -126.231 -0.717934 -0.532633 0.448298 
113.394 80.624 -129.257 -0.725409 -0.515772 0.455916 
110.588 82.232 -126.435 -0.717484 -0.533513 0.447972 
113.911 80.7314 -129.972 -0.725855 -0.514429 0.456721 
110.79 82.476 -126.837 -0.71724 -0.533941 0.447853 
114.463 80.9538 -130.777 -0.726069 -0.513511 0.457414 
111.161 82.6987 -127.456 -0.717328 -0.533659 0.448048 
114.969 81.296 -131.569 -0.72594 -0.51332 0.457834 
111.679 82.8633 -128.239 -0.717788 -0.532584 0.448591 
115.336 81.7172 -132.209 -0.725451 -0.513992 0.457856 
112.263 82.9479 -129.063 -0.718526 -0.530897 0.449406 
115.496 82.1366 -132.579 -0.724706 -0.515385 0.457468 
112.811 82.9536 -129.785 -0.719365 -0.528971 0.450335 
115.439 82.4738 -132.639 -0.723875 -0.517161 0.456779 
113.247 82.8967 -130.312 -0.720148 -0.527146 0.451223 
115.212 82.6868 -132.434 -0.723104 -0.518968 0.45595 
113.545 82.7995 -130.626 -0.720793 -0.525619 0.451973 
114.884 82.7807 -132.058 -0.722467 -0.52058 0.455122 
113.717 82.6818 -130.76 -0.721288 -0.524439 0.452554 
114.522 82.7852 -131.607 -0.72198 -0.521903 0.454379 
113.791 82.5586 -130.765 -0.721651 -0.523577 0.452974 
114.17 82.7348 -131.149 -0.721624 -0.522935 0.453756 
113.799 82.4394 -130.689 -0.721909 -0.522973 0.45326 
113.851 82.6565 -130.721 -0.721371 -0.523719 0.453254 
113.763 82.3285 -130.565 -0.72209 -0.522567 0.453441 
113.573 82.5678 -130.338 -0.721193 -0.524309 0.452857 
113.699 82.2271 -130.416 -0.722215 -0.522303 0.453545 
113.333 82.4793 -130.002 -0.721063 -0.524759 0.452542 
113.621 82.1334 -130.256 -0.722305 -0.522132 0.453598 
113.126 82.3956 -129.707 -0.720964 -0.525113 0.452288 
113.536 82.0465 -130.095 -0.722374 -0.52202 0.453618 
112.946 82.3187 -129.446 -0.720883 -0.525406 0.452078 
113.45 81.9646 -129.938 -0.722432 -0.521937 0.453621 
112.784 82.2503 -129.212 -0.720809 -0.525666 0.451893 
113.368 81.8863 -129.79 -0.72249 -0.521859 0.453618 
112.637 82.1903 -128.998 -0.720733 -0.525915 0.451725 
113.292 81.8107 -129.654 -0.722553 -0.52177 0.453621 
112.499 82.1392 -128.8 -0.72065 -0.526169 0.451562 
113.227 81.7373 -129.533 -0.722626 -0.521655 0.453635 
112.369 82.0969 -128.615 -0.720556 -0.526437 0.451399 
113.174 81.6657 -129.431 -0.722714 -0.521505 0.453668 
112.245 82.0639 -128.441 -0.720448 -0.526729 0.451231 
113.137 81.5965 -129.35 -0.722819 -0.521311 0.453724 
112.125 82.0415 -128.278 -0.72032 -0.527054 0.451054 
113.118 81.5291 -129.294 -0.722946 -0.52106 0.453809 
112.01 82.0299 -128.126 -0.720174 -0.527415 0.450866 
113.119 81.465 -129.266 -0.723096 -0.52075 0.453927 
111.9 82.0311 -127.987 -0.720005 -0.527817 0.450666 
113.145 81.4046 -129.272 -0.723271 -0.520372 0.454082 
111.797 82.0455 -127.864 -0.719815 -0.528256 0.450454 
113.198 81.3507 -129.316 -0.723469 -0.519925 0.454278 
111.705 82.0752 -127.762 -0.719605 -0.528731 0.450234 
113.282 81.3055 -129.403 -0.723689 -0.519412 0.454514 
111.628 82.1208 -127.689 -0.719381 -0.529225 0.450011 
113.398 81.2729 -129.538 -0.723925 -0.518841 0.454791 
111.572 82.1819 -127.652 -0.719154 -0.529715 0.449798 
113.547 81.2585 -129.723 -0.724162 -0.518239 0.4551 
111.547 82.258 -127.663 -0.718939 -0.530167 0.449608 
113.726 81.2676 -129.957 -0.724385 -0.51764 0.455427 
111.56 82.3452 -127.731 -0.718759 -0.530533 0.449464 
113.928 81.3067 -130.234 -0.724568 -0.5171 0.455749 
111.621 82.4383 -127.864 -0.71864 -0.530758 0.449389 
114.141 81.3791 -130.538 -0.724686 -0.516681 0.456036 
111.731 82.5296 -128.063 -0.718606 -0.530794 0.449402 
114.346 81.485 -130.845 -0.724716 -0.516447 0.456254 
111.889 82.6102 -128.317 -0.718671 -0.53061 0.449515 
114.522 81.6181 -131.126 -0.724644 -0.516445 0.456371 
112.083 82.6721 -128.608 -0.718834 -0.53021 0.449726 
114.649 81.7657 -131.349 -0.724474 -0.516684 0.45637 
112.293 82.7098 -128.905 -0.719076 -0.529636 0.450015 
114.713 81.9118 -131.491 -0.724226 -0.51714 0.456247 
112.499 82.7209 -129.179 -0.719368 -0.528954 0.45035 
114.71 82.0395 -131.54 -0.723932 -0.517749 0.456021 
112.68 82.7073 -129.405 -0.719674 -0.528243 0.450697 
114.645 82.1371 -131.498 -0.723626 -0.518439 0.455724 
112.823 82.6731 -129.566 -0.719964 -0.527569 0.451022 
114.531 82.1994 -131.378 -0.723334 -0.519141 0.455389 
112.921 82.6229 -129.66 -0.720221 -0.526976 0.451305 
114.383 82.2264 -131.202 -0.723077 -0.519798 0.455048 
112.976 82.562 -129.69 -0.720435 -0.526488 0.451532 
114.216 82.2232 -130.989 -0.722861 -0.520381 0.454723 
112.991 82.4952 -129.666 -0.720603 -0.526114 0.4517 
114.043 82.1958 -130.76 -0.722691 -0.520873 0.45443 
112.973 82.4255 -129.597 -0.720728 -0.525846 0.451813 
113.873 82.1511 -130.526 -0.722562 -0.521274 0.454175 
112.928 82.356 -129.495 -0.720814 -0.525676 0.451874 
113.712 82.0942 -130.297 -0.722472 -0.521587 0.45396 
112.862 82.2883 -129.368 -0.720866 -0.525589 0.451892 
113.563 82.0299 -130.08 -0.722414 -0.521821 0.453784 
112.78 82.2234 -129.224 -0.720889 -0.525574 0.451873 
113.427 81.9609 -129.878 -0.722383 -0.521985 0.453644 
112.686 82.1624 -129.068 -0.720887 -0.525619 0.451824 
113.306 81.8894 -129.692 -0.722378 -0.522085 0.453537 
112.584 82.1061 -128.906 -0.720863 -0.525716 0.451748 
113.199 81.8167 -129.523 -0.722395 -0.522126 0.453462 
112.476 82.0551 -128.739 -0.720819 -0.525861 0.451651 
113.107 81.7439 -129.373 -0.722433 -0.522113 0.453417 
112.364 82.0103 -128.572 -0.720754 -0.526051 0.451533 
113.03 81.671 -129.243 -0.722493 -0.522043 0.453401 
112.249 81.9728 -128.404 -0.720668 -0.526286 0.451396 
112.97 81.5988 -129.134 -0.722575 -0.521917 0.453417 
112.133 81.9431 -128.24 -0.720562 -0.526564 0.451242 
112.929 81.527 -129.048 -0.722681 -0.521727 0.453465 
112.015 81.9231 -128.079 -0.720431 -0.526893 0.451068 
112.907 81.4565 -128.989 -0.722813 -0.521472 0.453549 
111.898 81.914 -127.924 -0.720274 -0.527273 0.450874 
112.909 81.3878 -128.96 -0.722975 -0.52114 0.453672 
111.782 81.9174 -127.778 -0.72009 -0.527705 0.450661 
112.937 81.3215 -128.967 -0.723168 -0.520725 0.453841 
111.67 81.9357 -127.645 -0.719876 -0.528196 0.450428 
112.996 81.2602 -129.016 -0.723393 -0.520223 0.454058 
111.566 81.9708 -127.53 -0.719634 -0.528738 0.450178 
113.09 81.2065 -129.113 -0.723649 -0.519632 0.454327 
111.474 82.0244 -127.442 -0.719369 -0.529321 0.449918 
113.223 81.1652 -129.266 -0.72393 -0.518959 0.454649 
111.405 82.0977 -127.393 -0.71909 -0.52992 0.449659 
113.397 81.1422 -129.481 -0.724224 -0.518224 0.455019 
111.368 82.1899 -127.397 -0.718818 -0.530491 0.44942 
113.612 81.1466 -129.76 -0.724508 -0.517473 0.455421 
111.376 82.2983 -127.469 -0.718579 -0.530977 0.449229 
113.861 81.1867 -130.097 -0.724752 -0.516771 0.455829 
111.441 82.4158 -127.623 -0.718412 -0.531297 0.449117 
114.129 81.2708 -130.477 -0.724917 -0.516211 0.456202 
111.574 82.5325 -127.864 -0.718353 -0.531375 0.449118 
114.392 81.4005 -130.869 -0.724968 -0.515882 0.456493 
111.77 82.6362 -128.184 -0.718428 -0.531161 0.449252 
114.62 81.5694 -131.233 -0.724882 -0.515861 0.456653 
112.017 82.7153 -128.555 -0.718637 -0.530653 0.449518 
114.786 81.7603 -131.523 -0.724663 -0.516167 0.456655 
112.288 82.7619 -128.937 -0.718955 -0.529906 0.44989 
114.867 81.9496 -131.704 -0.724339 -0.516763 0.456493 
112.55 82.7743 -129.286 -0.719332 -0.529027 0.450321 
114.86 82.1128 -131.76 -0.723959 -0.517556 0.456198 
112.778 82.7548 -129.568 -0.719721 -0.528123 0.450761 
114.772 82.2337 -131.697 -0.723571 -0.518437 0.455814 
112.952 82.7099 -129.763 -0.720082 -0.527284 0.451167 
114.623 82.3061 -131.538 -0.723211 -0.51931 0.455391 
113.069 82.6468 -129.871 -0.720392 -0.526566 0.45151 
114.435 82.3336 -131.312 -0.722901 -0.520111 0.454969 
113.13 82.5728 -129.899 -0.720642 -0.525992 0.45178 
114.23 82.3237 -131.049 -0.72265 -0.520801 0.454579 
113.144 82.4927 -129.863 -0.720836 -0.525558 0.451976 
114.023 82.2865 -130.772 -0.722455 -0.521373 0.454233 
113.119 82.4112 -129.778 -0.720976 -0.525255 0.452104 
113.823 82.2313 -130.497 -0.722309 -0.521832 0.453937 
113.066 82.3304 -129.658 -0.721075 -0.525059 0.452175 
113.636 82.1648 -130.233 -0.722205 -0.522192 0.453689 
112.991 82.2523 -129.514 -0.721136 -0.524955 0.452198 
113.465 82.0917 -129.985 -0.722136 -0.522463 0.453487 
112.901 82.1776 -129.354 -0.72117 -0.524922 0.452183 
113.309 82.0158 -129.754 -0.722093 -0.522666 0.453322 
112.8 82.1067 -129.184 -0.72118 -0.524946 0.452138 
113.169 81.9389 -129.542 -0.722072 -0.522809 0.45319 
112.692 82.04 -129.008 -0.721172 -0.525016 0.45207 
113.043 81.8626 -129.347 -0.722069 -0.522902 0.453087 
112.579 81.9779 -128.83 -0.721147 -0.525124 0.451984 
112.93 81.7866 -129.169 -0.722084 -0.522948 0.45301 
112.464 81.921 -128.652 -0.721107 -0.525268 0.451881 
112.831 81.7117 -129.008 -0.722115 -0.522952 0.452957 
112.347 81.8692 -128.476 -0.721052 -0.525443 0.451765 
112.745 81.638 -128.864 -0.722161 -0.522914 0.452926 
112.229 81.8237 -128.301 -0.720981 -0.525652 0.451635 
112.672 81.5651 -128.737 -0.722225 -0.522832 0.45292 
112.11 81.7847 -128.129 -0.720893 -0.525896 0.451491 
112.613 81.4923 -128.629 -0.722309 -0.522697 0.452941 
111.989 81.7537 -127.96 -0.720785 -0.526183 0.451331 
112.571 81.42 -128.542 -0.722416 -0.522507 0.45299 
111.868 81.7318 -127.793 -0.720652 -0.526517 0.451152 
112.547 81.3477 -128.479 -0.72255 -0.522249 0.453074 
111.745 81.7206 -127.631 -0.720492 -0.526907 0.450953 
112.546 81.2754 -128.445 -0.722715 -0.521913 0.453197 
111.621 81.7222 -127.473 -0.7203 -0.527361 0.450728 
112.57 81.2034 -128.444 -0.722918 -0.521484 0.453368 
111.497 81.7392 -127.324 -0.72007 -0.527889 0.450477 
112.626 81.1329 -128.485 -0.723162 -0.520948 0.453594 
111.375 81.7746 -127.186 -0.7198 -0.528496 0.450198 
112.72 81.0661 -128.576 -0.723452 -0.520292 0.453885 
111.261 81.8316 -127.069 -0.719489 -0.52918 0.449892 
112.86 81.0072 -128.731 -0.723787 -0.519511 0.454246 
111.161 81.9133 -126.985 -0.719141 -0.529928 0.449567 
113.052 80.9633 -128.96 -0.724158 -0.518611 0.454682 
111.089 82.0218 -126.951 -0.718774 -0.530701 0.449242 
113.302 80.9448 -129.274 -0.724547 -0.517627 0.455184 
111.063 82.1562 -126.992 -0.718418 -0.531432 0.448947 
113.608 80.966 -129.678 -0.724916 -0.516631 0.455728 
111.105 82.3106 -127.133 -0.718124 -0.532013 0.448729 
113.959 81.0427 -130.162 -0.72521 -0.51574 0.456269 
111.236 82.4727 -127.398 -0.717958 -0.532311 0.448643 
114.326 81.1866 -130.696 -0.725366 -0.515106 0.456736 
111.466 82.6248 -127.789 -0.717975 -0.532205 0.448739 
114.668 81.3981 -131.223 -0.725329 -0.514883 0.457046 
111.784 82.7471 -128.28 -0.718204 -0.531645 0.449039 
114.936 81.6581 -131.673 -0.725084 -0.51515 0.457134 
112.155 82.8249 -128.815 -0.718614 -0.530687 0.449515 
115.088 81.9306 -131.978 -0.724663 -0.515882 0.456976 
112.527 82.8524 -129.319 -0.719132 -0.529487 0.450101 
115.11 82.1727 -132.102 -0.724143 -0.51694 0.456605 
112.854 82.8341 -129.732 -0.719672 -0.528234 0.45071 
115.01 82.3537 -132.048 -0.723605 -0.518142 0.456095 
113.105 82.7798 -130.019 -0.720167 -0.527079 0.451271 
114.82 82.4619 -131.851 -0.723113 -0.519328 0.455526 
113.272 82.7012 -130.18 -0.720583 -0.526105 0.451743 
114.577 82.5033 -131.561 -0.7227 -0.520393 0.454965 
113.363 82.6089 -130.231 -0.720912 -0.525339 0.452109 
114.313 82.493 -131.226 -0.722373 -0.521293 0.454455 
113.39 82.511 -130.199 -0.721161 -0.524769 0.452374 
114.052 82.4478 -130.879 -0.722125 -0.522021 0.454013 
113.37 82.4132 -130.107 -0.721341 -0.524371 0.452549 
113.806 82.3819 -130.542 -0.72194 -0.522598 0.453642 
113.316 82.3177 -129.976 -0.721469 -0.524105 0.452653 
113.581 82.3048 -130.227 -0.721807 -0.523047 0.453337 
113.239 82.2264 -129.82 -0.721556 -0.523943 0.452701 
113.378 82.2239 -129.936 -0.72171 -0.523399 0.453085 
113.148 82.1391 -129.65 -0.721615 -0.523855 0.452709 
113.194 82.1427 -129.668 -0.721639 -0.523678 0.452876 
113.047 82.0559 -129.473 -0.721655 -0.523818 0.452689 
113.028 82.0634 -129.422 -0.721585 -0.523904 0.452701 
112.942 81.9762 -129.294 -0.721681 -0.523815 0.45265 
112.876 81.9874 -129.195 -0.721543 -0.524092 0.452549 
112.836 81.8997 -129.118 -0.721701 -0.523831 0.452601 
112.735 81.9154 -128.983 -0.721507 -0.524258 0.452415 
112.732 81.826 -128.946 -0.721716 -0.523857 0.452546 
112.604 81.847 -128.784 -0.721475 -0.524408 0.452293 
112.63 81.7553 -128.78 -0.72173 -0.523886 0.452491 
112.481 81.7831 -128.597 -0.721442 -0.524551 0.452179 
112.533 81.6866 -128.622 -0.721746 -0.523909 0.452439 
112.363 81.723 -128.418 -0.721409 -0.52469 0.45207 
112.441 81.6202 -128.472 -0.721765 -0.523924 0.452391 
112.25 81.6675 -128.248 -0.721372 -0.524834 0.451963 
112.356 81.5556 -128.332 -0.721789 -0.523926 0.452351 
112.141 81.6164 -128.084 -0.721329 -0.524985 0.451856 
112.277 81.4925 -128.201 -0.72182 -0.523909 0.452321 
112.034 81.5699 -127.926 -0.721279 -0.525148 0.451745 
112.206 81.4303 -128.081 -0.72186 -0.52387 0.452302 
111.93 81.5283 -127.773 -0.72122 -0.525329 0.45163 
112.144 81.3688 -127.973 -0.721912 -0.523802 0.452298 
111.826 81.4923 -127.623 -0.721148 -0.525533 0.451506 
112.092 81.3073 -127.877 -0.721978 -0.523698 0.452312 
111.721 81.4624 -127.475 -0.721061 -0.525768 0.451371 
112.051 81.2454 -127.797 -0.722063 -0.52355 0.452347 
111.615 81.4398 -127.329 -0.720954 -0.526044 0.451221 
112.024 81.1826 -127.734 -0.722171 -0.523349 0.452409 
111.506 81.4261 -127.183 -0.720822 -0.526372 0.451051 
112.014 81.1177 -127.692 -0.722308 -0.523076 0.452504 
111.393 81.4225 -127.038 -0.720658 -0.526762 0.450857 
112.025 81.0504 -127.676 -0.722482 -0.522718 0.452641 
111.276 81.4322 -126.892 -0.720455 -0.527233 0.450631 
112.062 80.9807 -127.692 -0.7227 -0.522254 0.452829 
111.153 81.4578 -126.748 -0.720205 -0.527798 0.450368 
112.132 80.9083 -127.751 -0.722973 -0.521657 0.453082 
111.026 81.5042 -126.608 -0.719898 -0.528478 0.450062 
112.245 80.8353 -127.864 -0.723307 -0.520904 0.453414 
110.898 81.5758 -126.481 -0.719529 -0.529279 0.449711 
112.411 80.7649 -128.048 -0.723712 -0.51997 0.45384 
110.778 81.679 -126.379 -0.719095 -0.530203 0.449317 
112.645 80.7054 -128.323 -0.724183 -0.518847 0.454373 
110.681 81.8182 -126.327 -0.718611 -0.531214 0.448897 
112.958 80.6701 -128.712 -0.724703 -0.517556 0.455015 
110.633 81.9958 -126.359 -0.718112 -0.532232 0.448489 
113.355 80.6806 -129.231 -0.725226 -0.51618 0.455745 
110.668 82.2068 -126.522 -0.717672 -0.533102 0.44816 
113.829 80.7655 -129.879 -0.725669 -0.514886 0.456503 
110.829 82.4345 -126.861 -0.717399 -0.5336 0.448005 
114.343 80.9516 -130.621 -0.72592 -0.51393 0.457181 
111.143 82.6496 -127.399 -0.717409 -0.533488 0.448121 
114.831 81.2484 -131.372 -0.725874 -0.513589 0.457637 
111.599 82.8184 -128.102 -0.717759 -0.532653 0.448555 
115.209 81.6279 -132.011 -0.725494 -0.514027 0.457748 
112.136 82.9169 -128.87 -0.718392 -0.531201 0.449263 
115.408 82.024 -132.423 -0.724851 -0.515174 0.457476 
112.663 82.9407 -129.576 -0.719161 -0.529436 0.450115 
115.405 82.3618 -132.551 -0.724085 -0.516764 0.456895 
113.102 82.9016 -130.121 -0.719915 -0.527685 0.450965 
115.229 82.5932 -132.419 -0.72334 -0.518471 0.456143 
113.417 82.8185 -130.469 -0.720561 -0.526164 0.451709 
114.941 82.711 -132.103 -0.722701 -0.520051 0.455355 
113.609 82.7099 -130.638 -0.721071 -0.524954 0.452303 
114.603 82.7368 -131.69 -0.7222 -0.521384 0.454625 
113.703 82.592 -130.672 -0.721452 -0.524052 0.452742 
114.262 82.7019 -131.25 -0.721825 -0.522449 0.453998 
113.724 82.4745 -130.615 -0.721727 -0.523409 0.453047 
113.945 82.6332 -130.826 -0.721553 -0.523272 0.453482 
113.696 82.3632 -130.501 -0.721921 -0.522971 0.453244 
113.662 82.5489 -130.439 -0.721359 -0.523897 0.453068 
113.637 82.2594 -130.356 -0.722057 -0.522681 0.453361 
113.416 82.4608 -130.094 -0.72122 -0.524375 0.452738 
113.56 82.1632 -130.195 -0.722153 -0.522496 0.453421 
113.201 82.3756 -129.789 -0.721114 -0.524751 0.45247 
113.473 82.073 -130.03 -0.722226 -0.522375 0.453444 
113.012 82.296 -129.516 -0.721029 -0.525059 0.452248 
113.383 81.988 -129.865 -0.722286 -0.52229 0.453447 
112.842 82.2235 -129.27 -0.720954 -0.525328 0.452056 
113.295 81.9067 -129.708 -0.722342 -0.522219 0.453441 
112.688 82.1586 -129.045 -0.72088 -0.525579 0.451882 
113.212 81.8281 -129.561 -0.722401 -0.522141 0.453436 
112.544 82.1019 -128.837 -0.720801 -0.525829 0.451717 
113.138 81.752 -129.427 -0.722467 -0.522046 0.45344 
112.408 82.0535 -128.641 -0.720713 -0.52609 0.451553 
113.075 81.6773 -129.31 -0.722548 -0.521917 0.45346 
112.278 82.0143 -128.456 -0.72061 -0.526375 0.451385 
113.026 81.6041 -129.212 -0.722645 -0.521746 0.453501 
112.152 81.9844 -128.281 -0.720491 -0.526689 0.451209 
112.993 81.5328 -129.137 -0.722762 -0.521525 0.453569 
112.029 81.9654 -128.115 -0.720351 -0.527042 0.45102 
112.981 81.4634 -129.088 -0.722903 -0.521242 0.453669 
111.909 81.958 -127.96 -0.720188 -0.527438 0.450818 
112.991 81.3962 -129.07 -0.723072 -0.520887 0.453807 
111.794 81.9644 -127.817 -0.719999 -0.527882 0.4506 
113.027 81.3333 -129.089 -0.723269 -0.520457 0.453987 
111.686 81.9859 -127.691 -0.719784 -0.528374 0.450367 
113.094 81.2764 -129.15 -0.723495 -0.519946 0.454213 
111.589 82.0241 -127.587 -0.719545 -0.528907 0.450122 
113.196 81.2287 -129.26 -0.723747 -0.519355 0.454488 
111.508 82.0802 -127.515 -0.71929 -0.529464 0.449875 
113.336 81.1956 -129.425 -0.724016 -0.518698 0.454809 
111.452 82.1548 -127.484 -0.71903 -0.530021 0.449636 
113.513 81.1834 -129.648 -0.724288 -0.518003 0.455167 
111.431 82.2463 -127.51 -0.718786 -0.530529 0.449426 
113.726 81.1993 -129.929 -0.724541 -0.517316 0.455546 
111.457 82.3501 -127.604 -0.718587 -0.530928 0.449273 
113.965 81.2517 -130.258 -0.724742 -0.516709 0.455916 
111.54 82.4593 -127.775 -0.718467 -0.531148 0.449205 
114.213 81.3448 -130.616 -0.724859 -0.51626 0.456238 
111.684 82.5639 -128.025 -0.718454 -0.531128 0.449248 
114.447 81.478 -130.972 -0.724864 -0.516051 0.456467 
111.882 82.6529 -128.338 -0.718565 -0.530838 0.449414 
114.64 81.6419 -131.288 -0.724743 -0.516131 0.456567 
112.119 82.7169 -128.687 -0.718791 -0.530295 0.449694 
114.769 81.8184 -131.524 -0.724509 -0.516502 0.45652 
112.368 82.7502 -129.032 -0.719104 -0.529563 0.450057 
114.818 81.9861 -131.656 -0.724193 -0.517111 0.456331 
112.602 82.7527 -129.337 -0.719457 -0.528739 0.45046 
114.788 82.1258 -131.674 -0.723837 -0.517875 0.456031 
112.798 82.7273 -129.575 -0.719811 -0.527916 0.45086 
114.688 82.2247 -131.588 -0.723483 -0.518693 0.455662 
112.945 82.68 -129.732 -0.720135 -0.527166 0.451221 
114.539 82.2798 -131.421 -0.72316 -0.519489 0.455267 
113.039 82.6175 -129.811 -0.72041 -0.526532 0.451522 
114.358 82.2956 -131.199 -0.722885 -0.520211 0.454881 
113.083 82.5459 -129.819 -0.72063 -0.526031 0.451755 
114.164 82.279 -130.947 -0.722663 -0.520829 0.454525 
113.085 82.4694 -129.771 -0.720799 -0.525657 0.451921 
113.97 82.2389 -130.686 -0.722493 -0.521339 0.454212 
113.053 82.3921 -129.68 -0.72092 -0.525401 0.452025 
113.784 82.1832 -130.427 -0.722366 -0.521747 0.453945 
112.995 82.3156 -129.557 -0.721002 -0.525244 0.452077 
113.61 82.1174 -130.179 -0.722278 -0.522063 0.453722 
112.917 82.2419 -129.412 -0.721051 -0.52517 0.452085 
113.451 82.0459 -129.946 -0.722221 -0.522299 0.453541 
112.825 82.1717 -129.253 -0.721072 -0.525164 0.452058 
113.307 81.9715 -129.731 -0.722191 -0.522467 0.453395 
112.724 82.1055 -129.085 -0.721071 -0.525213 0.452003 
113.178 81.896 -129.533 -0.722183 -0.522576 0.453283 
112.615 82.0439 -128.912 -0.721051 -0.525308 0.451924 
113.063 81.8203 -129.352 -0.722194 -0.522632 0.453199 
112.502 81.9876 -128.737 -0.721011 -0.525446 0.451826 
112.962 81.745 -129.19 -0.722224 -0.52264 0.453142 
112.387 81.9366 -128.562 -0.720956 -0.525621 0.451712 
112.875 81.6706 -129.045 -0.722272 -0.5226 0.453111 
112.269 81.8922 -128.387 -0.720882 -0.525834 0.451581 
112.803 81.5966 -128.919 -0.72234 -0.522509 0.453108 
112.149 81.8547 -128.215 -0.72079 -0.526086 0.451435 
112.746 81.5233 -128.814 -0.722429 -0.522365 0.453132 
112.028 81.8257 -128.046 -0.720676 -0.526383 0.45127 
112.707 81.4505 -128.731 -0.722542 -0.52216 0.453189 
111.906 81.8062 -127.88 -0.720537 -0.52673 0.451087 
112.689 81.3781 -128.674 -0.722683 -0.521885 0.453281 
111.784 81.7981 -127.72 -0.720371 -0.527133 0.450883 
112.693 81.3065 -128.648 -0.722855 -0.52153 0.453415 
111.662 81.8034 -127.566 -0.720172 -0.527598 0.450655 
112.725 81.236 -128.658 -0.723065 -0.521081 0.453597 
111.542 81.8241 -127.424 -0.71994 -0.52813 0.450403 
112.79 81.1691 -128.711 -0.723312 -0.52053 0.453834 
111.427 81.8637 -127.297 -0.71967 -0.528732 0.450128 
112.893 81.1083 -128.818 -0.7236 -0.51987 0.454133 
111.323 81.9245 -127.197 -0.719367 -0.529395 0.449833 
113.042 81.0586 -128.987 -0.723923 -0.519102 0.454496 
111.24 82.0087 -127.135 -0.71904 -0.530095 0.449532 
113.24 81.0276 -129.229 -0.72427 -0.518244 0.454922 
111.19 82.1167 -127.131 -0.718709 -0.530787 0.449244 
113.489 81.0258 -129.549 -0.724616 -0.517343 0.455396 
111.19 82.2457 -127.204 -0.71841 -0.531396 0.449003 
113.783 81.0658 -129.946 -0.724923 -0.516478 0.45589 
111.26 82.3879 -127.376 -0.718191 -0.53182 0.448852 
114.107 81.1594 -130.402 -0.72514 -0.515763 0.456353 
111.412 82.5312 -127.659 -0.718103 -0.531951 0.448837 
114.43 81.3126 -130.882 -0.725216 -0.515331 0.456721 
111.649 82.6588 -128.045 -0.718188 -0.531706 0.448991 
114.714 81.5191 -131.331 -0.725115 -0.51529 0.456928 
111.952 82.755 -128.501 -0.71845 -0.531076 0.449318 
114.918 81.7561 -131.69 -0.724841 -0.515673 0.45693 
112.286 82.8102 -128.973 -0.718849 -0.530145 0.449779 
115.016 81.9912 -131.91 -0.724434 -0.516427 0.456724 
112.608 82.8218 -129.399 -0.71932 -0.529052 0.450312 
114.999 82.1905 -131.969 -0.723962 -0.517418 0.45635 
112.881 82.7951 -129.735 -0.719794 -0.52795 0.450848 
114.884 82.333 -131.88 -0.72349 -0.518498 0.455873 
113.085 82.7387 -129.96 -0.720222 -0.526953 0.451331 
114.697 82.413 -131.676 -0.723065 -0.519541 0.45536 
113.216 82.6627 -130.076 -0.720579 -0.52612 0.451732 
114.47 82.4374 -131.399 -0.722709 -0.520471 0.454862 
113.281 82.5755 -130.1 -0.720861 -0.525469 0.452039 
114.228 82.4192 -131.087 -0.722428 -0.521255 0.454411 
113.292 82.4842 -130.052 -0.721073 -0.524991 0.452258 
113.989 82.3722 -130.768 -0.722213 -0.521893 0.45402 
113.262 82.3923 -129.952 -0.721227 -0.524657 0.452399 
113.764 82.307 -130.457 -0.722055 -0.522397 0.453691 
113.202 82.3029 -129.818 -0.721334 -0.524443 0.452477 
113.557 82.2324 -130.165 -0.721941 -0.522792 0.453419 
113.121 82.2166 -129.661 -0.721406 -0.524319 0.452506 
113.37 82.1536 -129.893 -0.72186 -0.523098 0.453194 
113.026 82.1344 -129.491 -0.72145 -0.524266 0.452497 
113.199 82.074 -129.643 -0.721804 -0.523336 0.453009 
112.923 82.0559 -129.314 -0.721475 -0.524262 0.452462 
113.045 81.9953 -129.412 -0.721766 -0.523521 0.452855 
112.815 81.9812 -129.134 -0.721485 -0.524294 0.452407 
112.904 81.9187 -129.198 -0.721742 -0.523667 0.452726 
112.705 81.9104 -128.955 -0.721485 -0.524353 0.45234 
112.775 81.8446 -129 -0.721727 -0.523781 0.452616 
112.594 81.8428 -128.779 -0.721477 -0.524429 0.452264 
112.656 81.7735 -128.815 -0.72172 -0.523873 0.452522 
112.485 81.7791 -128.607 -0.721463 -0.524519 0.452183 
112.546 81.7046 -128.643 -0.72172 -0.523942 0.452441 
112.378 81.7185 -128.439 -0.721444 -0.524619 0.452097 
112.445 81.6384 -128.483 -0.721725 -0.523995 0.452372 
112.272 81.6619 -128.276 -0.721419 -0.52473 0.452008 
112.351 81.5744 -128.333 -0.721737 -0.524029 0.452314 
112.169 81.6091 -128.118 -0.721389 -0.52485 0.451916 
112.265 81.5123 -128.194 -0.721755 -0.524044 0.452267 
112.068 81.5601 -127.965 -0.721352 -0.524983 0.451821 
112.187 81.4517 -128.066 -0.721781 -0.524039 0.452231 
111.968 81.5153 -127.816 -0.721308 -0.525129 0.451721 
112.116 81.3923 -127.948 -0.721816 -0.524011 0.452209 
111.869 81.475 -127.671 -0.721255 -0.525294 0.451615 
112.055 81.3334 -127.842 -0.721862 -0.523954 0.4522 
111.771 81.4397 -127.528 -0.72119 -0.525481 0.451501 
112.003 81.2748 -127.748 -0.721923 -0.523864 0.452209 
111.672 81.4102 -127.388 -0.72111 -0.525698 0.451375 
111.961 81.2159 -127.668 -0.721999 -0.523734 0.452237 
111.571 81.3876 -127.248 -0.721011 -0.525955 0.451235 
111.933 81.1556 -127.605 -0.722099 -0.52355 0.452291 
111.468 81.3726 -127.109 -0.720889 -0.526258 0.451077 
111.92 81.0935 -127.56 -0.722226 -0.523301 0.452376 
111.36 81.3676 -126.969 -0.720736 -0.526623 0.450894 
111.926 81.0291 -127.539 -0.722387 -0.522972 0.4525 
111.247 81.3743 -126.827 -0.720547 -0.527064 0.450681 
111.957 80.9612 -127.548 -0.722591 -0.52254 0.452673 
111.127 81.3965 -126.686 -0.720311 -0.5276 0.450431 
112.018 80.8905 -127.596 -0.722847 -0.521983 0.452906 
111.002 81.4375 -126.546 -0.72002 -0.528247 0.450138 
112.119 80.8174 -127.694 -0.723166 -0.521271 0.453216 
110.874 81.5031 -126.414 -0.719664 -0.529023 0.449797 
112.271 80.7444 -127.858 -0.723558 -0.520376 0.45362 
110.748 81.5987 -126.301 -0.719239 -0.529931 0.449407 
112.488 80.6785 -128.109 -0.724023 -0.519283 0.454131 
110.638 81.7308 -126.228 -0.71875 -0.530957 0.448979 
112.783 80.6307 -128.471 -0.724552 -0.517993 0.45476 
110.567 81.9031 -126.226 -0.718227 -0.532032 0.448543 
113.168 80.6214 -128.964 -0.725107 -0.516569 0.455495 
110.569 82.1141 -126.344 -0.71773 -0.533024 0.44816 
113.64 80.6792 -129.599 -0.725614 -0.515154 0.45629 
110.689 82.3502 -126.632 -0.717369 -0.533709 0.447923 
114.172 80.8362 -130.352 -0.725959 -0.513995 0.457046 
110.965 82.5848 -127.13 -0.717271 -0.533825 0.447941 
114.704 81.1118 -131.152 -0.726019 -0.513399 0.457619 
111.403 82.7809 -127.824 -0.71753 -0.533181 0.448294 
115.147 81.4914 -131.877 -0.725723 -0.513604 0.457859 
111.953 82.9075 -128.628 -0.718125 -0.531812 0.448966 
115.419 81.914 -132.393 -0.725111 -0.51462 0.457689 
112.522 82.954 -129.405 -0.718917 -0.530003 0.449838 
115.476 82.2962 -132.616 -0.724322 -0.516203 0.457155 
113.016 82.9293 -130.034 -0.719729 -0.528124 0.450747 
115.336 82.5738 -132.546 -0.723518 -0.517998 0.456397 
113.383 82.8529 -130.455 -0.720442 -0.52645 0.451566 
115.059 82.7279 -132.257 -0.722814 -0.519708 0.455568 
113.617 82.7454 -130.678 -0.721011 -0.525099 0.45223 
114.714 82.7764 -131.844 -0.722254 -0.521171 0.454783 
113.74 82.625 -130.747 -0.721439 -0.524081 0.452729 
114.357 82.753 -131.389 -0.721834 -0.522346 0.454102 
113.78 82.5038 -130.71 -0.721748 -0.523352 0.45308 
114.022 82.6882 -130.946 -0.721531 -0.523251 0.453541 
113.765 82.3887 -130.609 -0.721966 -0.52285 0.453312 
113.723 82.6047 -130.54 -0.721315 -0.523938 0.453092 
113.714 82.2825 -130.471 -0.722118 -0.522518 0.453453 
113.464 82.5155 -130.18 -0.721162 -0.524456 0.452736 
113.642 82.1844 -130.315 -0.722225 -0.522302 0.45353 
113.241 82.4289 -129.864 -0.721048 -0.524858 0.452452 
113.559 82.0938 -130.153 -0.722303 -0.522164 0.453565 
113.046 82.3478 -129.585 -0.720959 -0.52518 0.452219 
113.472 82.0088 -129.991 -0.722366 -0.522069 0.453574 
112.874 82.2744 -129.335 -0.720882 -0.525456 0.452021 
113.386 81.928 -129.836 -0.722423 -0.521991 0.453573 
112.718 82.2092 -129.109 -0.720807 -0.52571 0.451845 
113.306 81.8503 -129.691 -0.722482 -0.521911 0.45357 
112.574 82.1523 -128.901 -0.720729 -0.52596 0.451679 
113.233 81.7751 -129.56 -0.722549 -0.521814 0.453576 
112.44 82.1045 -128.707 -0.720642 -0.52622 0.451516 
113.171 81.7018 -129.445 -0.722628 -0.521686 0.453597 
112.311 82.0654 -128.525 -0.720542 -0.526498 0.451351 
113.124 81.6306 -129.349 -0.722723 -0.52152 0.453637 
112.187 82.0359 -128.353 -0.720426 -0.526805 0.451178 
113.092 81.5609 -129.276 -0.722838 -0.521302 0.453705 
112.068 82.0174 -128.192 -0.72029 -0.527148 0.450995 
113.08 81.4939 -129.23 -0.722974 -0.521028 0.453802 
111.953 82.0103 -128.043 -0.720133 -0.527529 0.4508 
113.091 81.4297 -129.214 -0.723136 -0.520686 0.453936 
111.843 82.0164 -127.907 -0.719952 -0.527953 0.450591 
113.127 81.3704 -129.233 -0.723323 -0.520276 0.454109 
111.741 82.037 -127.788 -0.719749 -0.528418 0.450371 
113.192 81.3175 -129.293 -0.723536 -0.519791 0.454324 
111.651 82.073 -127.693 -0.719528 -0.528913 0.450143 
113.289 81.2749 -129.399 -0.723769 -0.519241 0.454582 
111.578 82.1258 -127.63 -0.719293 -0.529426 0.449915 
113.42 81.247 -129.556 -0.724015 -0.518637 0.45488 
111.531 82.1947 -127.607 -0.71906 -0.529925 0.4497 
113.586 81.239 -129.765 -0.72426 -0.518007 0.455209 
111.517 82.2783 -127.637 -0.718845 -0.530372 0.449517 
113.781 81.2581 -130.024 -0.724481 -0.517398 0.455549 
111.546 82.372 -127.73 -0.718676 -0.530711 0.449388 
113.997 81.3096 -130.323 -0.724653 -0.516868 0.455877 
111.626 82.4697 -127.891 -0.718578 -0.530887 0.449337 
114.218 81.397 -130.644 -0.724747 -0.516489 0.456156 
111.759 82.562 -128.12 -0.718576 -0.530848 0.449386 
114.424 81.5183 -130.959 -0.724742 -0.516324 0.456351 
111.939 82.6398 -128.402 -0.718682 -0.530573 0.449541 
114.592 81.6647 -131.235 -0.724629 -0.516412 0.456431 
112.15 82.6958 -128.711 -0.718886 -0.530083 0.449794 
114.702 81.8205 -131.441 -0.724419 -0.516749 0.456383 
112.371 82.7251 -129.017 -0.719162 -0.529433 0.450117 
114.744 81.9683 -131.554 -0.724138 -0.517294 0.456213 
112.578 82.7268 -129.287 -0.719476 -0.528701 0.450476 
114.716 82.0912 -131.569 -0.723822 -0.517971 0.455946 
112.753 82.7039 -129.498 -0.719792 -0.527966 0.450832 
114.627 82.1794 -131.492 -0.723506 -0.518701 0.455617 
112.884 82.6617 -129.64 -0.720082 -0.527293 0.451156 
114.493 82.2299 -131.343 -0.723214 -0.519419 0.455262 
112.969 82.6049 -129.711 -0.720333 -0.526718 0.451428 
114.33 82.245 -131.143 -0.722964 -0.520073 0.454913 
113.01 82.5391 -129.72 -0.720536 -0.526257 0.451641 
114.154 82.2309 -130.915 -0.72276 -0.52064 0.454588 
113.012 82.469 -129.676 -0.720691 -0.525915 0.451793 
113.976 82.1952 -130.674 -0.722601 -0.521112 0.4543 
112.982 82.397 -129.591 -0.720804 -0.525677 0.451889 
113.804 82.1439 -130.435 -0.722484 -0.521491 0.454052 
112.927 82.3261 -129.476 -0.720879 -0.525535 0.451935 
113.643 82.0822 -130.204 -0.722404 -0.52178 0.453847 
112.853 82.2574 -129.339 -0.720922 -0.525472 0.451939 
113.494 82.0144 -129.987 -0.722354 -0.521995 0.453679 
112.765 82.1922 -129.188 -0.720937 -0.525477 0.451909 
113.36 81.9431 -129.785 -0.722331 -0.522141 0.453547 
112.667 82.131 -129.026 -0.720929 -0.525539 0.45185 
113.241 81.87 -129.601 -0.722331 -0.522227 0.453448 
112.561 82.0747 -128.859 -0.7209 -0.52565 0.451767 
113.136 81.7966 -129.434 -0.722352 -0.522258 0.453379 
112.45 82.0239 -128.69 -0.720851 -0.525806 0.451664 
113.046 81.7228 -129.286 -0.722395 -0.522233 0.453339 
112.336 81.9797 -128.52 -0.720782 -0.526006 0.451541 
112.971 81.6493 -129.158 -0.722459 -0.522154 0.453329 
112.22 81.9422 -128.351 -0.720694 -0.526248 0.4514 
112.913 81.5766 -129.051 -0.722544 -0.522019 0.453349 
112.101 81.9134 -128.184 -0.720583 -0.526536 0.451241 
112.873 81.5046 -128.967 -0.722653 -0.521822 0.453401 
111.982 81.8938 -128.022 -0.720449 -0.526871 0.451063 
112.853 81.4332 -128.91 -0.722791 -0.521555 0.45349 
111.863 81.8856 -127.866 -0.720288 -0.527261 0.450865 
112.857 81.3637 -128.884 -0.722957 -0.521212 0.453619 
111.746 81.8905 -127.718 -0.720097 -0.527708 0.450646 
112.888 81.2967 -128.893 -0.723156 -0.520784 0.453794 
111.632 81.9104 -127.583 -0.719877 -0.528214 0.450407 
112.95 81.2342 -128.946 -0.723389 -0.520263 0.454019 
111.525 81.9478 -127.467 -0.719626 -0.528775 0.450149 
113.049 81.179 -129.049 -0.723655 -0.519647 0.4543 
111.432 82.0042 -127.378 -0.71935 -0.529378 0.449881 
113.189 81.1366 -129.21 -0.723948 -0.518945 0.454636 
111.361 82.0815 -127.329 -0.719059 -0.530002 0.449611 
113.372 81.1134 -129.436 -0.724255 -0.518178 0.455022 
111.323 82.1789 -127.334 -0.718773 -0.530601 0.449363 
113.598 81.1185 -129.729 -0.724552 -0.517391 0.455443 
111.333 82.2932 -127.412 -0.718523 -0.531107 0.449163 
113.86 81.1614 -130.085 -0.724808 -0.516656 0.455871 
111.404 82.4169 -127.576 -0.71835 -0.531438 0.449049 
114.141 81.2507 -130.485 -0.724979 -0.516071 0.456262 
111.546 82.5394 -127.833 -0.718294 -0.53151 0.449055 
114.417 81.3894 -130.898 -0.725026 -0.515739 0.456563 
111.756 82.6474 -128.173 -0.71838 -0.531268 0.449203 
114.656 81.569 -131.278 -0.724928 -0.515733 0.456725 
112.019 82.7287 -128.567 -0.71861 -0.530713 0.449491 
114.825 81.7717 -131.578 -0.724687 -0.51608 0.456715 
112.304 82.7751 -128.969 -0.718952 -0.529911 0.44989 
114.905 81.9704 -131.76 -0.72434 -0.516727 0.456534 
112.579 82.785 -129.333 -0.719354 -0.528976 0.450348 
114.889 82.1401 -131.809 -0.723935 -0.517577 0.456213 
112.814 82.7623 -129.622 -0.719761 -0.528028 0.450808 
114.791 82.2631 -131.733 -0.723528 -0.518507 0.455803 
112.992 82.7133 -129.819 -0.720135 -0.527158 0.451229 
114.63 82.3344 -131.558 -0.723155 -0.519417 0.455358 
113.109 82.6462 -129.923 -0.720454 -0.52642 0.451582 
114.431 82.3584 -131.317 -0.722838 -0.520242 0.454919 
113.168 82.5682 -129.946 -0.720709 -0.525835 0.451857 
114.216 82.3446 -131.041 -0.722583 -0.520948 0.454516 
113.178 82.4854 -129.904 -0.720903 -0.5254 0.452054 
114.001 82.304 -130.753 -0.722386 -0.521531 0.454162 
113.151 82.401 -129.813 -0.721045 -0.525095 0.452182 
113.796 82.2452 -130.47 -0.72224 -0.521994 0.453861 
113.094 82.3183 -129.687 -0.721142 -0.524902 0.45225 
113.605 82.1761 -130.199 -0.722136 -0.522356 0.45361 
113.016 82.238 -129.538 -0.721205 -0.524797 0.452272 
113.43 82.1014 -129.946 -0.722065 -0.522634 0.453404 
112.924 82.1615 -129.375 -0.72124 -0.524763 0.452257 
113.272 82.0243 -129.711 -0.72202 -0.522841 0.453236 
112.821 82.0888 -129.202 -0.721252 -0.524784 0.452212 
113.129 81.9467 -129.494 -0.721997 -0.522991 0.4531 
112.712 82.0206 -129.024 -0.721246 -0.524849 0.452146 
112.999 81.8698 -129.295 -0.72199 -0.523093 0.452993 
112.6 81.9564 -128.845 -0.721226 -0.524948 0.452062 
112.883 81.7944 -129.113 -0.721998 -0.523155 0.452908 
112.485 81.8968 -128.667 -0.721193 -0.525077 0.451965 
112.78 81.7199 -128.947 -0.722022 -0.523176 0.452847 
112.369 81.8424 -128.49 -0.721146 -0.525237 0.451855 
112.688 81.647 -128.796 -0.722058 -0.523162 0.452805 
112.252 81.7932 -128.316 -0.721087 -0.525422 0.451734 
112.608 81.5748 -128.661 -0.722111 -0.523106 0.452786 
112.135 81.7503 -128.145 -0.721011 -0.525641 0.451601 
112.542 81.5035 -128.543 -0.722179 -0.523008 0.452789 
112.017 81.7142 -127.976 -0.720918 -0.525895 0.451453 
112.489 81.4325 -128.444 -0.722268 -0.52286 0.452818 
111.898 81.6861 -127.81 -0.720805 -0.52619 0.45129 
112.453 81.3614 -128.365 -0.722381 -0.522654 0.452877 
111.778 81.6672 -127.646 -0.720667 -0.526536 0.451108 
112.435 81.2899 -128.31 -0.722522 -0.522378 0.45297 
111.655 81.6594 -127.486 -0.720499 -0.52694 0.450903 
112.44 81.2179 -128.284 -0.722697 -0.522019 0.453105 
111.531 81.665 -127.33 -0.720297 -0.527414 0.450672 
112.472 81.1457 -128.293 -0.722911 -0.521561 0.45329 
111.406 81.6867 -127.182 -0.720054 -0.527968 0.450411 
112.538 81.0744 -128.345 -0.723171 -0.520988 0.453534 
111.283 81.7279 -127.045 -0.719767 -0.528609 0.450118 
112.643 81.0065 -128.452 -0.723481 -0.520285 0.453848 
111.166 81.7924 -126.929 -0.719434 -0.529336 0.449796 
112.798 80.9466 -128.626 -0.72384 -0.519443 0.454239 
111.065 81.8839 -126.848 -0.71906 -0.530136 0.449452 
113.011 80.903 -128.88 -0.724239 -0.518475 0.454709 
110.994 82.0041 -126.822 -0.718666 -0.530961 0.449109 
113.285 80.8872 -129.228 -0.724656 -0.517414 0.455253 
110.974 82.1522 -126.877 -0.718287 -0.531734 0.4488 
113.621 80.9154 -129.674 -0.725049 -0.516344 0.455842 
111.031 82.3208 -127.046 -0.717984 -0.532329 0.448579 
114.003 81.0066 -130.205 -0.725351 -0.515408 0.45642 
111.187 82.4962 -127.352 -0.717827 -0.532598 0.448511 
114.4 81.1734 -130.786 -0.725492 -0.514779 0.456906 
111.453 82.6567 -127.795 -0.717885 -0.532403 0.448651 
114.761 81.4139 -131.349 -0.725412 -0.514624 0.457207 
111.813 82.7806 -128.343 -0.718176 -0.531701 0.449016 
115.031 81.7035 -131.814 -0.725102 -0.51502 0.457252 
112.221 82.8535 -128.924 -0.718656 -0.530589 0.449564 
115.169 81.9974 -132.108 -0.724614 -0.515906 0.457028 
112.619 82.8715 -129.455 -0.719233 -0.529254 0.450213 
115.162 82.2489 -132.199 -0.724036 -0.517108 0.456585 
112.956 82.8418 -129.873 -0.719812 -0.52791 0.450866 
115.029 82.4272 -132.101 -0.723461 -0.518418 0.456009 
113.205 82.7765 -130.15 -0.720326 -0.526707 0.451452 
114.807 82.525 -131.859 -0.722952 -0.51967 0.455393 
113.364 82.6885 -130.292 -0.720747 -0.52572 0.45193 
114.538 82.5533 -131.533 -0.722534 -0.520766 0.454804 
113.442 82.589 -130.323 -0.721073 -0.52496 0.452294 
114.257 82.5308 -131.171 -0.72221 -0.521672 0.454279 
113.459 82.4861 -130.273 -0.721315 -0.524406 0.45255 
113.985 82.4759 -130.807 -0.721969 -0.522394 0.453833 
113.43 82.3847 -130.167 -0.721489 -0.524022 0.452717 
113.733 82.4033 -130.461 -0.721791 -0.522961 0.453463 
113.369 82.2874 -130.026 -0.721611 -0.523771 0.452812 
113.505 82.3223 -130.141 -0.721662 -0.523401 0.45316 
113.288 82.1947 -129.864 -0.721696 -0.523618 0.452855 
113.301 82.2396 -129.848 -0.721567 -0.523748 0.45291 
113.194 82.1064 -129.691 -0.721755 -0.523531 0.452861 
113.118 82.1584 -129.58 -0.721494 -0.524028 0.452702 
113.094 82.0217 -129.515 -0.721799 -0.523487 0.452843 
112.951 82.0805 -129.334 -0.721436 -0.524262 0.452524 
112.991 81.9411 -129.339 -0.721832 -0.523471 0.452809 
112.798 82.007 -129.107 -0.721386 -0.524466 0.452367 
112.89 81.863 -129.168 -0.721861 -0.523464 0.45277 
112.655 81.9387 -128.894 -0.721337 -0.524657 0.452224 
112.792 81.7873 -129.004 -0.721892 -0.523456 0.45273 
112.521 81.8751 -128.693 -0.721289 -0.52484 0.452089 
112.699 81.714 -128.848 -0.721925 -0.523442 0.452694 
112.393 81.8171 -128.502 -0.721235 -0.525028 0.451957 
112.613 81.6419 -128.703 -0.721966 -0.523408 0.452667 
112.269 81.7644 -128.319 -0.721175 -0.525224 0.451825 
112.536 81.5714 -128.57 -0.722015 -0.523353 0.452652 
112.148 81.718 -128.143 -0.721103 -0.52544 0.451688 
112.468 81.5017 -128.45 -0.722078 -0.523266 0.452653 
112.029 81.6782 -127.972 -0.721018 -0.525681 0.451543 
112.412 81.4324 -128.346 -0.722157 -0.523139 0.452674 
111.91 81.6457 -127.805 -0.720917 -0.525954 0.451387 
112.369 81.363 -128.259 -0.722256 -0.522963 0.452719 
111.791 81.6218 -127.641 -0.720793 -0.52627 0.451215 
112.342 81.293 -128.193 -0.72238 -0.522727 0.452794 
111.671 81.6077 -127.48 -0.720644 -0.526639 0.451024 
112.335 81.2222 -128.152 -0.722535 -0.522416 0.452905 
111.548 81.6056 -127.323 -0.720462 -0.527072 0.450808 
112.352 81.1504 -128.141 -0.722726 -0.522016 0.453061 
111.423 81.6181 -127.17 -0.720242 -0.527582 0.450564 
112.398 81.078 -128.168 -0.722962 -0.521507 0.453272 
111.297 81.6482 -127.024 -0.719977 -0.52818 0.450286 
112.48 81.0065 -128.242 -0.723248 -0.52087 0.453548 
111.173 81.7001 -126.891 -0.719662 -0.528874 0.449974 
112.608 80.9392 -128.376 -0.723587 -0.520093 0.453899 
111.057 81.7774 -126.783 -0.719299 -0.52966 0.449631 
112.789 80.8812 -128.586 -0.723979 -0.519165 0.454336 
110.96 81.884 -126.715 -0.718896 -0.530515 0.449268 
113.034 80.8427 -128.885 -0.724411 -0.518103 0.454859 
110.901 82.0219 -126.713 -0.718476 -0.531384 0.448912 
113.347 80.8383 -129.287 -0.724853 -0.51696 0.455455 
110.903 82.1883 -126.808 -0.718089 -0.532164 0.448607 
113.723 80.8876 -129.794 -0.725249 -0.515847 0.456086 
110.996 82.3733 -127.034 -0.717807 -0.532705 0.448417 
114.141 81.0103 -130.385 -0.725524 -0.514932 0.456682 
111.204 82.5579 -127.413 -0.717713 -0.532832 0.448416 
114.559 81.218 -131.009 -0.725596 -0.514421 0.457144 
111.529 82.7177 -127.935 -0.717868 -0.532423 0.448654 
114.917 81.4998 -131.585 -0.725417 -0.51447 0.457373 
111.941 82.8305 -128.546 -0.718269 -0.531481 0.449128 
115.157 81.82 -132.021 -0.724998 -0.515117 0.457308 
112.383 82.8845 -129.16 -0.718842 -0.53016 0.449773 
115.243 82.1241 -132.253 -0.724421 -0.516233 0.456964 
112.788 82.8814 -129.687 -0.719474 -0.528698 0.450482 
115.176 82.3648 -132.263 -0.723792 -0.517597 0.456418 
113.112 82.8323 -130.072 -0.720069 -0.527311 0.451157 
114.989 82.5189 -132.087 -0.723202 -0.518987 0.455775 
113.335 82.7515 -130.304 -0.720574 -0.526126 0.451734 
114.727 82.5887 -131.785 -0.722702 -0.520252 0.455125 
113.465 82.6528 -130.4 -0.720973 -0.525187 0.452189 
114.434 82.5922 -131.418 -0.722306 -0.521322 0.454528 
113.518 82.5467 -130.394 -0.721274 -0.524486 0.452522 
114.141 82.551 -131.034 -0.722007 -0.522184 0.454013 
113.515 82.4405 -130.315 -0.721494 -0.523988 0.452749 
113.866 82.4839 -130.662 -0.721788 -0.522861 0.453584 
113.471 82.3378 -130.191 -0.72165 -0.52365 0.452891 
113.616 82.4045 -130.316 -0.721627 -0.523387 0.453232 
113.401 82.2405 -130.038 -0.721759 -0.523434 0.452968 
113.394 82.3204 -130.001 -0.72151 -0.523795 0.452945 
113.314 82.1482 -129.87 -0.721836 -0.523302 0.452998 
113.195 82.2375 -129.714 -0.721422 -0.524122 0.452708 
113.218 82.06 -129.696 -0.721893 -0.523223 0.452997 
113.016 82.1579 -129.453 -0.721351 -0.524392 0.452508 
113.119 81.976 -129.522 -0.721937 -0.523179 0.452978 
112.853 82.0831 -129.213 -0.72129 -0.524627 0.452334 
113.02 81.8954 -129.352 -0.721976 -0.52315 0.45295 
112.702 82.0137 -128.99 -0.721232 -0.524843 0.452175 
112.925 81.817 -129.188 -0.722016 -0.52312 0.45292 
112.561 81.9506 -128.78 -0.721172 -0.525054 0.452026 
112.835 81.7405 -129.035 -0.722061 -0.52308 0.452896 
112.426 81.8932 -128.582 -0.721108 -0.525268 0.45188 
112.753 81.6659 -128.893 -0.722113 -0.52302 0.452882 
112.296 81.8428 -128.392 -0.721033 -0.525498 0.451733 
112.681 81.5921 -128.766 -0.722178 -0.522929 0.452882 
112.169 81.7991 -128.21 -0.720946 -0.525748 0.45158 
112.62 81.5194 -128.654 -0.722258 -0.522801 0.452902 
112.044 81.7635 -128.033 -0.720842 -0.52603 0.451417 
112.574 81.4471 -128.56 -0.722358 -0.522626 0.452945 
111.92 81.7368 -127.861 -0.720718 -0.526352 0.45124 
112.544 81.3748 -128.488 -0.722482 -0.522391 0.453018 
111.795 81.7203 -127.694 -0.720569 -0.526723 0.451046 
112.533 81.3024 -128.442 -0.722635 -0.522086 0.453127 
111.67 81.7159 -127.533 -0.720389 -0.527153 0.45083 
112.547 81.2302 -128.427 -0.722822 -0.521694 0.453279 
111.545 81.7258 -127.378 -0.720175 -0.527652 0.450588 
112.589 81.1588 -128.449 -0.723049 -0.521203 0.453482 
111.421 81.753 -127.234 -0.719922 -0.528227 0.450319 
112.667 81.0899 -128.519 -0.723321 -0.520597 0.453745 
111.302 81.8005 -127.107 -0.719626 -0.528882 0.450023 
112.787 81.0268 -128.645 -0.723638 -0.519866 0.454078 
111.195 81.8716 -127.006 -0.719292 -0.529609 0.449703 
112.957 80.9753 -128.842 -0.723997 -0.519011 0.454483 
111.109 81.969 -126.948 -0.718928 -0.530381 0.449374 
113.183 80.9443 -129.12 -0.724383 -0.518052 0.454961 
111.06 82.0933 -126.954 -0.71856 -0.531145 0.44906 
113.467 80.9466 -129.488 -0.724768 -0.517044 0.455494 
111.07 82.241 -127.05 -0.718231 -0.531808 0.448801 
113.803 80.998 -129.943 -0.725104 -0.516086 0.456047 
111.162 82.4026 -127.261 -0.718002 -0.532245 0.448651 
114.169 81.1129 -130.463 -0.725328 -0.515318 0.456558 
111.35 82.5625 -127.601 -0.717934 -0.532324 0.448665 
114.53 81.2979 -131.004 -0.725378 -0.514903 0.456946 
111.636 82.7003 -128.058 -0.718075 -0.531953 0.44888 
114.836 81.5426 -131.499 -0.725218 -0.514961 0.457135 
111.992 82.7983 -128.586 -0.718418 -0.531142 0.449291 
115.042 81.8164 -131.874 -0.724862 -0.515511 0.45708 
112.373 82.8471 -129.115 -0.718905 -0.530014 0.449844 
115.12 82.0774 -132.077 -0.724371 -0.516458 0.45679 
112.725 82.8473 -129.574 -0.719447 -0.528757 0.450456 
115.068 82.2882 -132.095 -0.723827 -0.51763 0.456325 
113.012 82.8065 -129.918 -0.71997 -0.52754 0.451048 
114.91 82.4277 -131.951 -0.723308 -0.518845 0.455768 
113.215 82.7364 -130.131 -0.720424 -0.526478 0.451563 
114.684 82.4959 -131.693 -0.722858 -0.519975 0.455194 
113.337 82.6484 -130.226 -0.720791 -0.525621 0.451976 
114.424 82.5052 -131.37 -0.722493 -0.52095 0.454657 
113.389 82.5517 -130.226 -0.721072 -0.52497 0.452283 
114.159 82.4725 -131.023 -0.722212 -0.521752 0.454184 
113.387 82.4529 -130.156 -0.721281 -0.524501 0.452495 
113.905 82.4134 -130.68 -0.722003 -0.52239 0.453783 
113.346 82.3559 -130.04 -0.72143 -0.524182 0.452627 
113.67 82.34 -130.354 -0.721849 -0.522892 0.45345 
113.278 82.2627 -129.892 -0.721533 -0.52398 0.452697 
113.457 82.2598 -130.052 -0.721739 -0.523281 0.453177 
113.191 82.1736 -129.727 -0.721603 -0.523863 0.452721 
113.266 82.1783 -129.775 -0.721657 -0.523589 0.452951 
113.094 82.0886 -129.552 -0.72165 -0.523806 0.452711 
113.092 82.0981 -129.52 -0.721597 -0.523836 0.452762 
112.99 82.0074 -129.374 -0.721681 -0.52379 0.45268 
112.934 82.0207 -129.285 -0.72155 -0.52404 0.4526 
112.885 81.9294 -129.196 -0.721704 -0.523798 0.452635 
112.789 81.9472 -129.066 -0.72151 -0.524216 0.452458 
112.78 81.8545 -129.023 -0.721721 -0.523818 0.452583 
112.654 81.8774 -128.862 -0.721476 -0.524373 0.452331 
112.677 81.7825 -128.855 -0.721736 -0.523845 0.452529 
112.527 81.8118 -128.67 -0.721443 -0.52452 0.452214 
112.579 81.7126 -128.694 -0.721753 -0.523866 0.452476 
112.406 81.7507 -128.487 -0.721408 -0.524665 0.452101 
112.486 81.6451 -128.541 -0.721772 -0.523882 0.452428 
112.291 81.6939 -128.313 -0.721371 -0.524811 0.451992 
112.398 81.5794 -128.398 -0.721796 -0.523885 0.452387 
112.18 81.6415 -128.146 -0.721328 -0.524964 0.451882 
112.318 81.5149 -128.264 -0.721828 -0.523868 0.452356 
112.071 81.5935 -127.985 -0.721279 -0.525127 0.451771 
112.245 81.4519 -128.142 -0.721867 -0.52383 0.452336 
111.965 81.5508 -127.829 -0.72122 -0.525309 0.451654 
112.181 81.3895 -128.03 -0.721919 -0.523765 0.45233 
111.859 81.5139 -127.676 -0.721148 -0.525515 0.451529 
112.127 81.3275 -127.932 -0.721983 -0.523666 0.452341 
111.753 81.4829 -127.526 -0.721062 -0.525749 0.451394 
112.085 81.2649 -127.849 -0.722067 -0.523522 0.452375 
111.646 81.4591 -127.378 -0.720956 -0.526023 0.451244 
112.056 81.2013 -127.783 -0.722174 -0.523323 0.452434 
111.537 81.4437 -127.231 -0.720826 -0.526346 0.451075 
112.044 81.136 -127.738 -0.722309 -0.523057 0.452526 
111.423 81.4391 -127.084 -0.720664 -0.526733 0.450882 
112.052 81.0688 -127.719 -0.722478 -0.522709 0.452658 
111.305 81.4468 -126.937 -0.720466 -0.527196 0.450658 
112.086 80.9987 -127.731 -0.722693 -0.522254 0.452841 
111.182 81.4708 -126.792 -0.72022 -0.527753 0.450398 
112.152 80.9267 -127.785 -0.722958 -0.521672 0.453087 
111.056 81.5145 -126.651 -0.71992 -0.528419 0.450097 
112.26 80.8536 -127.892 -0.723286 -0.520936 0.453411 
110.928 81.583 -126.523 -0.719559 -0.529204 0.449752 
112.42 80.7836 -128.068 -0.723681 -0.520026 0.453825 
110.808 81.6823 -126.419 -0.719134 -0.53011 0.449364 
112.646 80.7234 -128.333 -0.724143 -0.518929 0.454345 
110.71 81.8168 -126.363 -0.718659 -0.531103 0.44895 
112.949 80.6864 -128.708 -0.724653 -0.517666 0.454971 
110.657 81.9893 -126.387 -0.718167 -0.532111 0.448546 
113.335 80.6931 -129.21 -0.72517 -0.516313 0.455685 
110.685 82.1948 -126.537 -0.717727 -0.532983 0.448214 
113.796 80.7706 -129.839 -0.725613 -0.515029 0.456431 
110.834 82.418 -126.857 -0.717444 -0.533505 0.448045 
114.3 80.946 -130.564 -0.725877 -0.514056 0.457108 
111.13 82.6318 -127.37 -0.717429 -0.53345 0.448135 
114.785 81.2293 -131.305 -0.725858 -0.513665 0.457578 
111.568 82.8024 -128.05 -0.717745 -0.532688 0.448537 
115.168 81.5969 -131.945 -0.725512 -0.514029 0.457718 
112.091 82.9061 -128.804 -0.718345 -0.531308 0.449212 
115.38 81.9869 -132.372 -0.724899 -0.515101 0.457483 
112.613 82.936 -129.507 -0.719094 -0.52959 0.450042 
115.394 82.326 -132.524 -0.724153 -0.516634 0.456936 
113.055 82.9027 -130.059 -0.719841 -0.527857 0.450882 
115.236 82.5637 -132.416 -0.723415 -0.51831 0.456207 
113.377 82.8239 -130.42 -0.72049 -0.526332 0.451628 
114.96 82.69 -132.119 -0.722774 -0.519885 0.45543 
113.577 82.7187 -130.602 -0.721005 -0.52511 0.452227 
114.63 82.7236 -131.718 -0.722265 -0.521227 0.454703 
113.678 82.6025 -130.647 -0.721393 -0.524191 0.452674 
114.292 82.6941 -131.284 -0.721883 -0.522305 0.454072 
113.704 82.4856 -130.597 -0.721675 -0.523533 0.452987 
113.975 82.6283 -130.862 -0.721605 -0.523141 0.453551 
113.68 82.374 -130.488 -0.721875 -0.523081 0.453191 
113.691 82.5457 -130.473 -0.721406 -0.523779 0.453131 
113.623 82.27 -130.345 -0.722014 -0.522783 0.453313 
113.442 82.4584 -130.126 -0.721262 -0.524268 0.452795 
113.546 82.1729 -130.185 -0.722114 -0.522589 0.453377 
113.225 82.3729 -129.817 -0.721154 -0.524651 0.452523 
113.46 82.0823 -130.018 -0.722187 -0.522466 0.453402 
113.033 82.2922 -129.541 -0.721068 -0.524963 0.452298 
113.369 81.9966 -129.853 -0.722247 -0.522382 0.453404 
112.862 82.2186 -129.292 -0.720993 -0.525234 0.452104 
113.279 81.9146 -129.693 -0.722302 -0.522312 0.453397 
112.706 82.1524 -129.065 -0.72092 -0.525484 0.451928 
113.195 81.8355 -129.543 -0.722359 -0.522239 0.45339 
112.561 82.0944 -128.853 -0.720842 -0.525734 0.451762 
113.118 81.7585 -129.406 -0.722424 -0.522148 0.453391 
112.424 82.0442 -128.655 -0.720756 -0.525992 0.451599 
113.052 81.6835 -129.284 -0.722501 -0.522028 0.453406 
112.292 82.0027 -128.468 -0.720658 -0.52627 0.451433 
113 81.6097 -129.181 -0.722595 -0.521867 0.453443 
112.164 81.9709 -128.29 -0.720541 -0.526579 0.451258 
112.963 81.5376 -129.1 -0.722708 -0.521657 0.453505 
112.04 81.9491 -128.122 -0.720406 -0.526924 0.451072 
112.945 81.4669 -129.045 -0.722845 -0.521385 0.453598 
111.919 81.9393 -127.962 -0.720246 -0.527315 0.45087 
112.95 81.3986 -129.02 -0.723009 -0.521045 0.453728 
111.801 81.9426 -127.815 -0.72006 -0.527754 0.450653 
112.98 81.3337 -129.029 -0.723202 -0.520627 0.4539 
111.69 81.9608 -127.682 -0.719847 -0.528243 0.45042 
113.041 81.2737 -129.081 -0.723426 -0.520125 0.454119 
111.587 81.9954 -127.571 -0.71961 -0.528776 0.450173 
113.136 81.2223 -129.18 -0.723677 -0.519541 0.454387 
111.499 82.0487 -127.487 -0.71935 -0.529346 0.449919 
113.269 81.1839 -129.334 -0.723951 -0.518881 0.454705 
111.434 82.1209 -127.444 -0.719081 -0.529923 0.449669 
113.442 81.1643 -129.548 -0.724234 -0.518169 0.455066 
111.402 82.211 -127.453 -0.718822 -0.530466 0.449443 
113.652 81.1723 -129.823 -0.724503 -0.517451 0.455454 
111.415 82.316 -127.53 -0.7186 -0.530917 0.449266 
113.894 81.2153 -130.152 -0.72473 -0.51679 0.455843 
111.485 82.4287 -127.687 -0.71845 -0.531202 0.449169 
114.151 81.3007 -130.518 -0.724878 -0.516274 0.456194 
111.618 82.5395 -127.925 -0.718406 -0.53125 0.449182 
114.4 81.4288 -130.892 -0.724914 -0.515986 0.456461 
111.811 82.6369 -128.236 -0.718489 -0.53102 0.449322 
114.614 81.5926 -131.234 -0.724821 -0.515993 0.456601 
112.049 82.7103 -128.593 -0.718698 -0.530514 0.449586 
114.766 81.775 -131.503 -0.724603 -0.516309 0.45659 
112.308 82.7524 -128.956 -0.719006 -0.52979 0.449947 
114.837 81.9541 -131.667 -0.72429 -0.516894 0.456426 
112.557 82.7622 -129.286 -0.719367 -0.528947 0.45036 
114.824 82.1073 -131.713 -0.723925 -0.517658 0.456137 
112.771 82.7419 -129.55 -0.719738 -0.528085 0.450779 
114.736 82.22 -131.646 -0.723555 -0.518502 0.455766 
112.935 82.6976 -129.732 -0.720082 -0.527286 0.451165 
114.59 82.287 -131.49 -0.723212 -0.519336 0.45536 
113.044 82.6361 -129.831 -0.720378 -0.526603 0.451491 
114.409 82.3115 -131.27 -0.722916 -0.520102 0.454956 
113.1 82.5641 -129.854 -0.720616 -0.526057 0.451747 
114.211 82.3006 -131.016 -0.722676 -0.520762 0.454581 
113.111 82.4863 -129.817 -0.720801 -0.525644 0.451932 
114.011 82.2638 -130.748 -0.72249 -0.52131 0.45425 
113.085 82.4072 -129.732 -0.720935 -0.525357 0.452053 
113.817 82.2097 -130.481 -0.722351 -0.521751 0.453965 
113.032 82.3286 -129.613 -0.721028 -0.525173 0.452118 
113.637 82.1444 -130.225 -0.722252 -0.522094 0.453727 
112.957 82.2527 -129.471 -0.721086 -0.525078 0.452136 
113.471 82.0725 -129.984 -0.722187 -0.522353 0.453533 
112.867 82.1801 -129.312 -0.721115 -0.525054 0.452118 
113.32 81.9976 -129.76 -0.722149 -0.522542 0.453375 
112.767 82.1114 -129.144 -0.721121 -0.525086 0.45207 
113.184 81.9219 -129.553 -0.722132 -0.522674 0.453251 
112.659 82.047 -128.97 -0.721108 -0.525166 0.451998 
113.063 81.8458 -129.365 -0.722136 -0.522751 0.453155 
112.547 81.9874 -128.794 -0.721077 -0.525286 0.451908 
112.955 81.7701 -129.194 -0.722157 -0.522781 0.453087 
112.431 81.9334 -128.618 -0.72103 -0.525444 0.4518 
112.861 81.6956 -129.04 -0.722195 -0.522766 0.453043 
112.314 81.8848 -128.442 -0.720967 -0.525636 0.451678 
112.781 81.6214 -128.904 -0.722252 -0.522704 0.453025 
112.195 81.8431 -128.268 -0.720886 -0.525866 0.45154 
112.716 81.5482 -128.786 -0.722327 -0.522593 0.453033 
112.075 81.8088 -128.097 -0.720785 -0.526136 0.451386 
112.666 81.4751 -128.69 -0.722426 -0.522424 0.45307 
111.954 81.7829 -127.929 -0.720663 -0.526449 0.451215 
112.635 81.4025 -128.617 -0.722549 -0.522194 0.45314 
111.831 81.7674 -127.765 -0.720514 -0.526817 0.451024 
112.624 81.3302 -128.57 -0.722701 -0.52189 0.453247 
111.708 81.7638 -127.606 -0.720335 -0.527244 0.45081 
112.638 81.2585 -128.556 -0.722888 -0.5215 0.453398 
111.585 81.7746 -127.454 -0.720123 -0.527738 0.450571 
112.681 81.1883 -128.581 -0.723113 -0.521011 0.453601 
111.464 81.8023 -127.315 -0.719873 -0.528305 0.450307 
112.76 81.1217 -128.652 -0.72338 -0.520413 0.453863 
111.35 81.8499 -127.193 -0.719584 -0.528944 0.450018 
112.88 81.062 -128.781 -0.723688 -0.519697 0.45419 
111.248 81.9204 -127.1 -0.719261 -0.529644 0.44971 
113.049 81.0152 -128.978 -0.724033 -0.51887 0.454586 
111.171 82.0156 -127.052 -0.718916 -0.530377 0.449398 
113.27 80.9901 -129.253 -0.724399 -0.517956 0.455046 
111.132 82.1356 -127.068 -0.718574 -0.531086 0.449108 
113.545 80.9988 -129.611 -0.724755 -0.517012 0.455552 
111.151 82.2761 -127.172 -0.718278 -0.531682 0.448877 
113.865 81.0551 -130.047 -0.725057 -0.516133 0.456067 
111.248 82.4275 -127.386 -0.718082 -0.532049 0.448755 
114.208 81.1717 -130.538 -0.725246 -0.515456 0.456532 
111.436 82.5748 -127.718 -0.718042 -0.532073 0.448791 
114.541 81.3514 -131.04 -0.725271 -0.515117 0.456875 
111.71 82.7002 -128.153 -0.718192 -0.531685 0.449011 
114.818 81.5824 -131.491 -0.725105 -0.515215 0.457028 
112.045 82.7882 -128.646 -0.718522 -0.530903 0.449407 
114.999 81.8366 -131.826 -0.724762 -0.515762 0.456957 
112.398 82.8304 -129.134 -0.718979 -0.529843 0.449927 
115.061 82.0756 -132.002 -0.724301 -0.516659 0.456674 
112.723 82.8278 -129.555 -0.719484 -0.528672 0.450498 
115.006 82.267 -132.008 -0.723796 -0.517753 0.456234 
112.986 82.7879 -129.869 -0.719969 -0.527542 0.451047 
114.855 82.3936 -131.867 -0.723314 -0.518886 0.455712 
113.172 82.7207 -130.063 -0.720392 -0.526555 0.451525 
114.64 82.4551 -131.622 -0.722894 -0.519941 0.455176 
113.283 82.6367 -130.147 -0.720736 -0.525754 0.451909 
114.395 82.4629 -131.316 -0.722551 -0.520859 0.454671 
113.33 82.5445 -130.143 -0.721 -0.525145 0.452195 
114.143 82.4312 -130.986 -0.722286 -0.521615 0.454224 
113.325 82.4497 -130.073 -0.721197 -0.524705 0.452392 
113.901 82.3743 -130.658 -0.722088 -0.522221 0.453844 
113.283 82.356 -129.958 -0.721337 -0.524406 0.452514 
113.676 82.3033 -130.345 -0.721942 -0.522698 0.453526 
113.214 82.2657 -129.812 -0.721434 -0.52422 0.452576 
113.471 82.2249 -130.053 -0.721838 -0.523068 0.453265 
113.128 82.1792 -129.648 -0.721498 -0.524117 0.452593 
113.286 82.1446 -129.784 -0.721763 -0.523358 0.453049 
113.029 82.0966 -129.474 -0.721538 -0.524075 0.452578 
113.118 82.0648 -129.536 -0.721709 -0.523587 0.45287 
112.925 82.0177 -129.295 -0.721563 -0.524075 0.452539 
112.965 81.987 -129.307 -0.721671 -0.523771 0.452719 
112.817 81.9424 -129.116 -0.721576 -0.524103 0.452486 
112.825 81.9123 -129.094 -0.721642 -0.523923 0.452588 
112.708 81.8703 -128.94 -0.721581 -0.52415 0.452423 
112.695 81.8405 -128.897 -0.721621 -0.52405 0.452475 
112.601 81.8017 -128.767 -0.721581 -0.524209 0.452354 
112.575 81.7722 -128.711 -0.721604 -0.524161 0.452373 
112.497 81.7358 -128.6 -0.721579 -0.524273 0.452283 
112.462 81.7068 -128.537 -0.721591 -0.524257 0.452282 
112.395 81.6731 -128.439 -0.721575 -0.524341 0.452212 
112.356 81.6447 -128.372 -0.72158 -0.524345 0.452198 
112.297 81.6132 -128.285 -0.721569 -0.524409 0.452142 
112.256 81.5857 -128.217 -0.72157 -0.524426 0.45212 
112.203 81.556 -128.137 -0.721563 -0.524476 0.452074 
112.161 81.5294 -128.069 -0.721561 -0.5245 0.452048 
112.113 81.5014 -127.995 -0.721556 -0.524541 0.452008 
112.071 81.4759 -127.929 -0.721554 -0.52457 0.45198 
112.027 81.4493 -127.861 -0.72155 -0.524604 0.451945 
111.986 81.4249 -127.797 -0.721546 -0.524635 0.451916 
111.945 81.3996 -127.732 -0.721544 -0.524664 0.451885 
111.905 81.3764 -127.671 -0.72154 -0.524696 0.451856 
111.867 81.3523 -127.61 -0.721539 -0.524721 0.451828 
111.829 81.3302 -127.551 -0.721533 -0.524754 0.451798 
111.792 81.3072 -127.494 -0.721533 -0.524775 0.451773 
111.755 81.2866 -127.437 -0.721526 -0.524811 0.451744 
111.722 81.2646 -127.384 -0.721528 -0.524828 0.451721 
111.686 81.2448 -127.329 -0.721521 -0.524863 0.451692 
111.654 81.2237 -127.279 -0.721523 -0.524876 0.451672 
111.62 81.2051 -127.227 -0.721515 -0.524912 0.451644 
111.59 81.185 -127.179 -0.721518 -0.524924 0.451626 
111.557 81.1677 -127.129 -0.721509 -0.524961 0.451597 
111.53 81.1479 -127.085 -0.721515 -0.524966 0.451582 
111.498 81.1321 -127.036 -0.721503 -0.525008 0.451552 
111.472 81.1129 -126.995 -0.721511 -0.525007 0.45154 
111.441 81.0981 -126.948 -0.721498 -0.525051 0.45151 
111.418 81.0795 -126.91 -0.721507 -0.525046 0.451501 
111.387 81.0661 -126.864 -0.721492 -0.525094 0.451469 
111.366 81.0474 -126.83 -0.721505 -0.525079 0.451465 
111.335 81.0357 -126.785 -0.721486 -0.525137 0.45143 
111.317 81.017 -126.753 -0.721503 -0.525112 0.451431 
111.286 81.0071 -126.709 -0.721479 -0.525178 0.451392 
111.271 80.9881 -126.681 -0.721502 -0.525141 0.451399 
111.239 80.9797 -126.636 -0.721473 -0.525217 0.451356 
111.228 80.9604 -126.613 -0.721502 -0.525166 0.45137 
111.194 80.9542 -126.567 -0.721465 -0.525259 0.451321 
111.187 80.9338 -126.549 -0.721503 -0.525187 0.451343 
111.151 80.9302 -126.501 -0.721456 -0.525301 0.451285 
111.149 80.9082 -126.489 -0.721506 -0.525203 0.45132 
111.109 80.9079 -126.438 -0.721446 -0.525345 0.45125 
111.113 80.8835 -126.432 -0.721511 -0.525214 0.4513 
111.069 80.8871 -126.377 -0.721434 -0.525393 0.451215 
111.081 80.8595 -126.38 -0.721518 -0.525218 0.451283 
111.029 80.8681 -126.318 -0.721419 -0.525444 0.451178 
111.051 80.836 -126.331 -0.721529 -0.525213 0.451272 
110.991 80.8512 -126.261 -0.7214 -0.525505 0.451138 
111.025 80.8127 -126.287 -0.721544 -0.525198 0.451265 
110.952 80.836 -126.204 -0.721377 -0.525573 0.451096 
111.002 80.7893 -126.248 -0.721566 -0.525168 0.451265 
110.913 80.8232 -126.148 -0.721348 -0.525653 0.451049 
110.984 80.7654 -126.213 -0.721594 -0.525122 0.451273 
110.872 80.813 -126.092 -0.72131 -0.525752 0.450995 
110.97 80.7409 -126.185 -0.721632 -0.525054 0.451292 
110.829 80.8061 -126.034 -0.721261 -0.525873 0.450932 
110.963 80.7145 -126.164 -0.721684 -0.524954 0.451324 
110.783 80.8031 -125.974 -0.721197 -0.526026 0.450855 
110.963 80.6857 -126.152 -0.721754 -0.524815 0.451375 
110.732 80.8057 -125.91 -0.721112 -0.526223 0.450761 
110.974 80.6536 -126.152 -0.721847 -0.524623 0.451449 
110.675 80.8145 -125.84 -0.721001 -0.526474 0.450645 
110.998 80.6173 -126.166 -0.72197 -0.524365 0.451553 
110.608 80.832 -125.763 -0.720856 -0.526799 0.450498 
111.039 80.5748 -126.201 -0.722134 -0.524012 0.451699 
110.53 80.8615 -125.677 -0.720663 -0.527223 0.45031 
111.104 80.5248 -126.262 -0.722352 -0.523538 0.4519 
110.438 80.9065 -125.58 -0.720411 -0.527771 0.450071 
111.202 80.4663 -126.362 -0.722639 -0.522906 0.452174 
110.33 80.9731 -125.473 -0.720081 -0.528479 0.449768 
111.344 80.398 -126.516 -0.723015 -0.522065 0.452545 
110.206 81.0693 -125.36 -0.719653 -0.529387 0.449386 
111.549 80.3216 -126.747 -0.7235 -0.52096 0.453043 
110.072 81.2047 -125.253 -0.719111 -0.53052 0.448918 
111.839 80.2433 -127.088 -0.724109 -0.519539 0.4537 
109.941 81.3916 -125.177 -0.718449 -0.531882 0.448365 
112.242 80.1786 -127.581 -0.72484 -0.517778 0.454545 
109.848 81.6404 -125.184 -0.717697 -0.533401 0.447765 
112.784 80.1589 -128.274 -0.725645 -0.515737 0.45558 
109.853 81.9526 -125.355 -0.716954 -0.534861 0.447213 
113.472 80.2379 -129.199 -0.726397 -0.513648 0.456741 
110.045 82.3066 -125.8 -0.716427 -0.535842 0.446884 
114.265 80.4834 -130.328 -0.726875 -0.511979 0.457852 
110.506 82.6485 -126.602 -0.716388 -0.535795 0.447003 
115.048 80.9405 -131.526 -0.72683 -0.511354 0.458623 
111.24 82.9058 -127.73 -0.717005 -0.534376 0.447712 
115.646 81.5679 -132.546 -0.726157 -0.512176 0.458771 
112.118 83.0337 -128.975 -0.718137 -0.531844 0.448911 
115.917 82.2203 -133.147 -0.725026 -0.514262 0.458225 
112.941 83.038 -130.061 -0.719414 -0.528938 0.450296 
115.835 82.7327 -133.237 -0.723775 -0.516941 0.457188 
113.566 82.9538 -130.814 -0.720536 -0.526312 0.451578 
115.491 83.0289 -132.915 -0.722675 -0.519546 0.455973 
113.966 82.8199 -131.229 -0.721396 -0.524242 0.452612 
115.021 83.1344 -132.368 -0.721831 -0.521722 0.454823 
114.186 82.6689 -131.392 -0.722013 -0.522727 0.453379 
114.537 83.1176 -131.762 -0.721234 -0.523387 0.453858 
114.285 82.5249 -131.405 -0.722438 -0.521672 0.453917 
114.104 83.0399 -131.2 -0.720833 -0.524589 0.453106 
114.311 82.4006 -131.339 -0.72272 -0.520971 0.454273 
113.748 82.9411 -130.726 -0.720577 -0.525419 0.452551 
114.294 82.2994 -131.238 -0.722896 -0.520535 0.454493 
113.469 82.8417 -130.347 -0.720424 -0.525969 0.452156 
114.252 82.2192 -131.121 -0.722997 -0.52029 0.454612 
113.255 82.7502 -130.049 -0.72034 -0.526319 0.451883 
114.195 82.1551 -130.999 -0.723047 -0.520181 0.454659 
113.091 82.6687 -129.815 -0.7203 -0.526533 0.451698 
114.127 82.1019 -130.873 -0.723062 -0.520162 0.454656 
112.963 82.597 -129.627 -0.720284 -0.526663 0.45157 
114.054 82.0546 -130.747 -0.723059 -0.520196 0.454621 
112.858 82.5333 -129.469 -0.720283 -0.526743 0.45148 
113.977 82.0104 -130.622 -0.723048 -0.520257 0.454569 
112.768 82.4769 -129.33 -0.720283 -0.526803 0.451409 
113.901 81.9664 -130.499 -0.723039 -0.520321 0.454511 
112.686 82.4267 -129.203 -0.720279 -0.526862 0.451346 
113.827 81.9223 -130.38 -0.723034 -0.520376 0.454455 
112.609 82.3822 -129.082 -0.720267 -0.526931 0.451284 
113.757 81.8772 -130.269 -0.72304 -0.52041 0.454408 
112.533 82.3432 -128.966 -0.720244 -0.52702 0.451217 
113.695 81.8312 -130.168 -0.723058 -0.520414 0.454374 
112.458 82.3098 -128.853 -0.720209 -0.527133 0.451142 
113.643 81.7848 -130.078 -0.72309 -0.520384 0.454358 
112.383 82.2823 -128.742 -0.720159 -0.527273 0.451057 
113.601 81.7386 -130.003 -0.723137 -0.520315 0.454361 
112.308 82.2612 -128.636 -0.720096 -0.52744 0.450962 
113.571 81.6933 -129.945 -0.7232 -0.520206 0.454385 
112.235 82.2469 -128.536 -0.720019 -0.527635 0.450858 
113.556 81.6499 -129.906 -0.723278 -0.520057 0.454433 
112.165 82.2399 -128.442 -0.719929 -0.527855 0.450744 
113.556 81.6099 -129.887 -0.723369 -0.519869 0.454503 
112.099 82.2407 -128.359 -0.719828 -0.528095 0.450624 
113.572 81.5738 -129.892 -0.723473 -0.519641 0.454598 
112.04 82.25 -128.289 -0.719717 -0.528352 0.450501 
113.605 81.5436 -129.921 -0.723587 -0.51938 0.454714 
111.99 82.2672 -128.235 -0.719601 -0.528615 0.450378 
113.654 81.521 -129.975 -0.723708 -0.519094 0.454849 
111.952 82.2924 -128.2 -0.719485 -0.528872 0.450261 
113.721 81.5082 -130.054 -0.723827 -0.518796 0.454999 
111.928 82.3249 -128.19 -0.719375 -0.529111 0.450156 
113.801 81.5064 -130.157 -0.723941 -0.518498 0.455157 
111.923 82.3635 -128.205 -0.719278 -0.529315 0.450071 
113.893 81.5175 -130.279 -0.72404 -0.518221 0.455316 
111.937 82.4058 -128.249 -0.719205 -0.529464 0.450013 
113.992 81.5426 -130.416 -0.724115 -0.517986 0.455463 
111.973 82.4493 -128.322 -0.719161 -0.529542 0.44999 
114.091 81.5815 -130.56 -0.724159 -0.517814 0.455589 
112.029 82.491 -128.42 -0.719154 -0.529539 0.450006 
114.183 81.6328 -130.699 -0.724165 -0.517725 0.45568 
112.104 82.5278 -128.539 -0.719186 -0.529447 0.450063 
114.262 81.6933 -130.825 -0.724131 -0.51773 0.455729 
112.191 82.5566 -128.67 -0.719257 -0.529269 0.450159 
114.319 81.7585 -130.925 -0.724059 -0.517831 0.455729 
112.286 82.5758 -128.804 -0.719359 -0.529022 0.450286 
114.351 81.8229 -130.994 -0.723955 -0.518019 0.455681 
112.38 82.5839 -128.931 -0.719485 -0.528724 0.450435 
114.356 81.8818 -131.024 -0.723827 -0.518279 0.455589 
112.466 82.5809 -129.04 -0.719623 -0.528401 0.450593 
114.333 81.9304 -131.015 -0.723686 -0.518588 0.45546 
112.539 82.5673 -129.125 -0.719764 -0.528076 0.45075 
114.287 81.9653 -130.971 -0.723545 -0.518918 0.455308 
112.594 82.545 -129.182 -0.719896 -0.527772 0.450894 
114.221 81.9857 -130.896 -0.72341 -0.519251 0.455143 
112.629 82.5154 -129.209 -0.720016 -0.527503 0.451018 
114.141 81.9916 -130.796 -0.723289 -0.519566 0.454976 
112.645 82.4811 -129.207 -0.720115 -0.527284 0.451116 
114.052 81.9836 -130.681 -0.723189 -0.519845 0.454816 
112.641 82.4437 -129.179 -0.720192 -0.527118 0.451187 
113.961 81.9642 -130.556 -0.723109 -0.520084 0.45467 
112.621 82.4046 -129.128 -0.720248 -0.527006 0.451229 
113.87 81.9354 -130.428 -0.723051 -0.520275 0.454544 
112.585 82.3661 -129.058 -0.72028 -0.52695 0.451242 
113.783 81.8991 -130.302 -0.723017 -0.520414 0.454439 
112.537 82.3292 -128.974 -0.72029 -0.526947 0.45123 
113.704 81.8574 -130.184 -0.723004 -0.520502 0.454359 
112.479 82.2952 -128.879 -0.720279 -0.526993 0.451193 
113.635 81.8119 -130.076 -0.723013 -0.520537 0.454304 
112.413 82.2651 -128.777 -0.720248 -0.527085 0.451135 
113.577 81.7642 -129.981 -0.723042 -0.520521 0.454276 
112.342 82.2399 -128.671 -0.720199 -0.527219 0.451057 
113.531 81.7156 -129.902 -0.723092 -0.520454 0.454275 
112.268 82.2209 -128.565 -0.72013 -0.527395 0.450962 
113.501 81.6673 -129.842 -0.72316 -0.520336 0.4543 
112.193 82.2084 -128.462 -0.720045 -0.527606 0.450852 
113.486 81.6207 -129.802 -0.723247 -0.520169 0.454354 
112.119 82.2035 -128.365 -0.719944 -0.527848 0.450729 
113.489 81.5773 -129.787 -0.72335 -0.519955 0.454435 
112.049 82.2071 -128.277 -0.719829 -0.528117 0.450597 
113.51 81.5382 -129.796 -0.723469 -0.519695 0.454543 
111.985 82.2198 -128.202 -0.719702 -0.528407 0.450459 
113.55 81.5053 -129.834 -0.7236 -0.519395 0.454677 
111.931 82.2416 -128.145 -0.71957 -0.528705 0.450321 
113.61 81.4812 -129.9 -0.723737 -0.519067 0.454833 
111.89 82.2723 -128.11 -0.719437 -0.528999 0.450189 
113.688 81.4675 -129.995 -0.723876 -0.51872 0.455008 
111.866 82.3117 -128.102 -0.719309 -0.529273 0.450071 
113.784 81.467 -130.117 -0.724007 -0.518375 0.455193 
111.862 82.3575 -128.125 -0.719199 -0.529503 0.449975 
113.892 81.4816 -130.263 -0.724121 -0.518055 0.455377 
111.883 82.4076 -128.181 -0.719117 -0.529669 0.449913 
114.009 81.5129 -130.425 -0.724205 -0.517786 0.455547 
111.928 82.4588 -128.27 -0.719071 -0.529749 0.449892 
114.124 81.5607 -130.594 -0.724251 -0.517596 0.45569 
111.998 82.5073 -128.39 -0.719069 -0.529729 0.449918 
114.231 81.6231 -130.757 -0.724251 -0.517508 0.455791 
112.089 82.5493 -128.534 -0.719115 -0.529602 0.449993 
114.32 81.6961 -130.901 -0.724202 -0.517534 0.455839 
112.194 82.5814 -128.691 -0.719206 -0.529376 0.450113 
114.383 81.774 -131.013 -0.724108 -0.517676 0.455828 
112.307 82.601 -128.848 -0.719336 -0.529067 0.450271 
114.414 81.8499 -131.085 -0.723976 -0.51792 0.455759 
112.416 82.6076 -128.994 -0.719489 -0.528706 0.45045 
114.412 81.917 -131.111 -0.723821 -0.518242 0.45564 
112.515 82.6011 -129.117 -0.719653 -0.528322 0.450637 
114.379 81.9708 -131.09 -0.723654 -0.518615 0.455481 
112.596 82.5825 -129.21 -0.719817 -0.527944 0.450819 
114.318 82.0075 -131.028 -0.72349 -0.519005 0.455297 
112.655 82.5544 -129.267 -0.719968 -0.527599 0.450982 
114.236 82.0268 -130.932 -0.723337 -0.519389 0.455103 
112.69 82.5186 -129.29 -0.7201 -0.527301 0.451119 
114.14 82.029 -130.811 -0.723203 -0.519743 0.45491 
112.702 82.478 -129.279 -0.720208 -0.527064 0.451224 
114.037 82.0159 -130.675 -0.723094 -0.520053 0.45473 
112.693 82.4346 -129.24 -0.72029 -0.52689 0.451297 
113.931 81.9905 -130.53 -0.723009 -0.520313 0.454568 
112.665 82.39 -129.176 -0.720347 -0.526778 0.451337 
113.828 81.9552 -130.384 -0.72295 -0.520516 0.454429 
112.621 82.3464 -129.093 -0.720378 -0.526727 0.451346 
113.732 81.9125 -130.243 -0.722915 -0.520663 0.454316 
112.564 82.3049 -128.994 -0.720385 -0.526734 0.451327 
113.644 81.8645 -130.11 -0.722905 -0.520752 0.45423 
112.497 82.2668 -128.886 -0.72037 -0.526793 0.451282 
113.567 81.8129 -129.99 -0.722917 -0.520785 0.454173 
112.422 82.2331 -128.77 -0.720334 -0.526901 0.451213 
113.503 81.7594 -129.885 -0.722952 -0.520763 0.454144 
112.342 82.2048 -128.651 -0.720278 -0.527054 0.451125 
113.453 81.7051 -129.797 -0.723007 -0.520686 0.454143 
112.259 82.1833 -128.532 -0.720201 -0.527251 0.451017 
113.419 81.6513 -129.73 -0.723084 -0.520554 0.454173 
112.174 82.169 -128.416 -0.720106 -0.527486 0.450894 
113.402 81.5991 -129.686 -0.72318 -0.520368 0.454232 
112.091 82.1631 -128.306 -0.719993 -0.527757 0.450756 
113.404 81.5502 -129.667 -0.723295 -0.52013 0.454322 
112.012 82.1666 -128.206 -0.719865 -0.528059 0.450608 
113.427 81.5056 -129.676 -0.723429 -0.519838 0.454442 
111.939 82.1805 -128.12 -0.719721 -0.528388 0.450451 
113.471 81.4675 -129.716 -0.723578 -0.519499 0.454593 
111.875 82.2047 -128.053 -0.719569 -0.52873 0.450293 
113.538 81.4385 -129.789 -0.723736 -0.519123 0.45477 
111.826 82.2398 -128.01 -0.719413 -0.529074 0.450139 
113.627 81.4209 -129.896 -0.723898 -0.518721 0.454971 
111.796 82.2847 -127.997 -0.719263 -0.529397 0.449999 
113.736 81.4183 -130.035 -0.724053 -0.518317 0.455185 
111.789 82.3379 -128.019 -0.719131 -0.529675 0.449883 
113.862 81.433 -130.203 -0.72419 -0.517934 0.455403 
111.809 82.3967 -128.081 -0.719028 -0.529881 0.449804 
113.998 81.4674 -130.392 -0.724295 -0.517608 0.455607 
111.86 82.4577 -128.182 -0.718968 -0.529989 0.449773 
114.136 81.522 -130.592 -0.724354 -0.517372 0.45578 
111.94 82.5156 -128.322 -0.718962 -0.529975 0.4498 
114.264 81.595 -130.787 -0.724358 -0.517258 0.455905 
112.047 82.5655 -128.491 -0.719015 -0.529829 0.449886 
114.371 81.6818 -130.96 -0.724302 -0.517283 0.455965 
112.173 82.604 -128.678 -0.719123 -0.529561 0.450028 
114.447 81.7746 -131.096 -0.724191 -0.517448 0.455955 
112.307 82.6276 -128.866 -0.719277 -0.529194 0.450215 
114.485 81.8656 -131.182 -0.724033 -0.51774 0.455873 
112.437 82.6348 -129.04 -0.719461 -0.528761 0.450429 
114.482 81.9461 -131.212 -0.723847 -0.518127 0.455729 
112.554 82.6267 -129.185 -0.719657 -0.528305 0.450652 
114.442 82.0092 -131.186 -0.72365 -0.518569 0.455539 
112.649 82.6045 -129.293 -0.719849 -0.52786 0.450866 
114.369 82.0521 -131.111 -0.723456 -0.519031 0.455321 
112.717 82.5713 -129.359 -0.720025 -0.527458 0.451056 
114.272 82.0731 -130.997 -0.723279 -0.519477 0.455094 
112.757 82.5298 -129.384 -0.720176 -0.527117 0.451214 
114.159 82.0743 -130.855 -0.723125 -0.519887 0.45487 
112.77 82.4825 -129.37 -0.720299 -0.526845 0.451335 
114.039 82.0579 -130.696 -0.723001 -0.520241 0.454662 
112.758 82.4327 -129.323 -0.720392 -0.526648 0.451417 
113.918 82.0279 -130.529 -0.722905 -0.520536 0.454477 
112.726 82.3817 -129.249 -0.720456 -0.526521 0.451462 
113.8 81.9872 -130.362 -0.722838 -0.520767 0.454319 
112.675 82.332 -129.154 -0.720492 -0.526464 0.451472 
113.69 81.9387 -130.202 -0.722798 -0.520934 0.454191 
112.611 82.2846 -129.044 -0.720502 -0.526468 0.451451 
113.59 81.8847 -130.051 -0.722784 -0.521039 0.454092 
112.536 82.2408 -128.921 -0.720488 -0.526528 0.451403 
113.502 81.8273 -129.914 -0.722795 -0.521085 0.454024 
112.453 82.2016 -128.792 -0.720452 -0.52664 0.45133 
113.428 81.7679 -129.793 -0.722828 -0.521072 0.453986 
112.364 82.1685 -128.659 -0.720393 -0.526801 0.451235 
113.369 81.7077 -129.691 -0.722884 -0.521001 0.453978 
112.272 82.1417 -128.525 -0.720315 -0.527007 0.45112 
113.326 81.6477 -129.61 -0.722962 -0.520872 0.454002 
112.178 82.1228 -128.394 -0.720217 -0.527255 0.450987 
113.301 81.5894 -129.552 -0.723061 -0.520686 0.454057 
112.084 82.1127 -128.269 -0.720098 -0.527545 0.450838 
113.296 81.5332 -129.521 -0.723184 -0.520438 0.454146 
111.992 82.1129 -128.152 -0.719958 -0.527874 0.450675 
113.313 81.4812 -129.519 -0.723327 -0.520133 0.454268 
111.906 82.124 -128.048 -0.719802 -0.528236 0.450501 
113.353 81.4347 -129.551 -0.72349 -0.519767 0.454426 
111.829 82.1473 -127.962 -0.71963 -0.528625 0.450319 
113.419 81.3967 -129.619 -0.723669 -0.519351 0.454618 
111.765 82.1829 -127.9 -0.71945 -0.529024 0.450138 
113.511 81.3697 -129.725 -0.723858 -0.518893 0.45484 
111.719 82.2311 -127.869 -0.719268 -0.529418 0.449966 
113.629 81.3576 -129.872 -0.724047 -0.518413 0.455086 
111.698 82.2902 -127.876 -0.719099 -0.529775 0.449815 
113.77 81.3649 -130.055 -0.724221 -0.517943 0.455344 
111.707 82.3579 -127.927 -0.718958 -0.530065 0.4497 
113.928 81.3946 -130.271 -0.724366 -0.517517 0.455597 
111.751 82.4305 -128.027 -0.718861 -0.53025 0.449636 
114.093 81.4491 -130.506 -0.724463 -0.517183 0.455823 
111.833 82.5019 -128.176 -0.718826 -0.530296 0.449638 
114.253 81.5281 -130.745 -0.724496 -0.516982 0.455999 
111.95 82.5663 -128.367 -0.718862 -0.530183 0.449713 
114.393 81.6272 -130.966 -0.724455 -0.516947 0.456103 
112.094 82.6176 -128.586 -0.718972 -0.529909 0.449861 
114.5 81.7385 -131.148 -0.724341 -0.51709 0.456121 
112.254 82.6519 -128.815 -0.719142 -0.529501 0.45007 
114.561 81.8507 -131.273 -0.724167 -0.517396 0.456051 
112.414 82.6668 -129.032 -0.719355 -0.528998 0.45032 
114.573 81.9531 -131.331 -0.72395 -0.517834 0.455898 
112.561 82.6621 -129.219 -0.71959 -0.528451 0.450588 
114.537 82.0359 -131.319 -0.723715 -0.518351 0.455684 
112.682 82.6403 -129.361 -0.719822 -0.527913 0.450848 
114.46 82.0941 -131.245 -0.72348 -0.518901 0.45543 
112.772 82.6042 -129.453 -0.720037 -0.527419 0.451083 
114.352 82.1254 -131.12 -0.723265 -0.519437 0.455161 
112.828 82.5576 -129.495 -0.720222 -0.526996 0.451281 
114.223 82.1321 -130.96 -0.723078 -0.51993 0.454895 
112.851 82.5045 -129.49 -0.720373 -0.526659 0.451433 
114.084 82.1173 -130.778 -0.722925 -0.520359 0.454648 
112.845 82.4477 -129.445 -0.720488 -0.526409 0.45154 
113.943 82.086 -130.586 -0.722806 -0.520718 0.454426 
112.814 82.3892 -129.368 -0.720571 -0.526241 0.451604 
113.806 82.0421 -130.394 -0.72272 -0.521003 0.454236 
112.762 82.3318 -129.267 -0.720622 -0.526152 0.451628 
113.678 81.9889 -130.208 -0.722666 -0.521215 0.454079 
112.695 82.2766 -129.147 -0.720644 -0.526131 0.451617 
113.56 81.93 -130.033 -0.722639 -0.521361 0.453955 
112.615 82.2249 -129.013 -0.720641 -0.526171 0.451575 
113.455 81.8672 -129.872 -0.722637 -0.521444 0.453863 
112.525 82.1776 -128.871 -0.720614 -0.526266 0.451507 
113.363 81.8026 -129.727 -0.722658 -0.521467 0.453802 
112.429 82.1357 -128.724 -0.720566 -0.526412 0.451414 
113.287 81.7365 -129.6 -0.722704 -0.52143 0.453773 
112.329 82.1002 -128.576 -0.720495 -0.526605 0.451301 
113.227 81.6703 -129.494 -0.722772 -0.521333 0.453775 
112.225 82.0725 -128.427 -0.720403 -0.526846 0.451167 
113.185 81.6046 -129.41 -0.722863 -0.521176 0.45381 
112.12 82.0531 -128.283 -0.720289 -0.527131 0.451016 
113.161 81.5408 -129.352 -0.722978 -0.520957 0.453879 
112.016 82.0439 -128.144 -0.720153 -0.527462 0.450846 
113.16 81.479 -129.323 -0.723118 -0.52067 0.453984 
111.914 82.0456 -128.015 -0.719994 -0.527836 0.450662 
113.182 81.4214 -129.326 -0.723283 -0.520317 0.454128 
111.818 82.0603 -127.9 -0.719814 -0.528253 0.450463 
113.232 81.3696 -129.367 -0.723471 -0.519895 0.454311 
111.731 82.0886 -127.804 -0.719615 -0.528701 0.450255 
113.31 81.326 -129.449 -0.723681 -0.519406 0.454536 
111.658 82.1319 -127.735 -0.719402 -0.52917 0.450044 
113.42 81.295 -129.576 -0.723903 -0.518867 0.454797 
111.605 82.1899 -127.7 -0.719186 -0.529635 0.449841 
113.561 81.2808 -129.751 -0.72413 -0.518294 0.45509 
111.58 82.2619 -127.709 -0.718982 -0.530065 0.449661 
113.73 81.2893 -129.972 -0.72434 -0.517728 0.455399 
111.592 82.3443 -127.773 -0.718811 -0.530413 0.449524 
113.921 81.3253 -130.233 -0.724515 -0.517214 0.455705 
111.648 82.4326 -127.897 -0.718696 -0.530633 0.449449 
114.122 81.3927 -130.52 -0.72463 -0.516812 0.455978 
111.75 82.5192 -128.082 -0.718659 -0.530676 0.449457 
114.316 81.4912 -130.81 -0.724662 -0.516581 0.456188 
111.897 82.5963 -128.319 -0.718714 -0.530515 0.449559 
114.484 81.6153 -131.077 -0.724601 -0.516565 0.456305 
112.078 82.656 -128.592 -0.718862 -0.530151 0.449752 
114.608 81.7539 -131.293 -0.724447 -0.516775 0.456311 
112.276 82.6937 -128.873 -0.719084 -0.529622 0.45002 
114.673 81.8917 -131.433 -0.72422 -0.517187 0.456204 
112.471 82.7065 -129.134 -0.719356 -0.528986 0.450333 
114.676 82.0142 -131.487 -0.723945 -0.517752 0.455999 
112.644 82.6961 -129.351 -0.719644 -0.528316 0.45066 
114.62 82.1092 -131.454 -0.723656 -0.518398 0.455724 
112.783 82.6652 -129.511 -0.719922 -0.527671 0.450971 
114.516 82.1714 -131.348 -0.723378 -0.519062 0.45541 
112.881 82.6187 -129.606 -0.72017 -0.527098 0.451244 
114.378 82.2008 -131.186 -0.723128 -0.519694 0.455085 
112.938 82.5618 -129.641 -0.720378 -0.526624 0.451466 
114.221 82.2006 -130.987 -0.722919 -0.520257 0.454774 
112.956 82.4981 -129.623 -0.720544 -0.526254 0.451633 
114.056 82.1772 -130.768 -0.722751 -0.520739 0.45449 
112.941 82.4316 -129.561 -0.720668 -0.525988 0.451745 
113.893 82.1358 -130.544 -0.722624 -0.521132 0.454242 
112.9 82.3647 -129.465 -0.720754 -0.525816 0.451809 
113.737 82.0824 -130.324 -0.722533 -0.521442 0.454031 
112.838 82.299 -129.345 -0.720807 -0.525725 0.45183 
113.592 82.0208 -130.114 -0.722474 -0.521673 0.453858 
112.759 82.2363 -129.206 -0.72083 -0.525707 0.451813 
113.46 81.9541 -129.917 -0.722444 -0.521834 0.453721 
112.669 82.1774 -129.056 -0.720829 -0.52575 0.451766 
113.342 81.8845 -129.736 -0.72244 -0.521931 0.453617 
112.57 82.123 -128.898 -0.720804 -0.525847 0.451692 
113.238 81.8134 -129.573 -0.722458 -0.521968 0.453545 
112.464 82.0744 -128.736 -0.720757 -0.525995 0.451595 
113.15 81.7417 -129.428 -0.722499 -0.521948 0.453504 
112.355 82.0317 -128.572 -0.720691 -0.526186 0.451478 
113.077 81.6703 -129.303 -0.72256 -0.521872 0.453493 
112.242 81.9962 -128.409 -0.720604 -0.526422 0.451341 
113.021 81.5991 -129.2 -0.722646 -0.521736 0.453513 
112.128 81.9693 -128.248 -0.720494 -0.526706 0.451186 
112.984 81.529 -129.12 -0.722755 -0.521538 0.453567 
112.013 81.9517 -128.092 -0.720361 -0.527037 0.451012 
112.968 81.46 -129.069 -0.722891 -0.521271 0.453657 
111.898 81.9455 -127.942 -0.720202 -0.527419 0.450819 
112.975 81.3934 -129.048 -0.723055 -0.52093 0.453787 
111.786 81.9522 -127.803 -0.720016 -0.527854 0.450607 
113.009 81.3304 -129.064 -0.723248 -0.520509 0.453961 
111.68 81.9735 -127.677 -0.719803 -0.52834 0.450377 
113.074 81.2726 -129.122 -0.723473 -0.520003 0.454184 
111.582 82.0111 -127.573 -0.719566 -0.528869 0.450135 
113.173 81.2242 -129.228 -0.723724 -0.519416 0.454455 
111.5 82.067 -127.499 -0.719309 -0.52943 0.449886 
113.31 81.1896 -129.39 -0.723995 -0.51876 0.454774 
111.442 82.1412 -127.465 -0.719046 -0.529992 0.449644 
113.487 81.1749 -129.61 -0.724271 -0.518058 0.455134 
111.418 82.2323 -127.486 -0.718798 -0.530511 0.44943 
113.699 81.1885 -129.889 -0.724529 -0.517361 0.455516 
111.44 82.337 -127.575 -0.718591 -0.530928 0.449269 
113.939 81.2377 -130.219 -0.724739 -0.516735 0.455892 
111.519 82.4476 -127.742 -0.71846 -0.531169 0.449192 
114.19 81.3287 -130.581 -0.724866 -0.516265 0.456223 
111.659 82.5544 -127.988 -0.718438 -0.531172 0.449225 
114.43 81.4604 -130.943 -0.724881 -0.51603 0.456466 
111.856 82.6463 -128.301 -0.718539 -0.5309 0.449383 
114.63 81.6241 -131.268 -0.72477 -0.516085 0.456579 
112.094 82.7135 -128.653 -0.71876 -0.530369 0.449658 
114.766 81.8031 -131.515 -0.72454 -0.516439 0.456543 
112.346 82.7497 -129.005 -0.719072 -0.529638 0.450021 
114.823 81.9746 -131.658 -0.724225 -0.517041 0.456362 
112.585 82.7543 -129.318 -0.719429 -0.528806 0.450428 
114.798 82.119 -131.684 -0.723865 -0.517806 0.456065 
112.788 82.7309 -129.565 -0.719788 -0.527971 0.450834 
114.702 82.2224 -131.605 -0.723505 -0.518633 0.455696 
112.94 82.6846 -129.73 -0.720118 -0.527205 0.451203 
114.554 82.2814 -131.441 -0.723176 -0.519442 0.455297 
113.039 82.6224 -129.815 -0.7204 -0.526554 0.451513 
114.373 82.2997 -131.22 -0.722895 -0.520177 0.454905 
113.087 82.5503 -129.829 -0.720627 -0.526036 0.451754 
114.177 82.2854 -130.967 -0.722666 -0.520811 0.454543 
113.092 82.4738 -129.784 -0.7208 -0.525652 0.451926 
113.981 82.2463 -130.703 -0.72249 -0.521333 0.454223 
113.062 82.3955 -129.695 -0.720926 -0.525384 0.452036 
113.793 82.1912 -130.442 -0.72236 -0.521752 0.45395 
113.006 82.3186 -129.574 -0.721012 -0.525219 0.452092 
113.617 82.1253 -130.192 -0.722269 -0.522075 0.453723 
112.929 82.2443 -129.43 -0.721063 -0.525138 0.452103 
113.455 82.0538 -129.956 -0.722209 -0.52232 0.453537 
112.838 82.1733 -129.271 -0.721088 -0.525125 0.452079 
113.309 81.9793 -129.738 -0.722176 -0.522495 0.453388 
112.737 82.1063 -129.104 -0.721089 -0.525168 0.452027 
113.178 81.9037 -129.537 -0.722165 -0.522611 0.453271 
112.629 82.0437 -128.93 -0.721071 -0.525258 0.451951 
113.061 81.8282 -129.354 -0.722173 -0.522677 0.453183 
112.517 81.9861 -128.755 -0.721036 -0.525388 0.451856 
112.957 81.7529 -129.188 -0.7222 -0.522692 0.453122 
112.401 81.9342 -128.579 -0.720983 -0.525558 0.451744 
112.868 81.6786 -129.04 -0.722244 -0.522662 0.453086 
112.283 81.8882 -128.405 -0.720913 -0.525762 0.451617 
112.793 81.6045 -128.911 -0.722308 -0.522581 0.453078 
112.164 81.8493 -128.232 -0.720825 -0.526007 0.451473 
112.733 81.5313 -128.801 -0.722392 -0.52245 0.453096 
112.043 81.8184 -128.062 -0.720715 -0.526294 0.451313 
112.691 81.4582 -128.714 -0.7225 -0.522257 0.453146 
111.922 81.7965 -127.896 -0.720584 -0.526628 0.451134 
112.667 81.3858 -128.651 -0.722634 -0.521998 0.45323 
111.8 81.7856 -127.734 -0.720423 -0.527017 0.450935 
112.666 81.314 -128.617 -0.722799 -0.521662 0.453354 
111.677 81.7877 -127.578 -0.720232 -0.527469 0.450712 
112.692 81.2432 -128.618 -0.723 -0.521235 0.453525 
111.556 81.805 -127.432 -0.720006 -0.527988 0.450465 
112.749 81.175 -128.661 -0.723239 -0.520707 0.453749 
111.439 81.8402 -127.301 -0.719744 -0.528578 0.450193 
112.843 81.1119 -128.755 -0.72352 -0.520068 0.454035 
111.331 81.8963 -127.193 -0.719445 -0.529234 0.4499 
112.981 81.0584 -128.909 -0.723838 -0.519318 0.454385 
111.24 81.9756 -127.119 -0.719119 -0.529936 0.449595 
113.169 81.0213 -129.135 -0.724186 -0.518469 0.454801 
111.18 82.0792 -127.098 -0.718781 -0.530645 0.449297 
113.408 81.0107 -129.439 -0.72454 -0.51756 0.455272 
111.165 82.2053 -127.15 -0.718465 -0.531294 0.449037 
113.696 81.0388 -129.823 -0.724868 -0.51666 0.455772 
111.217 82.3473 -127.298 -0.718216 -0.531783 0.448856 
114.02 81.1192 -130.274 -0.725117 -0.515883 0.456256 
111.349 82.4943 -127.556 -0.718088 -0.532002 0.448801 
114.352 81.2597 -130.76 -0.725234 -0.51536 0.456662 
111.57 82.6295 -127.925 -0.718129 -0.531852 0.448914 
114.654 81.4578 -131.231 -0.725177 -0.515212 0.456918 
111.864 82.7362 -128.376 -0.718354 -0.531303 0.449205 
114.886 81.6946 -131.624 -0.724938 -0.5155 0.456973 
112.201 82.803 -128.858 -0.718732 -0.530417 0.449646 
115.013 81.9375 -131.885 -0.724551 -0.516186 0.456812 
112.535 82.8251 -129.308 -0.719201 -0.529329 0.450178 
115.023 82.1515 -131.984 -0.72408 -0.51715 0.456467 
112.826 82.8064 -129.674 -0.719687 -0.528199 0.450728 
114.928 82.3112 -131.927 -0.723595 -0.51824 0.456001 
113.051 82.7555 -129.93 -0.720136 -0.527153 0.451235 
114.752 82.4071 -131.743 -0.723149 -0.519316 0.455483 
113.201 82.6822 -130.072 -0.720516 -0.526267 0.451663 
114.528 82.4439 -131.476 -0.722771 -0.520291 0.454971 
113.282 82.596 -130.116 -0.720819 -0.525565 0.451997 
114.285 82.4345 -131.165 -0.722468 -0.521122 0.4545 
113.305 82.5043 -130.083 -0.721049 -0.525042 0.452238 
114.041 82.3922 -130.842 -0.722237 -0.521799 0.45409 
113.283 82.4114 -129.994 -0.721217 -0.524672 0.452398 
113.81 82.3297 -130.525 -0.722066 -0.522338 0.453744 
113.229 82.3207 -129.866 -0.721335 -0.52443 0.452491 
113.597 82.2563 -130.226 -0.721941 -0.52276 0.453456 
113.153 82.233 -129.713 -0.721416 -0.524284 0.452531 
113.404 82.1778 -129.948 -0.721852 -0.523089 0.453219 
113.061 82.1493 -129.545 -0.721467 -0.524214 0.452532 
113.228 82.0979 -129.691 -0.721789 -0.523345 0.453023 
112.959 82.0694 -129.369 -0.721497 -0.524197 0.452503 
113.069 82.019 -129.454 -0.721746 -0.523545 0.452861 
112.852 81.9933 -129.19 -0.721513 -0.524217 0.452454 
112.924 81.942 -129.235 -0.721717 -0.523704 0.452724 
112.743 81.921 -129.011 -0.721517 -0.524266 0.452392 
112.791 81.8677 -129.032 -0.721697 -0.523832 0.452607 
112.634 81.8518 -128.834 -0.721514 -0.524331 0.452321 
112.669 81.7965 -128.842 -0.721685 -0.523937 0.452505 
112.525 81.786 -128.662 -0.721506 -0.524408 0.452244 
112.555 81.7278 -128.666 -0.721679 -0.52402 0.452418 
112.419 81.7238 -128.495 -0.721492 -0.524496 0.452164 
112.45 81.662 -128.5 -0.721677 -0.524089 0.45234 
112.315 81.665 -128.333 -0.721475 -0.524591 0.452082 
112.351 81.5988 -128.345 -0.72168 -0.524144 0.452273 
112.213 81.6095 -128.176 -0.721454 -0.524693 0.451998 
112.26 81.5378 -128.2 -0.721688 -0.524183 0.452214 
112.115 81.5575 -128.025 -0.721428 -0.524801 0.451912 
112.176 81.4788 -128.064 -0.721701 -0.524208 0.452165 
112.018 81.509 -127.878 -0.721398 -0.524917 0.451825 
112.098 81.4215 -127.938 -0.72172 -0.524216 0.452125 
111.924 81.4642 -127.737 -0.721362 -0.525044 0.451735 
112.027 81.3654 -127.822 -0.721747 -0.524205 0.452096 
111.832 81.4234 -127.599 -0.721319 -0.525185 0.45164 
111.964 81.3103 -127.716 -0.721782 -0.524171 0.452078 
111.74 81.387 -127.464 -0.721267 -0.525343 0.451539 
111.909 81.2555 -127.62 -0.721829 -0.52411 0.452075 
111.648 81.3555 -127.332 -0.721203 -0.525525 0.45143 
111.863 81.201 -127.536 -0.721888 -0.524017 0.452088 
111.555 81.3298 -127.201 -0.721123 -0.525738 0.45131 
111.828 81.1453 -127.466 -0.721967 -0.52388 0.452121 
111.46 81.3103 -127.071 -0.721025 -0.525989 0.451174 
111.805 81.0885 -127.411 -0.722067 -0.523692 0.452179 
111.361 81.2991 -126.939 -0.720901 -0.526292 0.451018 
111.798 81.0291 -127.375 -0.722196 -0.523436 0.45227 
111.258 81.2972 -126.806 -0.720747 -0.526657 0.450838 
111.81 80.9669 -127.362 -0.72236 -0.523097 0.452399 
111.148 81.3079 -126.671 -0.720554 -0.527104 0.450625 
111.846 80.9006 -127.38 -0.72257 -0.52265 0.45258 
111.031 81.334 -126.534 -0.720311 -0.527651 0.450373 
111.914 80.8307 -127.437 -0.722835 -0.522072 0.452824 
110.907 81.3796 -126.398 -0.72001 -0.528317 0.450074 
112.024 80.7576 -127.546 -0.723167 -0.52133 0.453148 
110.778 81.4509 -126.268 -0.719639 -0.529121 0.449722 
112.187 80.6839 -127.724 -0.723577 -0.520392 0.453572 
110.651 81.5541 -126.157 -0.719192 -0.530071 0.449318 
112.418 80.6167 -127.993 -0.724066 -0.519241 0.454111 
110.54 81.6956 -126.086 -0.718678 -0.531146 0.448871 
112.733 80.5684 -128.379 -0.724625 -0.517878 0.454775 
110.469 81.8805 -126.092 -0.718124 -0.53228 0.448415 
113.143 80.5614 -128.908 -0.72521 -0.516371 0.455554 
110.477 82.1061 -126.225 -0.717602 -0.533318 0.448016 
113.647 80.6273 -129.587 -0.725742 -0.514879 0.456397 
110.615 82.358 -126.545 -0.717232 -0.534014 0.44778 
114.214 80.8017 -130.393 -0.726091 -0.513679 0.457192 
110.923 82.6048 -127.092 -0.717159 -0.534072 0.447827 
114.775 81.1063 -131.242 -0.726121 -0.513117 0.457776 
111.405 82.8063 -127.848 -0.717478 -0.533297 0.44824 
115.232 81.5197 -131.997 -0.725764 -0.513434 0.457986 
111.999 82.9302 -128.71 -0.718152 -0.531757 0.44899 
115.495 81.9713 -132.513 -0.725076 -0.514614 0.457753 
112.6 82.968 -129.524 -0.719011 -0.529794 0.449934 
115.526 82.3679 -132.707 -0.724221 -0.516357 0.457141 
113.109 82.9325 -130.162 -0.719866 -0.527814 0.450894 
115.352 82.6444 -132.594 -0.723377 -0.518268 0.456315 
113.476 82.846 -130.575 -0.720597 -0.526092 0.451738 
115.043 82.788 -132.261 -0.722656 -0.520042 0.455439 
113.702 82.7305 -130.782 -0.721169 -0.524729 0.45241 
114.675 82.8235 -131.815 -0.722095 -0.521528 0.454629 
113.815 82.6051 -130.834 -0.721591 -0.523718 0.452907 
114.305 82.7892 -131.34 -0.721681 -0.522702 0.453938 
113.848 82.4816 -130.786 -0.721893 -0.523002 0.453253 
113.964 82.7171 -130.887 -0.721386 -0.523594 0.453378 
113.829 82.3663 -130.678 -0.722105 -0.522515 0.453478 
113.666 82.6297 -130.481 -0.721178 -0.524263 0.452935 
113.776 82.2615 -130.539 -0.72225 -0.522195 0.453614 
113.41 82.5393 -130.126 -0.721032 -0.524764 0.452588 
113.705 82.1657 -130.385 -0.722353 -0.521989 0.453688 
113.192 82.4533 -129.817 -0.720923 -0.525149 0.452313 
113.624 82.078 -130.226 -0.722428 -0.521857 0.453721 
113.003 82.3741 -129.547 -0.720839 -0.525458 0.452089 
113.54 81.9961 -130.071 -0.722489 -0.521765 0.45373 
112.837 82.3035 -129.307 -0.720764 -0.525725 0.451899 
113.458 81.9185 -129.923 -0.722545 -0.521687 0.45373 
112.688 82.2415 -129.09 -0.720691 -0.525971 0.451729 
113.383 81.844 -129.786 -0.722604 -0.521604 0.453731 
112.551 82.1883 -128.892 -0.720613 -0.526215 0.451568 
113.316 81.772 -129.664 -0.722672 -0.521501 0.453741 
112.422 82.1441 -128.708 -0.720526 -0.526469 0.451411 
113.261 81.7021 -129.559 -0.722753 -0.521367 0.453767 
112.3 82.1094 -128.536 -0.720425 -0.526746 0.451249 
113.22 81.6343 -129.474 -0.72285 -0.521191 0.453814 
112.183 82.0843 -128.375 -0.720309 -0.527049 0.451082 
113.196 81.5691 -129.413 -0.722965 -0.520968 0.453887 
112.071 82.0701 -128.226 -0.720173 -0.527386 0.450904 
113.192 81.5066 -129.379 -0.723102 -0.520687 0.453992 
111.965 82.0673 -128.089 -0.720019 -0.527756 0.450716 
113.21 81.4485 -129.375 -0.72326 -0.520347 0.454129 
111.865 82.0774 -127.968 -0.719845 -0.528163 0.450518 
113.253 81.3958 -129.407 -0.723441 -0.519942 0.454304 
111.776 82.1009 -127.867 -0.719654 -0.528597 0.450314 
113.324 81.3517 -129.478 -0.723641 -0.519479 0.454515 
111.7 82.1392 -127.792 -0.719449 -0.529052 0.450107 
113.424 81.3188 -129.593 -0.723855 -0.518964 0.454763 
111.644 82.1917 -127.75 -0.719242 -0.529503 0.449908 
113.554 81.3021 -129.752 -0.724072 -0.518418 0.45504 
111.614 82.258 -127.75 -0.719043 -0.529925 0.449729 
113.712 81.306 -129.957 -0.724278 -0.51787 0.455336 
111.619 82.3349 -127.8 -0.718873 -0.530274 0.449589 
113.892 81.3359 -130.2 -0.724452 -0.517369 0.45563 
111.664 82.4182 -127.908 -0.718753 -0.530507 0.449506 
114.083 81.3949 -130.47 -0.724573 -0.516963 0.455898 
111.753 82.5014 -128.074 -0.718703 -0.530581 0.449498 
114.27 81.4835 -130.748 -0.724619 -0.51671 0.456111 
111.885 82.577 -128.292 -0.718739 -0.530466 0.449578 
114.436 81.5976 -131.009 -0.724578 -0.516653 0.456241 
112.052 82.6379 -128.546 -0.718862 -0.530157 0.449745 
114.563 81.7273 -131.225 -0.72445 -0.516809 0.456268 
112.238 82.6784 -128.813 -0.71906 -0.529683 0.449987 
114.638 81.8596 -131.374 -0.724246 -0.517165 0.456188 
112.426 82.6956 -129.068 -0.719311 -0.529094 0.450279 
114.653 81.9798 -131.443 -0.723993 -0.517675 0.456012 
112.596 82.6903 -129.285 -0.719583 -0.528459 0.45059 
114.611 82.0768 -131.429 -0.723718 -0.51828 0.455761 
112.737 82.6647 -129.45 -0.719853 -0.527834 0.450892 
114.521 82.1432 -131.342 -0.723448 -0.518914 0.455467 
112.84 82.6231 -129.555 -0.720098 -0.527268 0.451162 
114.395 82.1784 -131.197 -0.723201 -0.51953 0.455157 
112.902 82.5703 -129.601 -0.720307 -0.526791 0.451386 
114.247 82.1844 -131.013 -0.722991 -0.520087 0.454854 
112.928 82.51 -129.594 -0.720476 -0.526411 0.451558 
114.09 82.1667 -130.806 -0.72282 -0.52057 0.454574 
112.92 82.4463 -129.543 -0.720604 -0.526133 0.451678 
113.931 82.1303 -130.591 -0.722689 -0.520968 0.454327 
112.886 82.3812 -129.457 -0.720696 -0.525946 0.451749 
113.779 82.081 -130.376 -0.722593 -0.521285 0.454115 
112.829 82.3174 -129.345 -0.720753 -0.525844 0.451777 
113.636 82.0226 -130.17 -0.722531 -0.521524 0.45394 
112.756 82.2561 -129.213 -0.72078 -0.525815 0.451767 
113.505 81.9585 -129.976 -0.722497 -0.521692 0.4538 
112.669 82.1983 -129.069 -0.720782 -0.525848 0.451726 
113.388 81.8909 -129.797 -0.722489 -0.521795 0.453694 
112.574 82.1449 -128.915 -0.72076 -0.525937 0.451657 
113.285 81.8214 -129.636 -0.722505 -0.521837 0.453621 
112.471 82.0968 -128.757 -0.720717 -0.526076 0.451565 
113.197 81.751 -129.492 -0.722544 -0.521821 0.453578 
112.364 82.0553 -128.597 -0.720651 -0.526264 0.451451 
113.125 81.6804 -129.369 -0.722605 -0.521747 0.453566 
112.254 82.0205 -128.437 -0.720566 -0.526495 0.451318 
113.07 81.6106 -129.267 -0.722688 -0.521615 0.453585 
112.142 81.9943 -128.279 -0.720457 -0.526774 0.451165 
113.034 81.5414 -129.189 -0.722796 -0.521419 0.453638 
112.029 81.9773 -128.126 -0.720326 -0.527099 0.450994 
113.018 81.4739 -129.139 -0.72293 -0.521156 0.453727 
111.917 81.9716 -127.98 -0.72017 -0.527475 0.450805 
113.025 81.4089 -129.12 -0.723091 -0.520821 0.453855 
111.808 81.9782 -127.844 -0.719989 -0.527899 0.450598 
113.06 81.3474 -129.137 -0.723281 -0.520407 0.454027 
111.705 81.9996 -127.724 -0.719781 -0.528373 0.450374 
113.124 81.2922 -129.195 -0.723499 -0.519914 0.454245 
111.611 82.0369 -127.624 -0.719551 -0.528887 0.450139 
113.222 81.2464 -129.301 -0.723741 -0.519345 0.454509 
111.534 82.0911 -127.555 -0.719305 -0.529423 0.449901 
113.356 81.2144 -129.46 -0.724001 -0.518712 0.454818 
111.48 82.163 -127.526 -0.719055 -0.529958 0.449671 
113.527 81.2029 -129.675 -0.724263 -0.518044 0.455163 
111.46 82.2509 -127.551 -0.718821 -0.530445 0.449471 
113.732 81.2184 -129.945 -0.724505 -0.517385 0.455527 
111.486 82.3504 -127.641 -0.718631 -0.530827 0.449324 
113.961 81.2686 -130.26 -0.724698 -0.516803 0.455881 
111.565 82.4551 -127.805 -0.718515 -0.531039 0.449258 
114.198 81.3574 -130.603 -0.724811 -0.516371 0.45619 
111.701 82.5555 -128.043 -0.718501 -0.531026 0.449297 
114.423 81.4841 -130.944 -0.724818 -0.516165 0.456411 
111.89 82.6413 -128.341 -0.718603 -0.530757 0.449452 
114.609 81.6398 -131.247 -0.724707 -0.516233 0.456511 
112.115 82.7038 -128.673 -0.718814 -0.530247 0.449716 
114.734 81.808 -131.477 -0.724488 -0.516575 0.456472 
112.353 82.7371 -129.004 -0.719109 -0.529555 0.45006 
114.785 81.969 -131.607 -0.724189 -0.517149 0.456297 
112.578 82.7412 -129.298 -0.719445 -0.528771 0.450444 
114.76 82.1038 -131.63 -0.72385 -0.517871 0.456015 
112.768 82.7182 -129.53 -0.719785 -0.52798 0.450828 
114.668 82.2008 -131.554 -0.723511 -0.518653 0.455665 
112.912 82.6739 -129.686 -0.720098 -0.527255 0.451177 
114.527 82.2564 -131.397 -0.723198 -0.51942 0.455287 
113.005 82.6147 -129.766 -0.720365 -0.526638 0.451471 
114.355 82.2742 -131.187 -0.722929 -0.520121 0.454914 
113.051 82.5456 -129.778 -0.720582 -0.526144 0.4517 
114.168 82.2602 -130.946 -0.722712 -0.520726 0.454568 
113.055 82.4717 -129.735 -0.720749 -0.525775 0.451864 
113.98 82.2233 -130.692 -0.722542 -0.521228 0.454262 
113.025 82.3966 -129.648 -0.720869 -0.52552 0.451968 
113.799 82.1698 -130.441 -0.722418 -0.521628 0.454 
112.97 82.3224 -129.53 -0.720951 -0.525364 0.45202 
113.629 82.1062 -130.199 -0.72233 -0.52194 0.453782 
112.895 82.2502 -129.39 -0.721 -0.525288 0.45203 
113.474 82.0365 -129.971 -0.722274 -0.522172 0.453603 
112.805 82.1817 -129.234 -0.72102 -0.525283 0.452004 
113.333 81.9635 -129.76 -0.722245 -0.522336 0.453461 
112.706 82.1172 -129.069 -0.721018 -0.525333 0.451949 
113.206 81.8889 -129.566 -0.722239 -0.522439 0.453352 
112.599 82.0577 -128.899 -0.720994 -0.525434 0.451869 
113.094 81.814 -129.39 -0.722253 -0.522488 0.453272 
112.487 82.003 -128.726 -0.720953 -0.525575 0.451771 
112.997 81.7395 -129.232 -0.722286 -0.522488 0.45322 
112.372 81.9541 -128.552 -0.720894 -0.525757 0.451654 
112.914 81.6652 -129.093 -0.72234 -0.522435 0.453195 
112.254 81.9121 -128.38 -0.720815 -0.52598 0.45152 
112.846 81.5918 -128.973 -0.722413 -0.522332 0.453199 
112.135 81.8773 -128.21 -0.720717 -0.526243 0.45137 
112.795 81.5185 -128.874 -0.722509 -0.522169 0.453233 
112.015 81.8514 -128.042 -0.720596 -0.526554 0.451201 
112.762 81.4461 -128.8 -0.72263 -0.521943 0.4533 
111.894 81.8357 -127.88 -0.720449 -0.526916 0.451012 
112.751 81.3745 -128.753 -0.72278 -0.521645 0.453404 
111.772 81.8319 -127.723 -0.720274 -0.527334 0.450803 
112.764 81.3042 -128.738 -0.722961 -0.521265 0.453552 
111.653 81.8421 -127.575 -0.720068 -0.527814 0.45057 
112.806 81.236 -128.762 -0.72318 -0.52079 0.45375 
111.537 81.8684 -127.441 -0.719829 -0.528358 0.450316 
112.882 81.1728 -128.832 -0.723435 -0.520215 0.454002 
111.428 81.9139 -127.326 -0.719555 -0.528964 0.450041 
112.998 81.1177 -128.958 -0.723726 -0.519538 0.454314 
111.335 81.9806 -127.243 -0.719254 -0.529617 0.449753 
113.159 81.0765 -129.147 -0.724045 -0.518765 0.454687 
111.266 82.0699 -127.203 -0.718939 -0.530288 0.449468 
113.368 81.0575 -129.408 -0.724378 -0.517926 0.455114 
111.237 82.1807 -127.227 -0.718634 -0.530921 0.449208 
113.623 81.0712 -129.742 -0.724695 -0.517076 0.455576 
111.262 82.3086 -127.332 -0.718377 -0.531436 0.44901 
113.915 81.1288 -130.143 -0.724956 -0.516302 0.456038 
111.358 82.4451 -127.537 -0.718214 -0.531737 0.448914 
114.225 81.2397 -130.588 -0.725113 -0.515721 0.456446 
111.534 82.5762 -127.844 -0.718192 -0.531727 0.448961 
114.519 81.405 -131.036 -0.725122 -0.515447 0.45674 
111.783 82.6871 -128.237 -0.718335 -0.531358 0.449169 
114.762 81.6129 -131.433 -0.724965 -0.515557 0.456865 
112.084 82.7645 -128.678 -0.718633 -0.530651 0.449528 
114.92 81.8385 -131.726 -0.724657 -0.516053 0.456794 
112.398 82.8022 -129.112 -0.719038 -0.529708 0.449993 
114.974 82.05 -131.88 -0.724247 -0.516853 0.45654 
112.688 82.8002 -129.488 -0.719488 -0.528662 0.450502 
114.924 82.2204 -131.886 -0.723797 -0.517829 0.456148 
112.924 82.7644 -129.77 -0.719925 -0.527646 0.450995 
114.789 82.3351 -131.761 -0.723362 -0.518847 0.45568 
113.094 82.7037 -129.948 -0.72031 -0.526749 0.451429 
114.597 82.3928 -131.541 -0.722978 -0.519807 0.455195 
113.197 82.6268 -130.027 -0.720628 -0.526012 0.451781 
114.374 82.4019 -131.264 -0.722662 -0.52065 0.454733 
113.241 82.5414 -130.025 -0.720875 -0.525446 0.452045 
114.142 82.3749 -130.961 -0.722413 -0.521357 0.454319 
113.237 82.4526 -129.96 -0.721061 -0.525034 0.452229 
113.916 82.3231 -130.655 -0.722226 -0.521926 0.453963 
113.197 82.3642 -129.851 -0.721193 -0.524753 0.452343 
113.704 82.2567 -130.36 -0.722088 -0.522377 0.453664 
113.13 82.2784 -129.711 -0.721283 -0.524581 0.452399 
113.51 82.1819 -130.083 -0.72199 -0.522726 0.453417 
113.045 82.196 -129.552 -0.721341 -0.524492 0.452411 
113.333 82.1039 -129.825 -0.721923 -0.522995 0.453214 
112.948 82.1173 -129.381 -0.721373 -0.524466 0.452389 
113.173 82.0252 -129.587 -0.721879 -0.523201 0.453047 
112.843 82.0424 -129.204 -0.721388 -0.524486 0.452342 
113.028 81.9473 -129.368 -0.721852 -0.523357 0.45291 
112.733 81.9714 -129.025 -0.721387 -0.524542 0.452278 
112.896 81.8714 -129.165 -0.721838 -0.523474 0.452796 
112.621 81.9042 -128.846 -0.721376 -0.524625 0.4522 
112.775 81.7972 -128.978 -0.721837 -0.523556 0.452703 
112.508 81.8414 -128.669 -0.721354 -0.524731 0.452112 
112.666 81.7253 -128.805 -0.721845 -0.52361 0.452628 
112.396 81.7824 -128.495 -0.721324 -0.524855 0.452016 
112.566 81.655 -128.646 -0.721864 -0.523635 0.452569 
112.285 81.7281 -128.326 -0.721285 -0.524998 0.451913 
112.477 81.5867 -128.499 -0.721892 -0.523635 0.452525 
112.174 81.6784 -128.159 -0.721235 -0.525161 0.451803 
112.397 81.5196 -128.366 -0.721931 -0.523605 0.452497 
112.064 81.6337 -127.997 -0.721175 -0.525346 0.451684 
112.327 81.4534 -128.247 -0.721983 -0.523542 0.452486 
111.954 81.5948 -127.837 -0.721101 -0.525557 0.451555 
112.269 81.3875 -128.142 -0.722051 -0.523439 0.452496 
111.843 81.5623 -127.68 -0.721011 -0.525802 0.451415 
112.223 81.3215 -128.053 -0.722139 -0.52329 0.452529 
111.731 81.5373 -127.525 -0.720901 -0.526087 0.451258 
112.193 81.2548 -127.983 -0.722249 -0.523085 0.45259 
111.617 81.5212 -127.371 -0.720766 -0.526423 0.451083 
112.179 81.1868 -127.936 -0.722389 -0.52281 0.452685 
111.499 81.5158 -127.218 -0.7206 -0.526821 0.450883 
112.188 81.1171 -127.915 -0.722564 -0.522449 0.452822 
111.378 81.5238 -127.067 -0.720395 -0.527297 0.450653 
112.222 81.046 -127.928 -0.722781 -0.521986 0.453009 
111.253 81.5479 -126.92 -0.720147 -0.527862 0.450389 
112.291 80.9735 -127.984 -0.72305 -0.521395 0.45326 
111.127 81.5921 -126.78 -0.719847 -0.528529 0.450087 
112.401 80.902 -128.095 -0.723376 -0.520659 0.453586 
111.003 81.6614 -126.656 -0.719489 -0.529306 0.449745 
112.564 80.8353 -128.275 -0.723765 -0.519757 0.454 
110.89 81.7599 -126.562 -0.719078 -0.530183 0.449369 
112.79 80.7815 -128.544 -0.72421 -0.51869 0.454511 
110.803 81.892 -126.52 -0.718628 -0.531124 0.448978 
113.088 80.754 -128.918 -0.724691 -0.517486 0.455116 
110.766 82.0583 -126.562 -0.718176 -0.532046 0.448609 
113.463 80.7723 -129.409 -0.725162 -0.516231 0.455791 
110.811 82.2528 -126.729 -0.717791 -0.532805 0.448324 
113.901 80.8608 -130.012 -0.725547 -0.515082 0.456478 
110.971 82.4595 -127.057 -0.717568 -0.533205 0.448206 
114.368 81.0404 -130.69 -0.725751 -0.514262 0.457077 
111.267 82.6523 -127.558 -0.7176 -0.533054 0.448334 
114.804 81.3152 -131.365 -0.725689 -0.514002 0.457468 
111.684 82.8028 -128.198 -0.717927 -0.532271 0.448741 
115.138 81.6582 -131.932 -0.725337 -0.514426 0.457551 
112.169 82.8907 -128.89 -0.718497 -0.530957 0.449384 
115.311 82.0122 -132.295 -0.724757 -0.515466 0.457299 
112.643 82.9124 -129.525 -0.719187 -0.529369 0.450153 
115.306 82.3146 -132.409 -0.724069 -0.516896 0.456774 
113.04 82.8773 -130.018 -0.71987 -0.527783 0.450923 
115.149 82.5247 -132.291 -0.723392 -0.518441 0.456094 
113.329 82.8015 -130.338 -0.720463 -0.52639 0.451604 
114.888 82.635 -132.006 -0.722805 -0.51989 0.455376 
113.509 82.7013 -130.498 -0.720939 -0.525267 0.452152 
114.578 82.6626 -131.628 -0.722335 -0.521132 0.454701 
113.597 82.5905 -130.531 -0.721299 -0.524419 0.452562 
114.26 82.6329 -131.218 -0.721979 -0.522137 0.454113 
113.616 82.4783 -130.476 -0.721562 -0.52381 0.452848 
113.959 82.5695 -130.817 -0.721718 -0.522923 0.453623 
113.587 82.3701 -130.365 -0.72175 -0.52339 0.453034 
113.688 82.4896 -130.444 -0.72153 -0.523528 0.453225 
113.527 82.2682 -130.22 -0.721881 -0.523115 0.453142 
113.447 82.4042 -130.107 -0.721392 -0.523997 0.452902 
113.448 82.1721 -130.058 -0.721975 -0.522938 0.453197 
113.234 82.3196 -129.803 -0.721289 -0.524366 0.452639 
113.358 82.0817 -129.888 -0.722044 -0.522829 0.453214 
113.045 82.2387 -129.53 -0.721208 -0.524667 0.45242 
113.263 81.9958 -129.718 -0.722099 -0.522757 0.453209 
112.875 82.1638 -129.281 -0.721136 -0.524929 0.45223 
113.169 81.9132 -129.552 -0.722148 -0.522701 0.453194 
112.719 82.0957 -129.052 -0.721068 -0.525171 0.452058 
113.079 81.8334 -129.395 -0.722199 -0.522645 0.453178 
112.573 82.0343 -128.838 -0.720997 -0.525406 0.451897 
112.995 81.7556 -129.248 -0.722256 -0.522574 0.453168 
112.434 81.9801 -128.637 -0.720919 -0.525649 0.451739 
112.921 81.6797 -129.116 -0.722323 -0.522479 0.453171 
112.301 81.9341 -128.445 -0.720829 -0.525911 0.451577 
112.859 81.6047 -129 -0.722406 -0.522347 0.453192 
112.172 81.8961 -128.262 -0.720725 -0.526199 0.451409 
112.811 81.531 -128.904 -0.722506 -0.52217 0.453235 
112.044 81.8679 -128.086 -0.7206 -0.526524 0.45123 
112.78 81.4581 -128.83 -0.722629 -0.521937 0.453308 
111.919 81.8502 -127.917 -0.720452 -0.526893 0.451035 
112.769 81.3859 -128.782 -0.72278 -0.521635 0.453415 
111.795 81.8444 -127.757 -0.720278 -0.527312 0.450822 
112.781 81.3155 -128.767 -0.722961 -0.521256 0.453563 
111.673 81.853 -127.606 -0.720074 -0.527791 0.450589 
112.822 81.2476 -128.789 -0.723176 -0.520787 0.453758 
111.556 81.878 -127.47 -0.719836 -0.528332 0.450335 
112.897 81.1844 -128.856 -0.723428 -0.52022 0.454007 
111.448 81.9218 -127.355 -0.719566 -0.528931 0.450062 
113.01 81.1294 -128.977 -0.723714 -0.519553 0.454315 
111.354 81.9865 -127.27 -0.71927 -0.529577 0.449777 
113.167 81.0882 -129.162 -0.724029 -0.518793 0.454681 
111.285 82.0735 -127.229 -0.718959 -0.530238 0.449494 
113.371 81.0686 -129.416 -0.724357 -0.517968 0.455101 
111.254 82.1815 -127.249 -0.718659 -0.530862 0.449238 
113.621 81.0806 -129.744 -0.72467 -0.517129 0.455555 
111.277 82.3069 -127.35 -0.718404 -0.531375 0.44904 
113.907 81.1362 -130.136 -0.724928 -0.516366 0.456009 
111.369 82.4405 -127.547 -0.718241 -0.531678 0.448942 
114.211 81.2433 -130.572 -0.725087 -0.515787 0.456414 
111.538 82.57 -127.845 -0.718213 -0.531683 0.448981 
114.501 81.4037 -131.012 -0.725102 -0.515504 0.456708 
111.78 82.6798 -128.228 -0.718347 -0.531334 0.449179 
114.743 81.6064 -131.405 -0.724955 -0.515596 0.456838 
112.073 82.7578 -128.66 -0.718632 -0.530655 0.449525 
114.902 81.8271 -131.699 -0.72466 -0.516064 0.456778 
112.382 82.7966 -129.087 -0.719026 -0.529737 0.449978 
114.96 82.0361 -131.857 -0.72426 -0.516838 0.456535 
112.669 82.7968 -129.46 -0.719466 -0.528714 0.450477 
114.916 82.2059 -131.869 -0.723819 -0.51779 0.456156 
112.904 82.7632 -129.743 -0.719897 -0.527712 0.450964 
114.787 82.3216 -131.753 -0.72339 -0.518792 0.4557 
113.075 82.7045 -129.923 -0.72028 -0.526821 0.451394 
114.6 82.3814 -131.541 -0.723009 -0.519741 0.455222 
113.18 82.6293 -130.006 -0.720597 -0.526086 0.451745 
114.382 82.393 -131.27 -0.722693 -0.52058 0.454765 
113.226 82.5451 -130.008 -0.720846 -0.525516 0.452011 
114.153 82.3679 -130.972 -0.722444 -0.521284 0.454354 
113.225 82.4576 -129.947 -0.721031 -0.525103 0.452196 
113.93 82.3182 -130.67 -0.722255 -0.521855 0.453998 
113.186 82.37 -129.841 -0.721165 -0.524819 0.452312 
113.719 82.2528 -130.377 -0.722117 -0.522305 0.4537 
113.121 82.2848 -129.704 -0.721256 -0.524644 0.45237 
113.526 82.1793 -130.101 -0.722018 -0.522657 0.453453 
113.037 82.2029 -129.546 -0.721314 -0.524553 0.452383 
113.349 82.1018 -129.845 -0.72195 -0.522927 0.453249 
112.941 82.1247 -129.376 -0.721346 -0.524527 0.452362 
113.19 82.0234 -129.608 -0.721906 -0.523132 0.453083 
112.836 82.0503 -129.2 -0.72136 -0.524548 0.452315 
113.045 81.9455 -129.389 -0.721881 -0.523285 0.452946 
112.726 81.9799 -129.021 -0.721358 -0.524607 0.45225 
112.914 81.8691 -129.188 -0.72187 -0.523397 0.452835 
112.614 81.9134 -128.842 -0.721345 -0.524694 0.45217 
112.795 81.7948 -129.002 -0.72187 -0.523475 0.452744 
112.501 81.8514 -128.664 -0.72132 -0.524806 0.45208 
112.687 81.7221 -128.83 -0.721882 -0.523521 0.452672 
112.388 81.7933 -128.49 -0.721286 -0.524937 0.451981 
112.589 81.6515 -128.673 -0.721904 -0.523538 0.452616 
112.275 81.7401 -128.319 -0.721242 -0.525091 0.451873 
112.501 81.5823 -128.529 -0.721938 -0.523525 0.452578 
112.162 81.6919 -128.151 -0.721187 -0.525266 0.451758 
112.424 81.5139 -128.399 -0.721985 -0.523478 0.452558 
112.05 81.6489 -127.987 -0.72112 -0.525465 0.451633 
112.359 81.4465 -128.284 -0.722045 -0.523396 0.452556 
111.938 81.6123 -127.826 -0.721037 -0.525696 0.451496 
112.305 81.3793 -128.184 -0.722124 -0.52327 0.452577 
111.825 81.5828 -127.667 -0.720936 -0.525965 0.451346 
112.266 81.3117 -128.103 -0.722223 -0.523092 0.452623 
111.71 81.5618 -127.509 -0.720811 -0.52628 0.451177 
112.242 81.2436 -128.042 -0.722348 -0.522852 0.452701 
111.592 81.5505 -127.354 -0.720659 -0.52665 0.450987 
112.239 81.1739 -128.007 -0.722507 -0.522533 0.452817 
111.472 81.5511 -127.2 -0.720474 -0.527089 0.450771 
112.26 81.1028 -128.002 -0.722703 -0.52212 0.452979 
111.348 81.5666 -127.05 -0.720248 -0.527609 0.450524 
112.311 81.0305 -128.035 -0.722947 -0.521593 0.453198 
111.222 81.6005 -126.905 -0.719974 -0.528225 0.45024 
112.4 80.9588 -128.118 -0.723242 -0.520934 0.453485 
111.097 81.6564 -126.774 -0.719647 -0.528942 0.449919 
112.535 80.8901 -128.262 -0.723597 -0.52012 0.453853 
110.979 81.7392 -126.666 -0.719268 -0.529761 0.449564 
112.728 80.8309 -128.485 -0.724009 -0.519146 0.454311 
110.881 81.8531 -126.599 -0.718843 -0.530657 0.449186 
112.988 80.7915 -128.803 -0.724464 -0.518026 0.454863 
110.821 82.0006 -126.601 -0.7184 -0.531572 0.448812 
113.32 80.7886 -129.231 -0.72493 -0.516821 0.455492 
110.827 82.1781 -126.706 -0.717992 -0.532392 0.448493 
113.72 80.8426 -129.771 -0.725347 -0.515643 0.456161 
110.931 82.3747 -126.953 -0.717699 -0.532948 0.448301 
114.165 80.977 -130.401 -0.72563 -0.51469 0.456788 
111.159 82.57 -127.365 -0.717614 -0.533053 0.448314 
114.606 81.2031 -131.064 -0.72569 -0.51418 0.457267 
111.513 82.7365 -127.93 -0.717802 -0.532569 0.448587 
114.98 81.5091 -131.669 -0.725474 -0.514289 0.457487 
111.959 82.8502 -128.586 -0.718255 -0.531514 0.449113 
115.221 81.8519 -132.117 -0.725006 -0.515036 0.457389 
112.428 82.9004 -129.234 -0.71888 -0.530075 0.449813 
115.295 82.1718 -132.338 -0.724378 -0.516269 0.456993 
112.852 82.8907 -129.78 -0.719553 -0.528519 0.450567 
115.207 82.4183 -132.324 -0.723709 -0.517735 0.456394 
113.182 82.8339 -130.169 -0.720174 -0.52707 0.451273 
114.996 82.5696 -132.116 -0.723094 -0.519198 0.455706 
113.405 82.7459 -130.393 -0.72069 -0.525853 0.451867 
114.713 82.6321 -131.784 -0.722583 -0.520505 0.455025 
113.53 82.6414 -130.479 -0.721093 -0.524904 0.452328 
114.404 82.6273 -131.395 -0.722185 -0.521594 0.454411 
113.577 82.5313 -130.462 -0.721393 -0.524204 0.452661 
114.1 82.5792 -130.996 -0.721887 -0.522461 0.453886 
113.568 82.4225 -130.375 -0.72161 -0.523711 0.452885 
113.819 82.5071 -130.615 -0.72167 -0.523136 0.453454 
113.521 82.3185 -130.245 -0.721764 -0.523379 0.453024 
113.567 82.4247 -130.266 -0.721513 -0.523658 0.453103 
113.449 82.2205 -130.089 -0.721872 -0.523166 0.453099 
113.344 82.3395 -129.949 -0.721397 -0.524063 0.452817 
113.362 82.128 -129.921 -0.721949 -0.523034 0.453129 
113.146 82.2567 -129.663 -0.721308 -0.52439 0.452581 
113.268 82.0402 -129.749 -0.722007 -0.522953 0.45313 
112.968 82.1785 -129.404 -0.721235 -0.524664 0.45238 
113.171 81.9562 -129.578 -0.722055 -0.522898 0.453115 
112.805 82.1059 -129.165 -0.721169 -0.524906 0.452204 
113.076 81.8752 -129.413 -0.722101 -0.522853 0.453094 
112.655 82.0397 -128.944 -0.721104 -0.525135 0.452041 
112.986 81.7965 -129.257 -0.72215 -0.522802 0.453075 
112.514 81.9804 -128.736 -0.721034 -0.525365 0.451885 
112.904 81.7196 -129.113 -0.722207 -0.522733 0.453064 
112.378 81.9279 -128.539 -0.720957 -0.525604 0.451731 
112.831 81.6445 -128.983 -0.722274 -0.522638 0.453067 
112.247 81.8832 -128.351 -0.720867 -0.525865 0.451572 
112.77 81.5703 -128.87 -0.722357 -0.522505 0.453088 
112.119 81.8466 -128.17 -0.720761 -0.526153 0.451404 
112.723 81.4965 -128.775 -0.72246 -0.522323 0.453135 
111.992 81.8194 -127.996 -0.720635 -0.526481 0.451224 
112.694 81.4237 -128.703 -0.722585 -0.522084 0.45321 
111.867 81.8029 -127.828 -0.720484 -0.526856 0.451027 
112.684 81.3514 -128.658 -0.722739 -0.521775 0.45332 
111.742 81.7987 -127.667 -0.720305 -0.527285 0.450811 
112.699 81.2802 -128.645 -0.722925 -0.521385 0.453473 
111.619 81.8088 -127.515 -0.720094 -0.527777 0.450572 
112.742 81.211 -128.67 -0.723147 -0.5209 0.453675 
111.5 81.8359 -127.377 -0.719847 -0.528337 0.450311 
112.821 81.1459 -128.742 -0.723409 -0.52031 0.453934 
111.388 81.8825 -127.258 -0.719565 -0.528962 0.450027 
112.94 81.0886 -128.87 -0.72371 -0.51961 0.454256 
111.29 81.9513 -127.17 -0.719253 -0.529641 0.449728 
113.105 81.0444 -129.064 -0.724044 -0.518806 0.454642 
111.217 82.0435 -127.126 -0.718923 -0.530342 0.44943 
113.321 81.0227 -129.333 -0.724394 -0.517928 0.455087 
111.183 82.1592 -127.147 -0.7186 -0.531013 0.449155 
113.587 81.0345 -129.681 -0.72473 -0.517031 0.455572 
111.206 82.2938 -127.253 -0.718324 -0.531566 0.448941 
113.894 81.0927 -130.1 -0.725009 -0.516209 0.456059 
111.304 82.4375 -127.464 -0.718147 -0.531895 0.448835 
114.22 81.2072 -130.569 -0.725181 -0.515583 0.456495 
111.487 82.5765 -127.785 -0.718118 -0.531897 0.448878 
114.533 81.3806 -131.043 -0.725195 -0.515282 0.456811 
111.75 82.6942 -128.2 -0.718268 -0.531512 0.449095 
114.792 81.6007 -131.466 -0.72503 -0.515394 0.456947 
112.068 82.7764 -128.667 -0.718583 -0.530765 0.449474 
114.96 81.8401 -131.778 -0.724704 -0.515918 0.456873 
112.401 82.8156 -129.127 -0.719015 -0.52976 0.449968 
115.016 82.0647 -131.94 -0.724268 -0.51677 0.456602 
112.708 82.8128 -129.524 -0.719493 -0.528652 0.450508 
114.962 82.2448 -131.944 -0.72379 -0.517805 0.456185 
112.957 82.7746 -129.821 -0.719953 -0.527581 0.451028 
114.818 82.3649 -131.81 -0.723331 -0.518882 0.455689 
113.134 82.7107 -130.005 -0.720355 -0.526642 0.451482 
114.614 82.4239 -131.576 -0.72293 -0.519889 0.455178 
113.24 82.63 -130.086 -0.720685 -0.525876 0.451849 
114.38 82.4316 -131.284 -0.722602 -0.520766 0.454696 
113.285 82.5409 -130.082 -0.720941 -0.525289 0.452124 
114.138 82.4018 -130.968 -0.722346 -0.521495 0.454266 
113.28 82.449 -130.014 -0.721131 -0.524864 0.452313 
113.904 82.3472 -130.651 -0.722154 -0.522081 0.453899 
113.238 82.3583 -129.901 -0.721267 -0.524577 0.45243 
113.686 82.2783 -130.347 -0.722013 -0.522544 0.453591 
113.17 82.2699 -129.758 -0.721361 -0.524397 0.452489 
113.486 82.2019 -130.062 -0.721911 -0.522904 0.453337 
113.084 82.1854 -129.596 -0.721421 -0.524302 0.452503 
113.305 82.1227 -129.799 -0.72184 -0.523184 0.453128 
112.986 82.1047 -129.423 -0.721457 -0.524268 0.452484 
113.141 82.0434 -129.556 -0.721792 -0.523401 0.452955 
112.881 82.0278 -129.245 -0.721477 -0.524279 0.452441 
112.992 81.9655 -129.332 -0.721759 -0.52357 0.452811 
112.772 81.9545 -129.066 -0.721483 -0.524321 0.452382 
112.856 81.8899 -129.124 -0.721739 -0.523703 0.452689 
112.662 81.8852 -128.888 -0.721479 -0.524388 0.452311 
112.731 81.8168 -128.932 -0.721728 -0.523808 0.452586 
112.552 81.8191 -128.713 -0.721469 -0.524469 0.452233 
112.616 81.7466 -128.752 -0.721723 -0.523891 0.452497 
112.443 81.7568 -128.543 -0.721452 -0.524565 0.452149 
112.51 81.679 -128.585 -0.721725 -0.523953 0.452421 
112.336 81.6978 -128.377 -0.721431 -0.524669 0.452062 
112.411 81.6133 -128.429 -0.721734 -0.523996 0.452358 
112.232 81.6427 -128.216 -0.721403 -0.524784 0.451972 
112.321 81.5499 -128.284 -0.721749 -0.524022 0.452304 
112.129 81.5915 -128.06 -0.72137 -0.524911 0.451878 
112.238 81.4883 -128.149 -0.721771 -0.524028 0.452262 
112.028 81.5443 -127.908 -0.72133 -0.52505 0.45178 
112.163 81.4281 -128.025 -0.721801 -0.524012 0.452233 
111.928 81.5015 -127.76 -0.721281 -0.525206 0.451677 
112.097 81.3687 -127.913 -0.721842 -0.52397 0.452216 
111.83 81.4634 -127.616 -0.721223 -0.525381 0.451567 
112.039 81.3098 -127.812 -0.721894 -0.523898 0.452216 
111.731 81.4306 -127.474 -0.721151 -0.525583 0.451447 
111.992 81.2511 -127.724 -0.721962 -0.52379 0.452233 
111.631 81.4043 -127.333 -0.721061 -0.525819 0.451314 
111.956 81.1913 -127.652 -0.72205 -0.523634 0.452273 
111.528 81.385 -127.193 -0.720952 -0.526097 0.451166 
111.935 81.13 -127.596 -0.722162 -0.523421 0.452342 
111.422 81.3747 -127.053 -0.720815 -0.52643 0.450995 
111.93 81.0669 -127.562 -0.722304 -0.523136 0.452444 
111.312 81.3747 -126.912 -0.720647 -0.526829 0.450799 
111.948 81.0006 -127.555 -0.722485 -0.52276 0.45259 
111.196 81.3885 -126.77 -0.720436 -0.527314 0.450569 
111.992 80.9315 -127.581 -0.722712 -0.522272 0.45279 
111.074 81.4189 -126.629 -0.720175 -0.5279 0.450299 
112.071 80.8593 -127.651 -0.722998 -0.521643 0.453059 
110.947 81.4711 -126.492 -0.719854 -0.528607 0.449984 
112.195 80.7861 -127.779 -0.72335 -0.520849 0.453411 
110.819 81.5499 -126.368 -0.719466 -0.529443 0.44962 
112.376 80.7157 -127.982 -0.723775 -0.519863 0.453863 
110.7 81.662 -126.272 -0.719011 -0.530408 0.449211 
112.628 80.6574 -128.282 -0.72427 -0.518679 0.454428 
110.605 81.8123 -126.229 -0.718504 -0.531461 0.448777 
112.964 80.6258 -128.703 -0.724814 -0.517322 0.455107 
110.565 82.0026 -126.279 -0.717988 -0.532508 0.448361 
113.389 80.6453 -129.261 -0.725353 -0.515889 0.455874 
110.619 82.2268 -126.472 -0.717545 -0.533377 0.448038 
113.892 80.7471 -129.954 -0.725793 -0.514574 0.456659 
110.81 82.4642 -126.856 -0.717299 -0.533812 0.447913 
114.429 80.9593 -130.735 -0.726012 -0.51366 0.457341 
111.163 82.6828 -127.45 -0.717367 -0.533575 0.448087 
114.925 81.2869 -131.509 -0.725904 -0.513434 0.457764 
111.661 82.8471 -128.205 -0.717794 -0.532571 0.448597 
115.291 81.6929 -132.143 -0.725449 -0.514037 0.457809 
112.227 82.9346 -129.007 -0.718498 -0.530961 0.449377 
115.46 82.1023 -132.52 -0.724738 -0.515353 0.457456 
112.765 82.9452 -129.718 -0.719312 -0.529094 0.450278 
115.418 82.4368 -132.598 -0.723932 -0.517065 0.456801 
113.199 82.8938 -130.246 -0.72008 -0.527304 0.451149 
115.206 82.6535 -132.414 -0.723172 -0.518833 0.455999 
113.499 82.801 -130.567 -0.720722 -0.525788 0.451892 
114.892 82.7529 -132.057 -0.72254 -0.520424 0.455187 
113.675 82.6861 -130.71 -0.721219 -0.524606 0.452473 
114.538 82.7634 -131.619 -0.722051 -0.521743 0.454452 
113.755 82.5649 -130.723 -0.721584 -0.523737 0.452896 
114.191 82.7175 -131.168 -0.721692 -0.522779 0.453831 
113.765 82.4465 -130.652 -0.721846 -0.523126 0.453185 
113.874 82.6421 -130.743 -0.721435 -0.52357 0.453328 
113.731 82.336 -130.53 -0.722029 -0.522715 0.453369 
113.595 82.5552 -130.36 -0.721251 -0.52417 0.452927 
113.669 82.2337 -130.382 -0.722157 -0.522444 0.453477 
113.354 82.4667 -130.022 -0.721119 -0.524626 0.452608 
113.591 82.1395 -130.222 -0.722249 -0.522271 0.453531 
113.145 82.3826 -129.724 -0.721019 -0.524986 0.452351 
113.505 82.0514 -130.059 -0.722319 -0.522155 0.453552 
112.961 82.3051 -129.46 -0.720937 -0.525283 0.452137 
113.418 81.9684 -129.9 -0.722378 -0.522072 0.453554 
112.798 82.2354 -129.222 -0.720862 -0.525547 0.45195 
113.333 81.8891 -129.748 -0.722435 -0.521996 0.45355 
112.648 82.1739 -129.004 -0.720787 -0.525796 0.45178 
113.255 81.8125 -129.609 -0.722496 -0.521911 0.45355 
112.509 82.1207 -128.803 -0.720705 -0.526048 0.451617 
113.187 81.7383 -129.484 -0.722567 -0.521804 0.453561 
112.377 82.0764 -128.614 -0.720613 -0.526313 0.451454 
113.131 81.6657 -129.376 -0.722653 -0.521661 0.453589 
112.25 82.0416 -128.436 -0.720506 -0.526605 0.451285 
113.09 81.5948 -129.29 -0.722756 -0.521472 0.453641 
112.128 82.0165 -128.269 -0.720382 -0.526926 0.451108 
113.066 81.5261 -129.227 -0.72288 -0.521232 0.45372 
112.01 82.0027 -128.112 -0.720236 -0.527287 0.450919 
113.063 81.4597 -129.193 -0.723028 -0.520928 0.453833 
111.896 82.0009 -127.967 -0.720069 -0.527687 0.450718 
113.084 81.3971 -129.191 -0.723201 -0.520557 0.453983 
111.789 82.013 -127.837 -0.719878 -0.528132 0.450502 
113.132 81.3398 -129.227 -0.7234 -0.520113 0.454174 
111.691 82.0402 -127.727 -0.719664 -0.528616 0.450276 
113.21 81.2901 -129.306 -0.723625 -0.519595 0.45441 
111.606 82.0834 -127.642 -0.719434 -0.529126 0.450045 
113.322 81.2524 -129.433 -0.723867 -0.519014 0.454688 
111.541 82.1437 -127.593 -0.719195 -0.529644 0.449818 
113.469 81.2315 -129.613 -0.724118 -0.518388 0.455003 
111.506 82.2198 -127.591 -0.718963 -0.530135 0.44961 
113.65 81.2333 -129.846 -0.72436 -0.51775 0.455344 
111.508 82.3095 -127.645 -0.718759 -0.530553 0.449443 
113.858 81.2648 -130.127 -0.724569 -0.517154 0.455689 
111.557 82.4072 -127.767 -0.718613 -0.530838 0.449341 
114.081 81.3317 -130.442 -0.724715 -0.516669 0.456006 
111.66 82.5053 -127.959 -0.71855 -0.530933 0.449328 
114.303 81.4348 -130.77 -0.724772 -0.516364 0.45626 
111.816 82.5944 -128.215 -0.718592 -0.530799 0.44942 
114.499 81.5699 -131.078 -0.724723 -0.516297 0.456415 
112.014 82.6655 -128.517 -0.718741 -0.530427 0.44962 
114.649 81.7246 -131.333 -0.724566 -0.51649 0.456444 
112.235 82.7117 -128.834 -0.718982 -0.529854 0.44991 
114.733 81.8822 -131.506 -0.724319 -0.516927 0.456343 
112.457 82.7297 -129.133 -0.719284 -0.529148 0.450258 
114.746 82.0238 -131.581 -0.724014 -0.517545 0.456126 
112.656 82.7208 -129.385 -0.719608 -0.528394 0.450626 
114.691 82.1355 -131.556 -0.723689 -0.518266 0.455823 
112.816 82.6891 -129.572 -0.719921 -0.527668 0.450977 
114.58 82.2091 -131.445 -0.723376 -0.519009 0.455475 
112.931 82.6394 -129.686 -0.7202 -0.527022 0.451286 
114.43 82.2447 -131.27 -0.723096 -0.519714 0.455114 
112.998 82.5775 -129.731 -0.720435 -0.526486 0.451538 
114.258 82.2473 -131.053 -0.722861 -0.520344 0.454768 
113.022 82.5089 -129.716 -0.720619 -0.52607 0.451728 
114.077 82.223 -130.815 -0.722674 -0.520878 0.454454 
113.01 82.4367 -129.654 -0.720759 -0.525767 0.451858 
113.899 82.1796 -130.571 -0.722531 -0.521316 0.454179 
112.969 82.3644 -129.555 -0.720856 -0.525569 0.451933 
113.729 82.1228 -130.332 -0.722429 -0.52166 0.453946 
112.905 82.2936 -129.429 -0.720918 -0.525459 0.451962 
113.571 82.0579 -130.104 -0.72236 -0.521922 0.453754 
112.824 82.2256 -129.285 -0.72095 -0.525423 0.451952 
113.427 81.988 -129.891 -0.722321 -0.522111 0.4536 
112.731 82.1613 -129.128 -0.720957 -0.52545 0.451911 
113.298 81.9155 -129.695 -0.722306 -0.522235 0.45348 
112.629 82.1014 -128.963 -0.720941 -0.525531 0.451842 
113.183 81.8418 -129.516 -0.722314 -0.522301 0.453391 
112.521 82.0465 -128.794 -0.720905 -0.525658 0.451752 
113.083 81.7681 -129.355 -0.722342 -0.522314 0.453332 
112.409 81.9973 -128.623 -0.72085 -0.525828 0.451641 
112.997 81.6943 -129.212 -0.722391 -0.522272 0.453301 
112.293 81.9548 -128.453 -0.720775 -0.526041 0.451512 
112.927 81.6209 -129.09 -0.722462 -0.522177 0.4533 
112.176 81.9195 -128.284 -0.720681 -0.526296 0.451366 
112.874 81.5483 -128.989 -0.722553 -0.522025 0.453329 
112.057 81.8931 -128.118 -0.720563 -0.526598 0.451201 
112.839 81.4765 -128.912 -0.72267 -0.521809 0.453391 
111.938 81.8763 -127.957 -0.720422 -0.526949 0.451018 
112.826 81.4053 -128.863 -0.722816 -0.52152 0.453491 
111.819 81.8714 -127.802 -0.720253 -0.527355 0.450814 
112.837 81.3361 -128.846 -0.722991 -0.521154 0.453632 
111.701 81.8801 -127.657 -0.720053 -0.52782 0.450588 
112.876 81.2697 -128.867 -0.723201 -0.520699 0.453821 
111.588 81.9047 -127.525 -0.719823 -0.528344 0.450342 
112.948 81.2083 -128.932 -0.723444 -0.52015 0.454062 
111.483 81.9473 -127.414 -0.719562 -0.528924 0.450078 
113.057 81.1554 -129.05 -0.723721 -0.519504 0.45436 
111.393 82.0099 -127.333 -0.719276 -0.529545 0.449803 
113.21 81.116 -129.229 -0.724024 -0.518771 0.454714 
111.328 82.0933 -127.295 -0.71898 -0.530176 0.449534 
113.406 81.0983 -129.475 -0.724337 -0.517982 0.455117 
111.3 82.197 -127.316 -0.718695 -0.53077 0.44929 
113.646 81.1117 -129.789 -0.724633 -0.517186 0.45555 
111.323 82.3166 -127.415 -0.718455 -0.531252 0.449104 
113.919 81.1658 -130.164 -0.724877 -0.516464 0.455981 
111.413 82.4436 -127.605 -0.718303 -0.531533 0.449013 
114.208 81.2689 -130.579 -0.725024 -0.515919 0.456363 
111.575 82.5662 -127.889 -0.718279 -0.531533 0.449053 
114.483 81.4214 -130.996 -0.725038 -0.515654 0.45664 
111.804 82.6707 -128.253 -0.718404 -0.531205 0.449241 
114.712 81.613 -131.368 -0.7249 -0.515739 0.456764 
112.081 82.7452 -128.661 -0.718672 -0.530567 0.449567 
114.863 81.8217 -131.647 -0.724622 -0.516178 0.456709 
112.373 82.783 -129.066 -0.719042 -0.529702 0.449994 
114.92 82.0193 -131.799 -0.724247 -0.516903 0.456484 
112.646 82.784 -129.421 -0.719459 -0.528734 0.450467 
114.881 82.1812 -131.815 -0.72383 -0.5178 0.456128 
112.872 82.7531 -129.693 -0.719869 -0.527779 0.45093 
114.761 82.293 -131.709 -0.723421 -0.518751 0.455696 
113.037 82.6981 -129.868 -0.720235 -0.526927 0.451342 
114.585 82.3527 -131.51 -0.723054 -0.519662 0.45524 
113.139 82.6265 -129.951 -0.720542 -0.526216 0.451681 
114.377 82.3659 -131.253 -0.722749 -0.52047 0.454802 
113.186 82.5456 -129.956 -0.720784 -0.525663 0.451939 
114.158 82.3436 -130.968 -0.722506 -0.521153 0.454405 
113.186 82.4608 -129.899 -0.720967 -0.525256 0.45212 
113.942 82.2968 -130.676 -0.722321 -0.521711 0.45406 
113.149 82.3761 -129.797 -0.721097 -0.52498 0.452233 
113.738 82.234 -130.392 -0.722185 -0.522151 0.453769 
113.086 82.2932 -129.663 -0.721186 -0.524809 0.45229 
113.549 82.1625 -130.123 -0.722089 -0.522495 0.453528 
113.004 82.2129 -129.509 -0.721243 -0.52472 0.452302 
113.377 82.0865 -129.872 -0.722024 -0.522757 0.453329 
112.909 82.1367 -129.342 -0.721273 -0.524699 0.45228 
113.221 82.0089 -129.64 -0.721983 -0.522953 0.453168 
112.804 82.0643 -129.167 -0.721282 -0.524728 0.452231 
113.08 81.9314 -129.426 -0.721962 -0.523095 0.453037 
112.694 81.9963 -128.989 -0.721275 -0.524798 0.452161 
112.952 81.8549 -129.23 -0.721957 -0.523191 0.452933 
112.582 81.9323 -128.81 -0.721254 -0.524899 0.452077 
112.838 81.78 -129.049 -0.721966 -0.523251 0.452851 
112.467 81.8728 -128.633 -0.721221 -0.525028 0.451979 
112.735 81.7063 -128.884 -0.721988 -0.523273 0.45279 
112.352 81.8185 -128.457 -0.721175 -0.525185 0.45187 
112.643 81.6343 -128.734 -0.722023 -0.52326 0.452749 
112.236 81.7694 -128.284 -0.721117 -0.525368 0.451751 
112.564 81.5629 -128.6 -0.722074 -0.523208 0.452728 
112.12 81.7258 -128.114 -0.721045 -0.525579 0.45162 
112.497 81.4926 -128.482 -0.722139 -0.523117 0.452729 
112.004 81.6892 -127.947 -0.720956 -0.525825 0.451476 
112.443 81.4225 -128.381 -0.722225 -0.522978 0.452754 
111.886 81.6602 -127.782 -0.720847 -0.526112 0.451317 
112.405 81.3523 -128.3 -0.722332 -0.522782 0.452808 
111.767 81.6401 -127.62 -0.720714 -0.526446 0.451139 
112.385 81.2816 -128.242 -0.722468 -0.522519 0.452895 
111.646 81.6307 -127.461 -0.720552 -0.526839 0.450939 
112.386 81.2101 -128.212 -0.722637 -0.522175 0.453023 
111.522 81.6342 -127.305 -0.720356 -0.5273 0.450713 
112.414 81.138 -128.215 -0.722844 -0.521734 0.453199 
111.397 81.6532 -127.155 -0.72012 -0.527841 0.450457 
112.473 81.0663 -128.26 -0.723098 -0.521179 0.453433 
111.273 81.6916 -127.015 -0.719837 -0.528473 0.450168 
112.572 80.9972 -128.357 -0.723401 -0.520496 0.453736 
111.153 81.7525 -126.894 -0.719508 -0.529194 0.449847 
112.719 80.9342 -128.519 -0.723757 -0.519668 0.454117 
111.046 81.8401 -126.802 -0.719134 -0.529996 0.449501 
112.923 80.885 -128.761 -0.724158 -0.518701 0.454581 
110.966 81.9572 -126.762 -0.718732 -0.530841 0.449146 
113.191 80.8609 -129.096 -0.724586 -0.517626 0.455124 
110.932 82.1038 -126.798 -0.718333 -0.531658 0.448817 
113.524 80.8784 -129.533 -0.725001 -0.516518 0.455723 
110.971 82.2744 -126.944 -0.717996 -0.532327 0.448564 
113.909 80.9565 -130.063 -0.72534 -0.515507 0.456327 
111.108 82.4553 -127.227 -0.717796 -0.532688 0.448455 
114.319 81.1112 -130.656 -0.725527 -0.514774 0.456858 
111.36 82.6263 -127.657 -0.717805 -0.532595 0.448551 
114.704 81.3453 -131.249 -0.725494 -0.514503 0.457215 
111.715 82.7631 -128.207 -0.718061 -0.531971 0.448883 
115.006 81.6381 -131.756 -0.725217 -0.514801 0.457318 
112.132 82.849 -128.807 -0.718527 -0.530887 0.44942 
115.177 81.9456 -132.098 -0.72474 -0.515633 0.457138 
112.55 82.8778 -129.372 -0.719114 -0.529532 0.450079 
115.197 82.2172 -132.232 -0.724152 -0.516832 0.456715 
112.912 82.8552 -129.829 -0.719718 -0.528131 0.450759 
115.081 82.4163 -132.163 -0.723552 -0.51818 0.456138 
113.186 82.7936 -130.141 -0.720262 -0.526859 0.451378 
114.865 82.5312 -131.936 -0.723013 -0.519489 0.455504 
113.365 82.7066 -130.309 -0.720712 -0.525803 0.451891 
114.595 82.5712 -131.612 -0.722567 -0.520646 0.45489 
113.459 82.6064 -130.359 -0.721061 -0.524985 0.452285 
114.307 82.5553 -131.244 -0.72222 -0.521607 0.45434 
113.486 82.5018 -130.321 -0.721322 -0.524385 0.452566 
114.026 82.5036 -130.871 -0.721961 -0.522374 0.45387 
113.464 82.3985 -130.223 -0.72151 -0.523965 0.452751 
113.766 82.4317 -130.516 -0.721771 -0.522975 0.453481 
113.409 82.2994 -130.086 -0.721643 -0.523688 0.452861 
113.531 82.351 -130.187 -0.721631 -0.523443 0.453162 
113.331 82.2048 -129.927 -0.721736 -0.523513 0.452915 
113.321 82.2679 -129.887 -0.721529 -0.52381 0.452901 
113.239 82.1151 -129.756 -0.721801 -0.523411 0.452928 
113.132 82.1862 -129.613 -0.721451 -0.524105 0.452683 
113.141 82.0296 -129.58 -0.721849 -0.523356 0.452916 
112.962 82.1081 -129.362 -0.721388 -0.524352 0.452498 
113.04 81.9476 -129.406 -0.721887 -0.523327 0.452889 
112.806 82.0347 -129.131 -0.721333 -0.524569 0.452334 
112.94 81.8684 -129.236 -0.721921 -0.523309 0.452854 
112.66 81.9664 -128.914 -0.72128 -0.524769 0.452185 
112.844 81.792 -129.073 -0.721956 -0.523292 0.45282 
112.523 81.9035 -128.711 -0.721226 -0.524966 0.452044 
112.753 81.7171 -128.92 -0.721996 -0.523261 0.452791 
112.393 81.8468 -128.517 -0.721165 -0.525169 0.451905 
112.671 81.6441 -128.778 -0.722043 -0.523212 0.452772 
112.266 81.7962 -128.332 -0.721096 -0.525385 0.451764 
112.597 81.5719 -128.649 -0.722103 -0.523134 0.452767 
112.142 81.7518 -128.153 -0.721016 -0.52562 0.451619 
112.534 81.5007 -128.535 -0.722177 -0.523022 0.452779 
112.02 81.715 -127.979 -0.720919 -0.525886 0.451463 
112.485 81.4298 -128.439 -0.722269 -0.522865 0.452814 
111.899 81.6865 -127.81 -0.720803 -0.52619 0.451295 
112.45 81.3588 -128.362 -0.722383 -0.522652 0.452877 
111.776 81.6674 -127.645 -0.720664 -0.526541 0.451109 
112.434 81.2873 -128.308 -0.722526 -0.522371 0.452974 
111.653 81.6597 -127.484 -0.720495 -0.526949 0.450902 
112.44 81.2154 -128.284 -0.722702 -0.522008 0.453111 
111.528 81.6654 -127.328 -0.720291 -0.527426 0.450669 
112.473 81.1434 -128.294 -0.722918 -0.521546 0.453298 
111.403 81.6874 -127.179 -0.720048 -0.527983 0.450406 
112.54 81.0723 -128.348 -0.723179 -0.52097 0.453544 
111.28 81.729 -127.043 -0.719759 -0.528625 0.450113 
112.647 81.0051 -128.456 -0.723488 -0.520266 0.453859 
111.163 81.7943 -126.928 -0.719425 -0.529354 0.44979 
112.803 80.9458 -128.632 -0.723848 -0.519424 0.454251 
111.063 81.886 -126.848 -0.719053 -0.530151 0.449448 
113.016 80.9028 -128.888 -0.724247 -0.518453 0.454723 
110.994 82.0065 -126.824 -0.71866 -0.530973 0.449106 
113.292 80.888 -129.237 -0.724662 -0.517394 0.455267 
110.976 82.1546 -126.882 -0.718284 -0.53174 0.4488 
113.628 80.9181 -129.684 -0.725051 -0.516333 0.455853 
111.035 82.323 -127.053 -0.717985 -0.532326 0.448584 
114.009 81.0105 -130.215 -0.72535 -0.515404 0.456428 
111.193 82.4976 -127.361 -0.717834 -0.532583 0.44852 
114.404 81.1785 -130.794 -0.725485 -0.514788 0.456908 
111.461 82.6568 -127.806 -0.717896 -0.532377 0.448665 
114.762 81.4196 -131.354 -0.7254 -0.514646 0.457202 
111.82 82.7794 -128.353 -0.71819 -0.53167 0.449032 
115.028 81.7084 -131.813 -0.725087 -0.515053 0.457241 
112.227 82.8506 -128.931 -0.718672 -0.530553 0.449582 
115.163 82.0004 -132.102 -0.724598 -0.515943 0.457013 
112.622 82.8675 -129.458 -0.719247 -0.529223 0.450229 
115.153 82.2495 -132.188 -0.724022 -0.517144 0.456568 
112.956 82.8372 -129.872 -0.719823 -0.527886 0.450879 
115.018 82.4254 -132.087 -0.723451 -0.518448 0.455994 
113.203 82.7715 -130.145 -0.720333 -0.526692 0.45146 
114.796 82.5214 -131.844 -0.722945 -0.519693 0.45538 
113.359 82.6836 -130.284 -0.720751 -0.525712 0.451935 
114.528 82.5485 -131.518 -0.72253 -0.520781 0.454794 
113.436 82.5843 -130.313 -0.721074 -0.524959 0.452295 
114.247 82.5254 -131.157 -0.722209 -0.521681 0.454272 
113.452 82.4818 -130.262 -0.721314 -0.52441 0.452549 
113.976 82.4703 -130.795 -0.721969 -0.522398 0.453829 
113.422 82.381 -130.156 -0.721486 -0.524031 0.452713 
113.726 82.3978 -130.45 -0.721793 -0.522961 0.453461 
113.361 82.2838 -130.015 -0.721608 -0.523781 0.452808 
113.499 82.317 -130.132 -0.721665 -0.523398 0.45316 
113.28 82.1914 -129.853 -0.721692 -0.52363 0.45285 
113.296 82.2345 -129.84 -0.721571 -0.523743 0.452912 
113.186 82.1033 -129.681 -0.721751 -0.523545 0.452855 
113.113 82.1534 -129.573 -0.721499 -0.524021 0.452705 
113.086 82.0193 -129.504 -0.721793 -0.523503 0.452835 
112.947 82.0757 -129.328 -0.721441 -0.524253 0.452528 
112.984 81.9386 -129.329 -0.721826 -0.523486 0.452802 
112.795 82.0023 -129.101 -0.721392 -0.524456 0.452372 
112.882 81.8607 -129.158 -0.721855 -0.523481 0.452762 
112.653 81.934 -128.889 -0.721344 -0.524645 0.45223 
112.784 81.7853 -128.994 -0.721885 -0.523475 0.452722 
112.519 81.8704 -128.689 -0.721296 -0.524826 0.452096 
112.691 81.7122 -128.838 -0.721917 -0.523462 0.452685 
112.391 81.8124 -128.499 -0.721243 -0.525011 0.451965 
112.605 81.6405 -128.693 -0.721957 -0.523431 0.452658 
112.268 81.7596 -128.316 -0.721184 -0.525205 0.451834 
112.527 81.5703 -128.559 -0.722005 -0.523378 0.452642 
112.148 81.713 -128.141 -0.721114 -0.525418 0.451698 
112.459 81.501 -128.439 -0.722066 -0.523294 0.452641 
112.029 81.6729 -127.97 -0.721031 -0.525655 0.451555 
112.402 81.432 -128.334 -0.722143 -0.523171 0.45266 
111.911 81.64 -127.804 -0.720931 -0.525924 0.451401 
112.359 81.363 -128.246 -0.72224 -0.523001 0.452702 
111.793 81.6154 -127.641 -0.72081 -0.526235 0.451231 
112.331 81.2934 -128.179 -0.722362 -0.522771 0.452774 
111.673 81.6006 -127.481 -0.720663 -0.526598 0.451043 
112.322 81.223 -128.135 -0.722513 -0.522468 0.452882 
111.551 81.5975 -127.323 -0.720485 -0.527023 0.45083 
112.336 81.1515 -128.122 -0.722701 -0.522077 0.453034 
111.426 81.6085 -127.17 -0.720269 -0.527525 0.450589 
112.38 81.0793 -128.145 -0.722932 -0.521579 0.453238 
111.301 81.6372 -127.024 -0.720008 -0.528115 0.450315 
112.458 81.008 -128.215 -0.723212 -0.520957 0.453507 
111.176 81.6867 -126.89 -0.719699 -0.528799 0.450006 
112.581 80.9398 -128.343 -0.723546 -0.520192 0.453851 
111.059 81.7615 -126.779 -0.71934 -0.529577 0.449665 
112.757 80.8805 -128.545 -0.723935 -0.519277 0.45428 
110.96 81.8654 -126.706 -0.718938 -0.530429 0.449303 
112.996 80.8392 -128.835 -0.724366 -0.518223 0.454796 
110.895 82.0006 -126.695 -0.718517 -0.531304 0.448943 
113.303 80.8304 -129.227 -0.72481 -0.517081 0.455388 
110.889 82.1651 -126.779 -0.718122 -0.532103 0.448628 
113.675 80.8733 -129.726 -0.725216 -0.515952 0.456021 
110.972 82.3497 -126.99 -0.717823 -0.53268 0.448422 
114.092 80.9882 -130.312 -0.725509 -0.515004 0.456627 
111.168 82.5363 -127.355 -0.717705 -0.532859 0.448398 
114.514 81.1876 -130.939 -0.725606 -0.514438 0.457111 
111.483 82.7006 -127.866 -0.717834 -0.532506 0.448611 
114.883 81.4647 -131.527 -0.725452 -0.514426 0.457369 
111.891 82.8197 -128.475 -0.718214 -0.53161 0.449065 
115.139 81.7845 -131.984 -0.725054 -0.515016 0.457335 
112.335 82.88 -129.096 -0.718777 -0.530311 0.4497 
115.242 82.0942 -132.24 -0.724486 -0.516098 0.457016 
112.748 82.8824 -129.637 -0.719411 -0.528846 0.45041 
115.189 82.3441 -132.272 -0.723854 -0.517454 0.456483 
113.083 82.8372 -130.04 -0.720016 -0.527437 0.451095 
115.011 82.5079 -132.111 -0.723255 -0.518856 0.455842 
113.318 82.7587 -130.288 -0.720533 -0.526224 0.451687 
114.754 82.5858 -131.818 -0.722742 -0.520143 0.455187 
113.457 82.6609 -130.397 -0.720944 -0.525256 0.452156 
114.461 82.595 -131.454 -0.722335 -0.521237 0.454581 
113.517 82.5551 -130.4 -0.721255 -0.52453 0.452503 
114.166 82.5574 -131.069 -0.722026 -0.522122 0.454056 
113.519 82.4485 -130.328 -0.721483 -0.524012 0.452741 
113.888 82.4921 -130.694 -0.721799 -0.522817 0.453617 
113.479 82.3456 -130.207 -0.721644 -0.523661 0.45289 
113.636 82.4134 -130.345 -0.721633 -0.523358 0.453257 
113.411 82.2474 -130.057 -0.721758 -0.523431 0.452973 
113.41 82.3298 -130.027 -0.721512 -0.52378 0.452964 
113.326 82.1546 -129.89 -0.721838 -0.523291 0.453008 
113.209 82.2464 -129.737 -0.721421 -0.524112 0.452723 
113.231 82.0664 -129.717 -0.721896 -0.523209 0.45301 
113.028 82.1665 -129.474 -0.721349 -0.524388 0.452519 
113.132 81.9821 -129.543 -0.721942 -0.523161 0.452993 
112.864 82.0914 -129.232 -0.721287 -0.524626 0.452342 
113.034 81.901 -129.373 -0.721982 -0.523129 0.452966 
112.712 82.0221 -129.007 -0.721227 -0.524846 0.452182 
112.938 81.8224 -129.209 -0.722023 -0.523097 0.452938 
112.57 81.9583 -128.797 -0.721168 -0.525057 0.452032 
112.848 81.7461 -129.056 -0.722067 -0.523058 0.452913 
112.435 81.9007 -128.598 -0.721103 -0.525272 0.451885 
112.766 81.6711 -128.914 -0.72212 -0.522996 0.452899 
112.305 81.85 -128.407 -0.721028 -0.525501 0.451738 
112.694 81.5975 -128.786 -0.722184 -0.522907 0.452899 
112.177 81.8064 -128.224 -0.720941 -0.525753 0.451584 
112.633 81.5245 -128.673 -0.722265 -0.522779 0.452919 
112.052 81.7704 -128.047 -0.720838 -0.526033 0.451422 
112.586 81.4521 -128.579 -0.722365 -0.522604 0.452962 
111.928 81.7434 -127.876 -0.720714 -0.526354 0.451245 
112.556 81.3799 -128.507 -0.722488 -0.522371 0.453034 
111.803 81.7267 -127.709 -0.720566 -0.526724 0.451051 
112.545 81.3077 -128.46 -0.72264 -0.522067 0.453142 
111.678 81.722 -127.547 -0.720388 -0.527152 0.450836 
112.558 81.2356 -128.444 -0.722826 -0.521679 0.453292 
111.554 81.7315 -127.393 -0.720175 -0.527647 0.450596 
112.6 81.1645 -128.466 -0.723051 -0.521192 0.453494 
111.43 81.7581 -127.25 -0.719924 -0.528218 0.450329 
112.676 81.096 -128.534 -0.72332 -0.520591 0.453755 
111.312 81.8048 -127.123 -0.719631 -0.528867 0.450034 
112.795 81.0334 -128.659 -0.723634 -0.519868 0.454084 
111.205 81.875 -127.022 -0.7193 -0.529586 0.449718 
112.963 80.9822 -128.853 -0.723988 -0.519023 0.454485 
111.12 81.971 -126.964 -0.718941 -0.53035 0.449392 
113.186 80.9515 -129.128 -0.72437 -0.518076 0.454957 
111.071 82.0935 -126.969 -0.718578 -0.531105 0.449081 
113.466 80.9536 -129.49 -0.724751 -0.51708 0.455483 
111.081 82.2391 -127.063 -0.718252 -0.531761 0.448825 
113.797 81.0039 -129.939 -0.725082 -0.516134 0.456028 
111.17 82.3983 -127.27 -0.718024 -0.532195 0.448675 
114.158 81.1164 -130.452 -0.725305 -0.515373 0.456533 
111.354 82.5563 -127.604 -0.717955 -0.53228 0.448686 
114.515 81.2978 -130.986 -0.725358 -0.514957 0.456919 
111.634 82.6929 -128.052 -0.718089 -0.531923 0.448894 
114.818 81.5381 -131.474 -0.725205 -0.515003 0.45711 
111.985 82.7907 -128.572 -0.718423 -0.531133 0.449296 
115.024 81.8076 -131.847 -0.724858 -0.515534 0.457061 
112.36 82.8405 -129.094 -0.718898 -0.53003 0.449838 
115.104 82.0658 -132.053 -0.724376 -0.51646 0.45678 
112.709 82.8418 -129.55 -0.719434 -0.528789 0.450441 
115.056 82.2749 -132.075 -0.723842 -0.51761 0.456326 
112.994 82.8026 -129.893 -0.719951 -0.527586 0.451026 
114.903 82.4148 -131.938 -0.723328 -0.51881 0.455779 
113.197 82.7341 -130.107 -0.720402 -0.526532 0.451538 
114.681 82.4843 -131.686 -0.72288 -0.519929 0.455212 
113.32 82.6474 -130.205 -0.720767 -0.525677 0.451949 
114.426 82.4954 -131.368 -0.722517 -0.5209 0.454679 
113.373 82.5519 -130.207 -0.721049 -0.525026 0.452256 
114.163 82.4643 -131.025 -0.722236 -0.521699 0.454209 
113.373 82.4539 -130.14 -0.721258 -0.524556 0.452469 
113.91 82.4065 -130.685 -0.722026 -0.522337 0.453809 
113.333 82.3578 -130.025 -0.721407 -0.524237 0.452602 
113.677 82.3342 -130.361 -0.721872 -0.522839 0.453477 
113.266 82.2648 -129.88 -0.721511 -0.524031 0.452674 
113.465 82.2549 -130.06 -0.72176 -0.523231 0.453203 
113.18 82.1761 -129.715 -0.721581 -0.523914 0.452698 
113.274 82.1734 -129.783 -0.721679 -0.523536 0.452978 
113.083 82.0915 -129.541 -0.721628 -0.523858 0.452688 
113.101 82.0933 -129.529 -0.72162 -0.523782 0.452789 
112.98 82.0106 -129.363 -0.721659 -0.523843 0.452656 
112.943 82.0158 -129.294 -0.721574 -0.523984 0.452629 
112.874 81.9331 -129.186 -0.72168 -0.523853 0.45261 
112.798 81.9421 -129.077 -0.721536 -0.524157 0.452488 
112.769 81.8586 -129.011 -0.721695 -0.523878 0.452557 
112.664 81.8718 -128.873 -0.721504 -0.524309 0.452363 
112.665 81.7872 -128.843 -0.721708 -0.52391 0.4525 
112.538 81.8058 -128.682 -0.721473 -0.524451 0.452248 
112.566 81.718 -128.681 -0.721721 -0.52394 0.452445 
112.419 81.7436 -128.5 -0.721443 -0.524586 0.452139 
112.471 81.6513 -128.526 -0.721736 -0.523965 0.452392 
112.305 81.6857 -128.328 -0.72141 -0.524722 0.452034 
112.381 81.5866 -128.38 -0.721754 -0.52398 0.452346 
112.195 81.6319 -128.163 -0.721373 -0.524862 0.451931 
112.298 81.5236 -128.244 -0.721778 -0.52398 0.452307 
112.089 81.5825 -128.004 -0.721331 -0.52501 0.451826 
112.222 81.462 -128.117 -0.721809 -0.523962 0.452278 
111.986 81.5376 -127.85 -0.721282 -0.52517 0.451718 
112.153 81.4013 -128.001 -0.721849 -0.523921 0.452261 
111.883 81.4975 -127.7 -0.721223 -0.525349 0.451604 
112.093 81.3411 -127.896 -0.721902 -0.523851 0.452259 
111.782 81.4629 -127.554 -0.721151 -0.525552 0.451482 
112.044 81.2809 -127.805 -0.721969 -0.523745 0.452275 
111.679 81.4345 -127.41 -0.721064 -0.525787 0.451349 
112.005 81.2201 -127.728 -0.722055 -0.523594 0.452312 
111.575 81.4133 -127.267 -0.720956 -0.526062 0.4512 
111.981 81.1583 -127.669 -0.722164 -0.523389 0.452376 
111.468 81.401 -127.124 -0.720822 -0.526391 0.451031 
111.973 81.0942 -127.63 -0.722303 -0.523112 0.452474 
111.356 81.3989 -126.981 -0.720657 -0.526783 0.450836 
111.987 81.0276 -127.618 -0.722479 -0.522747 0.452615 
111.24 81.4102 -126.837 -0.720452 -0.527258 0.450609 
112.027 80.9584 -127.638 -0.7227 -0.522275 0.452807 
111.118 81.4376 -126.694 -0.720198 -0.52783 0.450345 
112.1 80.8863 -127.701 -0.722977 -0.521667 0.453065 
110.991 81.4861 -126.556 -0.719887 -0.528518 0.450036 
112.217 80.8134 -127.819 -0.723317 -0.520901 0.453404 
110.864 81.5603 -126.43 -0.719511 -0.529331 0.44968 
112.388 80.7431 -128.01 -0.723729 -0.519948 0.453839 
110.744 81.6667 -126.33 -0.71907 -0.53027 0.449281 
112.628 80.6839 -128.294 -0.724209 -0.518804 0.454383 
110.647 81.8098 -126.281 -0.718577 -0.531297 0.448856 
112.949 80.6496 -128.694 -0.724739 -0.517488 0.455039 
110.601 81.992 -126.319 -0.71807 -0.532328 0.448444 
113.357 80.6628 -129.227 -0.725269 -0.516089 0.455783 
110.642 82.2079 -126.491 -0.717627 -0.533202 0.448115 
113.841 80.7529 -129.891 -0.725713 -0.514782 0.456553 
110.813 82.4398 -126.845 -0.71736 -0.533686 0.447967 
114.365 80.9478 -130.648 -0.725956 -0.513833 0.457235 
111.14 82.6571 -127.402 -0.717388 -0.533536 0.448101 
114.858 81.2554 -131.41 -0.725891 -0.513525 0.457684 
111.611 82.8255 -128.125 -0.717763 -0.532645 0.44856 
115.235 81.6448 -132.051 -0.725487 -0.514014 0.457776 
112.16 82.921 -128.908 -0.718421 -0.531136 0.449294 
115.425 82.0472 -132.454 -0.724819 -0.515221 0.457477 
112.693 82.9407 -129.619 -0.719209 -0.52933 0.450166 
115.41 82.3858 -132.568 -0.724036 -0.516857 0.45687 
113.132 82.8975 -130.161 -0.719971 -0.527558 0.451027 
115.222 82.6135 -132.418 -0.723283 -0.518591 0.456098 
113.444 82.811 -130.501 -0.720618 -0.526033 0.451774 
114.924 82.7259 -132.087 -0.722643 -0.520182 0.455299 
113.632 82.7004 -130.663 -0.721124 -0.524829 0.452365 
114.58 82.7469 -131.665 -0.722144 -0.521516 0.454565 
113.721 82.5811 -130.69 -0.721501 -0.523935 0.4528 
114.236 82.7082 -131.22 -0.721773 -0.522574 0.453938 
113.739 82.4632 -130.628 -0.721773 -0.523301 0.453101 
113.918 82.6368 -130.795 -0.721506 -0.523387 0.453425 
113.709 82.3518 -130.513 -0.721964 -0.52287 0.453295 
113.636 82.5515 -130.409 -0.721316 -0.524004 0.453015 
113.649 82.2485 -130.367 -0.722098 -0.522585 0.453409 
113.391 82.4635 -130.066 -0.721178 -0.524476 0.452688 
113.572 82.1531 -130.207 -0.722193 -0.522404 0.453467 
113.178 82.3784 -129.763 -0.721075 -0.524845 0.452425 
113.486 82.0641 -130.042 -0.722264 -0.522286 0.45349 
112.991 82.2996 -129.494 -0.720991 -0.52515 0.452205 
113.397 81.9796 -129.88 -0.722324 -0.5222 0.453493 
112.824 82.2282 -129.251 -0.720916 -0.525417 0.452015 
113.31 81.8992 -129.725 -0.72238 -0.522126 0.453488 
112.672 82.1646 -129.029 -0.720842 -0.525667 0.451843 
113.23 81.8218 -129.581 -0.722439 -0.522048 0.453485 
112.53 82.1093 -128.823 -0.720762 -0.525917 0.451678 
113.158 81.7462 -129.451 -0.722508 -0.521947 0.453491 
112.395 82.0628 -128.631 -0.720672 -0.526181 0.451515 
113.098 81.6725 -129.338 -0.72259 -0.521812 0.453515 
112.267 82.0249 -128.449 -0.720569 -0.526466 0.451347 
113.051 81.6006 -129.244 -0.722689 -0.521637 0.453559 
112.142 81.9969 -128.277 -0.720448 -0.526782 0.451171 
113.022 81.5302 -129.174 -0.722809 -0.521407 0.453632 
112.021 81.9799 -128.115 -0.720306 -0.527137 0.450983 
113.013 81.4621 -129.131 -0.722952 -0.521118 0.453736 
111.904 81.9749 -127.964 -0.720141 -0.527535 0.450781 
113.027 81.3968 -129.119 -0.723122 -0.520758 0.453879 
111.793 81.983 -127.826 -0.719953 -0.527977 0.450565 
113.068 81.3361 -129.144 -0.723319 -0.520324 0.454062 
111.688 82.0066 -127.706 -0.719739 -0.528464 0.450335 
113.139 81.2822 -129.211 -0.723543 -0.519813 0.454291 
111.596 82.0467 -127.61 -0.719504 -0.528987 0.450096 
113.245 81.2383 -129.327 -0.723791 -0.519226 0.454566 
111.522 82.104 -127.547 -0.719256 -0.529527 0.449857 
113.386 81.21 -129.497 -0.724053 -0.518584 0.454884 
111.473 82.179 -127.527 -0.719007 -0.530057 0.449631 
113.564 81.2033 -129.723 -0.724312 -0.517914 0.455234 
111.462 82.2691 -127.563 -0.718781 -0.530528 0.449439 
113.774 81.2251 -130.003 -0.724547 -0.517264 0.455598 
111.496 82.3703 -127.667 -0.718602 -0.530882 0.449306 
114.006 81.2825 -130.325 -0.724727 -0.516705 0.455947 
111.587 82.4747 -127.846 -0.718505 -0.531054 0.449259 
114.243 81.3794 -130.67 -0.72482 -0.516315 0.456241 
111.734 82.5729 -128.097 -0.718513 -0.53099 0.449321 
114.462 81.5124 -131.006 -0.724804 -0.51616 0.456441 
111.931 82.6545 -128.404 -0.718638 -0.53067 0.449499 
114.637 81.672 -131.297 -0.72467 -0.516284 0.456513 
112.161 82.7114 -128.739 -0.718869 -0.530119 0.449781 
114.748 81.8405 -131.508 -0.724432 -0.516679 0.456445 
112.398 82.7387 -129.064 -0.719175 -0.529401 0.450136 
114.783 81.9971 -131.617 -0.724122 -0.517287 0.456247 
112.617 82.7368 -129.348 -0.719515 -0.528609 0.450523 
114.744 82.1249 -131.619 -0.723781 -0.518027 0.455948 
112.799 82.7094 -129.564 -0.71985 -0.527829 0.450902 
114.641 82.214 -131.524 -0.723444 -0.518813 0.455589 
112.932 82.6617 -129.705 -0.720155 -0.527123 0.451241 
114.492 82.2615 -131.355 -0.72314 -0.519569 0.45521 
113.016 82.5999 -129.77 -0.720413 -0.526529 0.451522 
114.316 82.2721 -131.137 -0.722882 -0.520251 0.454842 
113.052 82.5299 -129.77 -0.720619 -0.526063 0.451737 
114.128 82.2532 -130.892 -0.722674 -0.520836 0.454503 
113.049 82.4555 -129.718 -0.720776 -0.525717 0.451889 
113.941 82.2122 -130.639 -0.722514 -0.521316 0.454206 
113.014 82.3805 -129.624 -0.720888 -0.525483 0.451982 
113.762 82.1566 -130.389 -0.722397 -0.521699 0.453953 
112.955 82.3064 -129.501 -0.720963 -0.525343 0.452026 
113.595 82.0916 -130.15 -0.722316 -0.521994 0.453743 
112.876 82.2352 -129.357 -0.721006 -0.525283 0.452027 
113.443 82.0212 -129.926 -0.722266 -0.522212 0.453572 
112.784 82.1675 -129.2 -0.721021 -0.525289 0.451995 
113.305 81.9478 -129.718 -0.722242 -0.522363 0.453437 
112.683 82.1039 -129.034 -0.721015 -0.52535 0.451935 
113.181 81.8732 -129.528 -0.72224 -0.522455 0.453334 
112.575 82.0451 -128.863 -0.720988 -0.525457 0.451852 
113.072 81.7983 -129.355 -0.722258 -0.522494 0.453259 
112.463 81.9918 -128.69 -0.720943 -0.525608 0.45175 
112.977 81.7237 -129.201 -0.722296 -0.522482 0.453213 
112.347 81.9442 -128.517 -0.72088 -0.525797 0.45163 
112.897 81.6499 -129.065 -0.722352 -0.522421 0.453194 
112.23 81.9036 -128.345 -0.720798 -0.526028 0.451493 
112.833 81.5763 -128.95 -0.72243 -0.522305 0.453203 
112.11 81.8704 -128.175 -0.720696 -0.526299 0.451339 
112.785 81.5036 -128.856 -0.72253 -0.522132 0.453243 
111.99 81.8465 -128.009 -0.72057 -0.526619 0.451167 
112.757 81.4315 -128.786 -0.722656 -0.521894 0.453317 
111.869 81.8329 -127.847 -0.720418 -0.526991 0.450975 
112.75 81.3601 -128.745 -0.722811 -0.521581 0.453429 
111.748 81.8316 -127.692 -0.720238 -0.52742 0.450761 
112.768 81.29 -128.738 -0.723 -0.521182 0.453586 
111.629 81.8444 -127.547 -0.720026 -0.527911 0.450525 
112.816 81.2229 -128.77 -0.723225 -0.520691 0.453793 
111.514 81.8744 -127.416 -0.71978 -0.528467 0.450266 
112.9 81.1609 -128.85 -0.723486 -0.520097 0.454056 
111.408 81.9238 -127.307 -0.719501 -0.529083 0.449989 
113.024 81.1081 -128.986 -0.723783 -0.519401 0.45438 
111.319 81.9946 -127.23 -0.719196 -0.529742 0.4497 
113.193 81.0705 -129.189 -0.724106 -0.518614 0.454764 
111.256 82.088 -127.201 -0.718881 -0.53041 0.449418 
113.411 81.0568 -129.463 -0.724438 -0.517769 0.455198 
111.236 82.2025 -127.239 -0.718582 -0.531027 0.449167 
113.674 81.0776 -129.811 -0.724748 -0.516925 0.455663 
111.274 82.3326 -127.362 -0.71834 -0.531508 0.448986 
113.971 81.1451 -130.222 -0.724992 -0.516181 0.456118 
111.384 82.469 -127.585 -0.7182 -0.531757 0.448914 
114.279 81.2663 -130.67 -0.725124 -0.51565 0.456509 
111.574 82.5973 -127.91 -0.718208 -0.531682 0.448989 
114.567 81.4407 -131.112 -0.725103 -0.515444 0.456775 
111.835 82.7024 -128.315 -0.718383 -0.531245 0.449228 
114.796 81.6538 -131.493 -0.724915 -0.515629 0.456864 
112.141 82.7729 -128.759 -0.718704 -0.530487 0.44961 
114.935 81.8785 -131.762 -0.724585 -0.516188 0.456757 
112.453 82.8027 -129.185 -0.719122 -0.529514 0.450087 
114.968 82.0837 -131.888 -0.724164 -0.517029 0.456474 
112.734 82.7939 -129.544 -0.719573 -0.528467 0.450597 
114.901 82.2446 -131.867 -0.723712 -0.518023 0.456063 
112.959 82.7532 -129.807 -0.720001 -0.527471 0.451081 
114.754 82.3482 -131.722 -0.723286 -0.519035 0.455589 
113.116 82.6889 -129.966 -0.720374 -0.526602 0.4515 
114.554 82.3961 -131.489 -0.722914 -0.519975 0.455106 
113.207 82.61 -130.029 -0.720678 -0.525898 0.451836 
114.328 82.3975 -131.205 -0.722611 -0.520793 0.454652 
113.241 82.5235 -130.013 -0.720914 -0.525361 0.452084 
114.097 82.3649 -130.901 -0.722375 -0.521471 0.454249 
113.23 82.435 -129.94 -0.721087 -0.524976 0.452254 
113.874 82.3101 -130.597 -0.722197 -0.522018 0.453904 
113.184 82.347 -129.824 -0.721212 -0.524718 0.452356 
113.665 82.2416 -130.305 -0.722068 -0.522446 0.453616 
113.113 82.2619 -129.68 -0.721295 -0.524563 0.452403 
113.474 82.1663 -130.032 -0.721977 -0.52278 0.453378 
113.026 82.1802 -129.518 -0.721347 -0.524487 0.452408 
113.301 82.0881 -129.778 -0.721914 -0.523036 0.453182 
112.927 82.1023 -129.346 -0.721376 -0.52447 0.452381 
113.144 82.0095 -129.544 -0.721873 -0.523232 0.453021 
112.82 82.0282 -129.168 -0.721387 -0.524498 0.452331 
113.001 81.932 -129.328 -0.721849 -0.523379 0.452889 
112.71 81.958 -128.989 -0.721385 -0.524559 0.452263 
112.872 81.8565 -129.129 -0.721838 -0.523489 0.452779 
112.598 81.8917 -128.811 -0.721371 -0.524647 0.452184 
112.754 81.7827 -128.944 -0.721839 -0.523565 0.45269 
112.486 81.8297 -128.635 -0.721347 -0.524757 0.452094 
112.646 81.7109 -128.774 -0.72185 -0.523613 0.452618 
112.374 81.7716 -128.462 -0.721316 -0.524884 0.451997 
112.549 81.6413 -128.617 -0.72187 -0.523634 0.452562 
112.262 81.7182 -128.293 -0.721274 -0.525031 0.451892 
112.461 81.5733 -128.474 -0.7219 -0.523628 0.452521 
112.152 81.6695 -128.127 -0.721223 -0.525197 0.45178 
112.383 81.5064 -128.343 -0.721941 -0.523592 0.452496 
112.042 81.626 -127.965 -0.72116 -0.525387 0.45166 
112.316 81.4403 -128.226 -0.721997 -0.523521 0.45249 
111.932 81.5883 -127.806 -0.721083 -0.525605 0.451529 
112.26 81.3745 -128.125 -0.722068 -0.52341 0.452504 
111.821 81.5572 -127.65 -0.72099 -0.525857 0.451385 
112.217 81.3084 -128.04 -0.72216 -0.52325 0.452542 
111.709 81.5339 -127.495 -0.720875 -0.526152 0.451226 
112.19 81.2415 -127.974 -0.722276 -0.523032 0.45261 
111.594 81.5198 -127.341 -0.720734 -0.526499 0.451045 
112.18 81.1732 -127.931 -0.722422 -0.522741 0.452712 
111.476 81.5168 -127.189 -0.720561 -0.526911 0.45084 
112.194 81.1033 -127.917 -0.722605 -0.522361 0.452858 
111.354 81.5279 -127.039 -0.720348 -0.527404 0.450604 
112.235 81.0319 -127.938 -0.722832 -0.521875 0.453057 
111.229 81.5556 -126.893 -0.720091 -0.527987 0.450333 
112.311 80.9595 -128.004 -0.723112 -0.521258 0.453322 
111.103 81.6043 -126.756 -0.71978 -0.528675 0.450023 
112.43 80.8885 -128.127 -0.72345 -0.520489 0.453664 
110.98 81.679 -126.637 -0.719411 -0.529473 0.449674 
112.604 80.8241 -128.323 -0.723849 -0.519557 0.454096 
110.871 81.7838 -126.551 -0.718992 -0.530364 0.449294 
112.844 80.7744 -128.611 -0.724303 -0.518461 0.454626 
110.792 81.9226 -126.523 -0.718538 -0.531307 0.448905 
113.157 80.7545 -129.007 -0.724785 -0.517241 0.455247 
110.769 82.0948 -126.587 -0.718095 -0.532208 0.448548 
113.545 80.7849 -129.521 -0.725244 -0.515996 0.455928 
110.834 82.2928 -126.783 -0.717736 -0.532909 0.44829 
113.991 80.89 -130.142 -0.725599 -0.514897 0.456604 
111.02 82.4985 -127.144 -0.717557 -0.533212 0.448216 
114.456 81.0886 -130.824 -0.725755 -0.514174 0.45717 
111.342 82.6845 -127.677 -0.717647 -0.532938 0.448398 
114.877 81.3794 -131.485 -0.725635 -0.514046 0.457505 
111.777 82.8232 -128.333 -0.718028 -0.532037 0.448857 
115.181 81.7286 -132.016 -0.725232 -0.514601 0.45752 
112.264 82.898 -129.02 -0.71863 -0.530652 0.449533 
115.319 82.0759 -132.331 -0.724623 -0.515735 0.457208 
112.726 82.9075 -129.63 -0.719325 -0.52905 0.450308 
115.281 82.3614 -132.395 -0.723931 -0.517204 0.456645 
113.102 82.8632 -130.089 -0.719993 -0.527495 0.451064 
115.099 82.5506 -132.24 -0.72327 -0.518738 0.455952 
113.369 82.7813 -130.375 -0.720564 -0.526153 0.45172 
114.826 82.6428 -131.931 -0.722706 -0.520148 0.455239 
113.528 82.6784 -130.506 -0.721015 -0.525088 0.452239 
114.512 82.6571 -131.544 -0.722261 -0.521341 0.45458 
113.601 82.5669 -130.52 -0.721354 -0.524292 0.452623 
114.197 82.6194 -131.134 -0.721926 -0.522299 0.454013 
113.609 82.4555 -130.452 -0.7216 -0.523724 0.452887 
113.902 82.5518 -130.739 -0.721681 -0.523045 0.453542 
113.573 82.3488 -130.333 -0.721774 -0.523339 0.453055 
113.637 82.4705 -130.373 -0.721504 -0.523621 0.45316 
113.509 82.2479 -130.184 -0.721898 -0.523085 0.453152 
113.402 82.3848 -130.043 -0.721375 -0.524065 0.452851 
113.426 82.1534 -130.019 -0.721985 -0.522925 0.453197 
113.195 82.3008 -129.746 -0.721277 -0.524419 0.452598 
113.335 82.064 -129.849 -0.72205 -0.522825 0.453209 
113.01 82.2213 -129.478 -0.721197 -0.524711 0.452386 
113.24 81.9789 -129.679 -0.722103 -0.522758 0.453201 
112.843 82.1476 -129.234 -0.721128 -0.524967 0.4522 
113.146 81.897 -129.515 -0.722153 -0.522704 0.453185 
112.689 82.0804 -129.008 -0.72106 -0.525205 0.452032 
113.057 81.8177 -129.359 -0.722204 -0.522647 0.453169 
112.545 82.0206 -128.797 -0.720988 -0.525442 0.451872 
112.975 81.7403 -129.216 -0.722262 -0.522573 0.453161 
112.408 81.9678 -128.598 -0.720909 -0.525686 0.451714 
112.903 81.6647 -129.086 -0.722331 -0.522474 0.453166 
112.276 81.9229 -128.408 -0.720818 -0.52595 0.451553 
112.843 81.59 -128.973 -0.722417 -0.522335 0.45319 
112.147 81.8868 -128.226 -0.720709 -0.526244 0.451383 
112.798 81.5165 -128.88 -0.72252 -0.52215 0.453238 
112.02 81.8602 -128.052 -0.720581 -0.526575 0.451201 
112.769 81.4439 -128.81 -0.722647 -0.521907 0.453315 
111.895 81.844 -127.884 -0.720431 -0.526949 0.451004 
112.762 81.3719 -128.768 -0.722803 -0.521593 0.453429 
111.771 81.8406 -127.725 -0.720251 -0.527379 0.450788 
112.779 81.3018 -128.757 -0.722989 -0.521201 0.453584 
111.65 81.8517 -127.577 -0.720041 -0.527868 0.450551 
112.824 81.2345 -128.786 -0.723209 -0.520717 0.453787 
111.534 81.8795 -127.444 -0.719798 -0.528419 0.450294 
112.904 81.1722 -128.861 -0.723467 -0.520134 0.454045 
111.427 81.9265 -127.332 -0.719524 -0.529027 0.450018 
113.024 81.1189 -128.992 -0.723759 -0.51945 0.454362 
111.336 81.9948 -127.252 -0.719223 -0.529679 0.449732 
113.189 81.0802 -129.187 -0.724078 -0.518676 0.454738 
111.272 82.0854 -127.219 -0.718911 -0.530341 0.44945 
113.401 81.0643 -129.454 -0.724407 -0.51784 0.455166 
111.248 82.1967 -127.251 -0.718614 -0.530956 0.4492 
113.658 81.0825 -129.792 -0.724715 -0.517005 0.455624 
111.28 82.3245 -127.366 -0.718369 -0.531445 0.449013 
113.949 81.1456 -130.194 -0.724963 -0.51626 0.456076 
111.384 82.4589 -127.579 -0.718223 -0.53171 0.448933 
114.254 81.2613 -130.635 -0.725102 -0.515716 0.456469 
111.566 82.5867 -127.892 -0.718219 -0.531662 0.448996 
114.541 81.4297 -131.074 -0.725094 -0.515486 0.456743 
111.818 82.693 -128.287 -0.718377 -0.53126 0.449218 
114.773 81.6373 -131.456 -0.724923 -0.515635 0.456846 
112.117 82.7657 -128.723 -0.718683 -0.530536 0.449585 
114.918 81.8594 -131.732 -0.724606 -0.516159 0.456756 
112.426 82.7985 -129.147 -0.71909 -0.529588 0.450051 
114.96 82.0645 -131.869 -0.724196 -0.516971 0.456489 
112.708 82.7928 -129.509 -0.719535 -0.528556 0.450554 
114.901 82.2273 -131.86 -0.723752 -0.517942 0.456093 
112.935 82.7548 -129.778 -0.719962 -0.527563 0.451036 
114.762 82.3347 -131.727 -0.723327 -0.518944 0.455627 
113.096 82.6932 -129.943 -0.720335 -0.526692 0.451457 
114.568 82.387 -131.502 -0.722953 -0.519884 0.455148 
113.192 82.616 -130.013 -0.720642 -0.52598 0.451796 
114.346 82.3921 -131.225 -0.722647 -0.520705 0.454696 
113.23 82.5307 -130.004 -0.720882 -0.525434 0.45205 
114.117 82.3625 -130.924 -0.722407 -0.52139 0.454292 
113.222 82.4426 -129.935 -0.72106 -0.525039 0.452224 
113.894 82.3098 -130.622 -0.722225 -0.521943 0.453945 
113.179 82.3554 -129.823 -0.721186 -0.524775 0.45233 
113.686 82.2426 -130.331 -0.722094 -0.522378 0.453654 
113.111 82.2706 -129.682 -0.721272 -0.524613 0.452381 
113.494 82.1682 -130.058 -0.722 -0.522717 0.453414 
113.025 82.1888 -129.522 -0.721327 -0.524531 0.452389 
113.321 82.0904 -129.804 -0.721936 -0.522976 0.453216 
112.927 82.111 -129.351 -0.721356 -0.524512 0.452364 
113.163 82.012 -129.569 -0.721895 -0.523174 0.453054 
112.821 82.0371 -129.174 -0.721368 -0.524539 0.452314 
113.021 81.9344 -129.353 -0.721871 -0.523321 0.452921 
112.711 81.9674 -128.995 -0.721364 -0.524603 0.452247 
112.891 81.8583 -129.154 -0.721861 -0.523429 0.452812 
112.599 81.9014 -128.816 -0.721349 -0.524692 0.452166 
112.773 81.7845 -128.97 -0.721863 -0.523504 0.452723 
112.486 81.8395 -128.64 -0.721325 -0.524803 0.452075 
112.666 81.7122 -128.8 -0.721876 -0.523547 0.452653 
112.373 81.7822 -128.466 -0.72129 -0.524937 0.451976 
112.569 81.642 -128.644 -0.721898 -0.523563 0.452599 
112.261 81.7294 -128.296 -0.721246 -0.525091 0.451869 
112.483 81.5733 -128.502 -0.721931 -0.523549 0.452561 
112.149 81.6813 -128.129 -0.721191 -0.525264 0.451754 
112.407 81.5053 -128.373 -0.721978 -0.523502 0.452542 
112.037 81.6389 -127.966 -0.721123 -0.525465 0.451629 
112.342 81.4384 -128.259 -0.722039 -0.523419 0.452541 
111.926 81.6026 -127.806 -0.721041 -0.525695 0.451492 
112.289 81.3715 -128.16 -0.722118 -0.523292 0.452562 
111.813 81.5734 -127.647 -0.72094 -0.525963 0.451342 
112.25 81.3043 -128.08 -0.722217 -0.523114 0.452609 
111.699 81.5525 -127.491 -0.720816 -0.526276 0.451175 
112.227 81.2366 -128.02 -0.722342 -0.522874 0.452687 
111.582 81.5417 -127.336 -0.720663 -0.526648 0.450985 
112.224 81.1672 -127.985 -0.7225 -0.522555 0.452803 
111.461 81.5426 -127.183 -0.720478 -0.527086 0.450769 
112.246 81.0962 -127.981 -0.722697 -0.522141 0.452965 
111.338 81.5583 -127.033 -0.720252 -0.527606 0.450522 
112.297 81.0241 -128.015 -0.722941 -0.521613 0.453185 
111.212 81.5925 -126.889 -0.719977 -0.528223 0.450238 
112.386 80.9524 -128.098 -0.723237 -0.520952 0.453473 
111.087 81.6487 -126.758 -0.71965 -0.528942 0.449917 
112.522 80.8836 -128.243 -0.723593 -0.520136 0.453842 
110.969 81.7319 -126.649 -0.719269 -0.529763 0.44956 
112.715 80.824 -128.467 -0.724007 -0.519158 0.454302 
110.87 81.8464 -126.582 -0.718842 -0.530664 0.44918 
112.976 80.7843 -128.786 -0.724465 -0.518033 0.454855 
110.809 81.9946 -126.584 -0.718396 -0.531585 0.448804 
113.31 80.781 -129.216 -0.724933 -0.51682 0.455489 
110.815 82.1732 -126.689 -0.717984 -0.532412 0.448483 
113.713 80.835 -129.759 -0.725355 -0.515633 0.456162 
110.919 82.3712 -126.937 -0.717689 -0.532974 0.448288 
114.16 80.9698 -130.393 -0.72564 -0.514671 0.456794 
111.148 82.568 -127.351 -0.717602 -0.533081 0.4483 
114.605 81.1972 -131.061 -0.725701 -0.514155 0.457277 
111.505 82.7358 -127.92 -0.717791 -0.532596 0.448574 
114.982 81.5054 -131.671 -0.725485 -0.514264 0.4575 
111.954 82.8504 -128.581 -0.718247 -0.531533 0.449105 
115.225 81.8509 -132.122 -0.725013 -0.515017 0.4574 
112.427 82.9009 -129.234 -0.718878 -0.530082 0.449809 
115.3 82.1733 -132.345 -0.724379 -0.51626 0.457002 
112.853 82.8909 -129.784 -0.719556 -0.528514 0.45057 
115.211 82.4215 -132.33 -0.723706 -0.517737 0.456398 
113.186 82.8337 -130.175 -0.72018 -0.527056 0.45128 
114.998 82.5736 -132.12 -0.723087 -0.519209 0.455705 
113.41 82.7452 -130.401 -0.7207 -0.525832 0.451877 
114.713 82.6361 -131.786 -0.722573 -0.520524 0.45502 
113.535 82.6402 -130.486 -0.721104 -0.524879 0.45234 
114.402 82.631 -131.395 -0.722173 -0.521618 0.454402 
113.583 82.5297 -130.469 -0.721405 -0.524176 0.452675 
114.097 82.5825 -130.994 -0.721875 -0.522488 0.453876 
113.574 82.4206 -130.382 -0.721623 -0.523681 0.452901 
113.815 82.5101 -130.612 -0.721658 -0.523164 0.453443 
113.527 82.3164 -130.251 -0.721777 -0.523348 0.45304 
113.563 82.4275 -130.262 -0.7215 -0.523687 0.45309 
113.455 82.2184 -130.096 -0.721885 -0.523135 0.453115 
113.339 82.3422 -129.945 -0.721384 -0.524093 0.452804 
113.368 82.1259 -129.928 -0.721962 -0.523002 0.453146 
113.141 82.2595 -129.659 -0.721295 -0.52442 0.452568 
113.274 82.0381 -129.756 -0.722021 -0.522919 0.453147 
112.963 82.1814 -129.4 -0.721221 -0.524695 0.452367 
113.178 81.9542 -129.586 -0.72207 -0.522863 0.453133 
112.801 82.1091 -129.162 -0.721155 -0.524939 0.45219 
113.084 81.8732 -129.422 -0.722117 -0.522816 0.453113 
112.65 82.0432 -128.941 -0.721089 -0.525169 0.452027 
112.995 81.7946 -129.268 -0.722166 -0.522763 0.453095 
112.509 81.9844 -128.733 -0.721018 -0.525401 0.451871 
112.913 81.7178 -129.125 -0.722224 -0.522691 0.453086 
112.374 81.9325 -128.537 -0.72094 -0.525642 0.451715 
112.841 81.6426 -128.996 -0.722293 -0.522592 0.453091 
112.243 81.8885 -128.349 -0.720848 -0.525906 0.451555 
112.781 81.5682 -128.884 -0.722378 -0.522454 0.453115 
112.115 81.8525 -128.168 -0.720741 -0.526197 0.451387 
112.736 81.4949 -128.792 -0.722482 -0.522268 0.453163 
111.988 81.8263 -127.994 -0.720612 -0.526529 0.451205 
112.708 81.4221 -128.722 -0.72261 -0.522023 0.453241 
111.863 81.8108 -127.827 -0.720459 -0.526908 0.451007 
112.701 81.3501 -128.68 -0.722766 -0.521708 0.453355 
111.739 81.8078 -127.667 -0.720278 -0.527342 0.450789 
112.718 81.2793 -128.67 -0.722954 -0.521311 0.453512 
111.616 81.8194 -127.517 -0.720065 -0.527838 0.45055 
112.765 81.2109 -128.699 -0.723179 -0.520819 0.453718 
111.498 81.848 -127.381 -0.719817 -0.5284 0.450287 
112.846 81.1466 -128.775 -0.723444 -0.520221 0.453982 
111.388 81.8963 -127.266 -0.719534 -0.529026 0.450004 
112.969 81.091 -128.909 -0.723746 -0.519517 0.454307 
111.294 81.9663 -127.183 -0.719223 -0.529699 0.449708 
113.138 81.0498 -129.108 -0.724077 -0.518715 0.454695 
111.225 82.0601 -127.146 -0.718897 -0.530391 0.449414 
113.357 81.0316 -129.382 -0.724421 -0.517844 0.455139 
111.197 82.1763 -127.175 -0.718582 -0.531043 0.449148 
113.624 81.0479 -129.733 -0.724748 -0.516965 0.455619 
111.227 82.3103 -127.29 -0.718318 -0.531569 0.448948 
113.929 81.1107 -130.153 -0.725014 -0.516169 0.456097 
111.333 82.4519 -127.509 -0.718158 -0.531861 0.448857 
114.25 81.2302 -130.617 -0.725167 -0.515585 0.456515 
111.521 82.5871 -127.836 -0.718148 -0.531824 0.448917 
114.554 81.4062 -131.081 -0.725163 -0.515329 0.456809 
111.787 82.6998 -128.252 -0.718312 -0.531408 0.449148 
114.8 81.6253 -131.487 -0.724985 -0.515479 0.456923 
112.102 82.7769 -128.712 -0.718636 -0.530644 0.449534 
114.955 81.8608 -131.781 -0.724651 -0.516031 0.45683 
112.429 82.8115 -129.161 -0.719067 -0.529642 0.450026 
115 82.0782 -131.926 -0.724216 -0.51689 0.456548 
112.726 82.8052 -129.543 -0.719537 -0.528551 0.450557 
114.938 82.2501 -131.916 -0.723747 -0.517917 0.456128 
112.965 82.7649 -129.825 -0.719986 -0.527506 0.451065 
114.79 82.3624 -131.774 -0.7233 -0.518972 0.455638 
113.133 82.6999 -129.997 -0.720377 -0.526594 0.451505 
114.586 82.4157 -131.537 -0.722911 -0.519954 0.455136 
113.232 82.6193 -130.069 -0.720696 -0.525853 0.451859 
114.353 82.4197 -131.246 -0.722593 -0.520807 0.454664 
113.271 82.5311 -130.058 -0.720942 -0.52529 0.452122 
114.115 82.3882 -130.933 -0.722345 -0.521517 0.454245 
113.263 82.4401 -129.986 -0.721125 -0.524883 0.452302 
113.884 82.3327 -130.62 -0.72216 -0.522085 0.453886 
113.219 82.3504 -129.871 -0.721255 -0.52461 0.452412 
113.67 82.2637 -130.32 -0.722024 -0.522534 0.453587 
113.149 82.263 -129.727 -0.721344 -0.524441 0.452465 
113.474 82.1875 -130.04 -0.721927 -0.522883 0.453339 
113.062 82.1796 -129.565 -0.721401 -0.524354 0.452475 
113.296 82.1082 -129.781 -0.72186 -0.523151 0.453136 
112.963 82.0999 -129.392 -0.721435 -0.524327 0.452453 
113.134 82.0292 -129.541 -0.721814 -0.523359 0.452968 
112.858 82.0239 -129.214 -0.721451 -0.524344 0.452407 
112.988 81.9519 -129.32 -0.721784 -0.523522 0.452828 
112.748 81.9517 -129.035 -0.721454 -0.524393 0.452345 
112.854 81.8763 -129.116 -0.721767 -0.523647 0.452711 
112.638 81.8835 -128.857 -0.721447 -0.524467 0.452271 
112.731 81.8032 -128.926 -0.72176 -0.523742 0.452612 
112.527 81.8187 -128.682 -0.721433 -0.524556 0.452189 
112.619 81.7328 -128.75 -0.721759 -0.523815 0.452529 
112.417 81.7578 -128.511 -0.721412 -0.524662 0.452102 
112.515 81.6643 -128.586 -0.721768 -0.523863 0.452459 
112.309 81.7004 -128.344 -0.721385 -0.524778 0.45201 
112.42 81.5983 -128.434 -0.721782 -0.523892 0.452402 
112.203 81.6474 -128.182 -0.72135 -0.524909 0.451913 
112.334 81.534 -128.293 -0.721805 -0.523899 0.452358 
112.098 81.5985 -128.024 -0.721308 -0.525054 0.451811 
112.256 81.4711 -128.164 -0.721837 -0.523883 0.452326 
111.995 81.5541 -127.87 -0.721257 -0.525217 0.451704 
112.186 81.4092 -128.047 -0.721879 -0.523839 0.45231 
111.892 81.5147 -127.72 -0.721195 -0.525401 0.451588 
112.127 81.3477 -127.942 -0.721935 -0.523762 0.452309 
111.789 81.481 -127.572 -0.72112 -0.525613 0.451463 
112.078 81.2862 -127.851 -0.722007 -0.523646 0.452329 
111.684 81.4536 -127.426 -0.721027 -0.525858 0.451325 
112.042 81.224 -127.776 -0.722099 -0.523482 0.452372 
111.578 81.4341 -127.281 -0.720912 -0.52615 0.451169 
112.02 81.1609 -127.72 -0.722215 -0.52326 0.452443 
111.469 81.4235 -127.136 -0.72077 -0.526495 0.450993 
112.016 81.0954 -127.686 -0.722363 -0.522962 0.452551 
111.355 81.4239 -126.99 -0.720595 -0.526908 0.450789 
112.035 81.0277 -127.68 -0.72255 -0.522573 0.452703 
111.236 81.4386 -126.845 -0.720378 -0.527408 0.450552 
112.082 80.9571 -127.709 -0.722784 -0.522069 0.452911 
111.112 81.4704 -126.703 -0.720111 -0.528007 0.450277 
112.165 80.8848 -127.784 -0.723075 -0.521426 0.453187 
110.985 81.5244 -126.567 -0.719785 -0.528723 0.449957 
112.294 80.8122 -127.918 -0.723431 -0.520618 0.453547 
110.859 81.6054 -126.447 -0.719397 -0.529562 0.449593 
112.48 80.745 -128.129 -0.723856 -0.519628 0.454005 
110.745 81.7195 -126.359 -0.718946 -0.530515 0.449189 
112.737 80.6918 -128.438 -0.724344 -0.51845 0.454572 
110.661 81.8705 -126.33 -0.718454 -0.531535 0.44877 
113.076 80.6691 -128.866 -0.724869 -0.517126 0.455243 
110.636 82.059 -126.399 -0.717968 -0.532519 0.448382 
113.498 80.7007 -129.426 -0.725374 -0.515762 0.455986 
110.708 82.2766 -126.614 -0.717572 -0.53329 0.4481 
113.988 80.8155 -130.107 -0.725764 -0.514555 0.456728 
110.915 82.5025 -127.015 -0.71738 -0.533612 0.448023 
114.499 81.0366 -130.858 -0.725927 -0.513775 0.457346 
111.276 82.705 -127.609 -0.717498 -0.533273 0.448239 
114.958 81.3629 -131.582 -0.725774 -0.513677 0.457699 
111.764 82.8523 -128.341 -0.717945 -0.532225 0.448767 
115.282 81.7533 -132.155 -0.725301 -0.514356 0.457686 
112.304 82.9263 -129.098 -0.718635 -0.530647 0.449532 
115.415 82.1356 -132.477 -0.724607 -0.51567 0.457307 
112.806 82.9285 -129.757 -0.719408 -0.528867 0.450392 
115.353 82.4404 -132.517 -0.723841 -0.517316 0.45666 
113.205 82.8735 -130.237 -0.720131 -0.527181 0.451212 
115.136 82.6337 -132.318 -0.723128 -0.518992 0.455889 
113.479 82.7811 -130.524 -0.720731 -0.525764 0.451907 
114.828 82.7192 -131.965 -0.722534 -0.520494 0.455116 
113.637 82.669 -130.645 -0.721196 -0.52466 0.452448 
114.487 82.723 -131.54 -0.722076 -0.521738 0.454419 
113.704 82.551 -130.646 -0.721539 -0.523849 0.452841 
114.153 82.6753 -131.104 -0.721738 -0.522718 0.45383 
113.708 82.4354 -130.568 -0.721786 -0.523278 0.453108 
113.848 82.6003 -130.692 -0.721495 -0.523469 0.45335 
113.669 82.3266 -130.443 -0.721959 -0.522892 0.453276 
113.577 82.5146 -130.32 -0.72132 -0.524043 0.452965 
113.603 82.2257 -130.292 -0.72208 -0.522642 0.453373 
113.342 82.4271 -129.989 -0.721193 -0.524483 0.452658 
113.522 82.1316 -130.129 -0.722168 -0.522479 0.453419 
113.136 82.3436 -129.695 -0.721096 -0.524833 0.452407 
113.433 82.0435 -129.964 -0.722235 -0.522374 0.453434 
112.954 82.2662 -129.431 -0.721015 -0.525126 0.452196 
113.344 81.9599 -129.801 -0.722292 -0.522297 0.453432 
112.79 82.196 -129.193 -0.720941 -0.525386 0.452011 
113.257 81.8796 -129.646 -0.722348 -0.522226 0.453425 
112.64 82.1335 -128.974 -0.720867 -0.525634 0.451841 
113.176 81.8019 -129.503 -0.722408 -0.522146 0.453422 
112.499 82.0791 -128.77 -0.720787 -0.525884 0.451678 
113.104 81.7264 -129.373 -0.722477 -0.522044 0.453429 
112.365 82.0331 -128.578 -0.720696 -0.526149 0.451514 
113.045 81.6523 -129.261 -0.722562 -0.521906 0.453454 
112.236 81.9965 -128.396 -0.720589 -0.526441 0.451345 
113 81.58 -129.169 -0.722663 -0.521724 0.453501 
112.111 81.9693 -128.224 -0.720465 -0.526763 0.451166 
112.972 81.5089 -129.1 -0.722787 -0.521486 0.453577 
111.989 81.9532 -128.061 -0.720319 -0.527127 0.450975 
112.965 81.4402 -129.059 -0.722934 -0.521187 0.453686 
111.871 81.9494 -127.908 -0.720149 -0.527535 0.450768 
112.981 81.3738 -129.05 -0.72311 -0.520813 0.453834 
111.757 81.9592 -127.769 -0.719955 -0.52799 0.450547 
113.025 81.3121 -129.079 -0.723315 -0.520363 0.454025 
111.651 81.9847 -127.648 -0.719733 -0.528494 0.45031 
113.101 81.2571 -129.151 -0.723548 -0.519831 0.454264 
111.557 82.0275 -127.55 -0.719488 -0.529038 0.450063 
113.212 81.2125 -129.274 -0.723805 -0.519221 0.454551 
111.481 82.0883 -127.487 -0.71923 -0.5296 0.449815 
113.361 81.1832 -129.453 -0.724079 -0.518547 0.454884 
111.432 82.1676 -127.468 -0.718969 -0.530153 0.44958 
113.549 81.1769 -129.692 -0.724351 -0.517845 0.455251 
111.421 82.2631 -127.508 -0.718731 -0.530645 0.449379 
113.77 81.2007 -129.987 -0.724597 -0.517164 0.455633 
111.46 82.3697 -127.621 -0.718546 -0.531011 0.449243 
114.014 81.2626 -130.327 -0.724782 -0.516582 0.455998 
111.557 82.4796 -127.812 -0.718448 -0.531182 0.449198 
114.263 81.3661 -130.691 -0.724876 -0.516179 0.456304 
111.716 82.5823 -128.08 -0.718463 -0.531101 0.449269 
114.492 81.5086 -131.044 -0.724852 -0.516033 0.456508 
111.927 82.6668 -128.407 -0.718603 -0.530746 0.449464 
114.673 81.6782 -131.346 -0.724703 -0.516183 0.456576 
112.17 82.7245 -128.761 -0.718855 -0.530148 0.449769 
114.785 81.8563 -131.562 -0.724444 -0.51662 0.456493 
112.42 82.7506 -129.102 -0.719183 -0.529379 0.450149 
114.816 82.0201 -131.668 -0.724112 -0.517278 0.456274 
112.648 82.746 -129.396 -0.719544 -0.528541 0.450558 
114.768 82.152 -131.66 -0.72375 -0.518069 0.455951 
112.835 82.715 -129.617 -0.719894 -0.527725 0.450953 
114.654 82.2411 -131.552 -0.723399 -0.518894 0.45557 
112.97 82.6634 -129.756 -0.720209 -0.526995 0.451304 
114.494 82.2867 -131.368 -0.723085 -0.51968 0.455172 
113.053 82.5978 -129.818 -0.720473 -0.526388 0.451592 
114.308 82.2939 -131.136 -0.722821 -0.520382 0.454789 
113.086 82.5245 -129.812 -0.720682 -0.525915 0.45181 
114.112 82.2713 -130.88 -0.72261 -0.520979 0.454441 
113.08 82.4472 -129.752 -0.72084 -0.525568 0.451961 
113.918 82.2267 -130.617 -0.72245 -0.521466 0.454137 
113.041 82.3697 -129.653 -0.720952 -0.525336 0.452053 
113.734 82.1681 -130.359 -0.722332 -0.521853 0.453879 
112.978 82.2935 -129.524 -0.721026 -0.525197 0.452095 
113.563 82.1006 -130.114 -0.722251 -0.522151 0.453666 
112.897 82.2204 -129.376 -0.721069 -0.525139 0.452095 
113.407 82.0282 -129.884 -0.7222 -0.522372 0.453492 
112.803 82.1508 -129.214 -0.721086 -0.525145 0.452061 
113.266 81.9534 -129.672 -0.722174 -0.522528 0.453354 
112.7 82.0854 -129.045 -0.721081 -0.525204 0.452001 
113.14 81.8779 -129.478 -0.72217 -0.522626 0.453247 
112.59 82.0246 -128.871 -0.721057 -0.525307 0.451919 
113.027 81.8024 -129.301 -0.722185 -0.522674 0.453168 
112.477 81.9692 -128.696 -0.721015 -0.525451 0.451818 
112.929 81.7274 -129.141 -0.722218 -0.522674 0.453116 
112.361 81.9191 -128.521 -0.720957 -0.52563 0.451701 
112.844 81.6534 -129 -0.722268 -0.522628 0.453089 
112.243 81.8757 -128.347 -0.720881 -0.525848 0.451569 
112.775 81.58 -128.877 -0.722338 -0.522532 0.453089 
112.123 81.8392 -128.176 -0.720787 -0.526105 0.45142 
112.721 81.5068 -128.775 -0.72243 -0.522379 0.453118 
112.003 81.8114 -128.008 -0.720671 -0.526407 0.451254 
112.684 81.4343 -128.695 -0.722545 -0.522167 0.453178 
111.881 81.7933 -127.843 -0.720529 -0.526759 0.451069 
112.668 81.3623 -128.642 -0.722689 -0.521884 0.453275 
111.759 81.7866 -127.684 -0.720359 -0.527168 0.450863 
112.676 81.2909 -128.62 -0.722866 -0.521519 0.453414 
111.637 81.7935 -127.531 -0.720157 -0.527641 0.450632 
112.711 81.2211 -128.634 -0.723078 -0.521061 0.453602 
111.517 81.8165 -127.39 -0.71992 -0.528182 0.450378 
112.78 81.1546 -128.693 -0.723331 -0.520498 0.453845 
111.403 81.8583 -127.266 -0.719646 -0.528792 0.450099 
112.888 81.0945 -128.806 -0.723623 -0.519825 0.454151 
111.301 81.9217 -127.169 -0.719339 -0.529462 0.449802 
113.041 81.046 -128.982 -0.723951 -0.519043 0.454522 
111.219 82.0087 -127.111 -0.719008 -0.530168 0.449499 
113.245 81.0167 -129.233 -0.724302 -0.518172 0.454956 
111.173 82.1192 -127.113 -0.718677 -0.53086 0.449213 
113.501 81.018 -129.562 -0.72465 -0.517263 0.455437 
111.179 82.2508 -127.194 -0.71838 -0.531462 0.448976 
113.801 81.0626 -129.968 -0.724953 -0.516399 0.455934 
111.256 82.3952 -127.377 -0.718167 -0.53187 0.448833 
114.128 81.162 -130.432 -0.725162 -0.515697 0.456396 
111.417 82.5388 -127.672 -0.718093 -0.53197 0.448832 
114.452 81.3217 -130.916 -0.725224 -0.515292 0.456755 
111.663 82.6653 -128.07 -0.718195 -0.531688 0.449004 
114.733 81.5339 -131.364 -0.725106 -0.515289 0.456947 
111.973 82.7589 -128.534 -0.718474 -0.53102 0.449347 
114.931 81.7747 -131.715 -0.724814 -0.515715 0.456929 
112.311 82.8106 -129.008 -0.718887 -0.530059 0.449822 
115.019 82.0096 -131.922 -0.724395 -0.516502 0.456704 
112.632 82.8185 -129.431 -0.719365 -0.52895 0.450363 
114.992 82.206 -131.967 -0.723917 -0.517516 0.456314 
112.901 82.7884 -129.76 -0.71984 -0.527845 0.4509 
114.868 82.3438 -131.865 -0.723443 -0.518605 0.455828 
113.1 82.7295 -129.976 -0.720265 -0.526854 0.451381 
114.675 82.4187 -131.651 -0.723021 -0.519648 0.45531 
113.225 82.6517 -130.084 -0.720618 -0.526032 0.451775 
114.443 82.4387 -131.367 -0.72267 -0.520571 0.454812 
113.286 82.5634 -130.1 -0.720895 -0.525394 0.452077 
114.2 82.4174 -131.052 -0.722393 -0.521348 0.454363 
113.293 82.4716 -130.047 -0.721102 -0.524927 0.452289 
113.961 82.3677 -130.731 -0.722184 -0.521974 0.453977 
113.26 82.3795 -129.944 -0.721252 -0.524603 0.452425 
113.737 82.3011 -130.421 -0.72203 -0.522469 0.453652 
113.198 82.2902 -129.807 -0.721356 -0.524397 0.452498 
113.531 82.2259 -130.13 -0.721918 -0.522857 0.453383 
113.115 82.2043 -129.649 -0.721424 -0.524281 0.452523 
113.344 82.1469 -129.859 -0.721839 -0.523158 0.453162 
113.02 82.122 -129.478 -0.721468 -0.524229 0.452513 
113.175 82.0674 -129.61 -0.721784 -0.523392 0.452978 
112.917 82.0437 -129.301 -0.721493 -0.524227 0.452477 
113.022 81.9891 -129.38 -0.721747 -0.523576 0.452826 
112.809 81.9694 -129.122 -0.721503 -0.52426 0.452422 
112.881 81.913 -129.168 -0.721722 -0.523721 0.452697 
112.699 81.8983 -128.944 -0.721504 -0.524316 0.452356 
112.753 81.8399 -128.97 -0.721705 -0.523839 0.452587 
112.59 81.8307 -128.769 -0.721498 -0.524388 0.452282 
112.634 81.7692 -128.786 -0.721697 -0.523932 0.452492 
112.481 81.7668 -128.598 -0.721485 -0.524474 0.452202 
112.524 81.7015 -128.614 -0.721694 -0.524008 0.45241 
112.375 81.706 -128.432 -0.72147 -0.524567 0.45212 
112.422 81.636 -128.454 -0.721697 -0.524065 0.452339 
112.272 81.649 -128.271 -0.721448 -0.524669 0.452035 
112.328 81.5731 -128.304 -0.721705 -0.524107 0.452277 
112.17 81.5954 -128.115 -0.721422 -0.52478 0.451947 
112.24 81.5123 -128.163 -0.721718 -0.524134 0.452225 
112.071 81.5455 -127.965 -0.721392 -0.5249 0.451858 
112.16 81.4532 -128.033 -0.721737 -0.524143 0.452184 
111.975 81.4994 -127.819 -0.721355 -0.52503 0.451765 
112.087 81.3954 -127.913 -0.721764 -0.524132 0.452153 
111.879 81.4574 -127.677 -0.72131 -0.525175 0.451668 
112.022 81.3386 -127.803 -0.721801 -0.524098 0.452135 
111.785 81.4199 -127.538 -0.721257 -0.525338 0.451564 
111.964 81.2825 -127.704 -0.721847 -0.524038 0.45213 
111.69 81.3876 -127.402 -0.72119 -0.525526 0.451452 
111.917 81.2261 -127.618 -0.721909 -0.523941 0.452143 
111.595 81.3608 -127.267 -0.721109 -0.525743 0.451328 
111.88 81.169 -127.545 -0.721989 -0.523802 0.452177 
111.497 81.3406 -127.133 -0.721009 -0.525999 0.451189 
111.857 81.1108 -127.488 -0.722091 -0.523611 0.452236 
111.396 81.3288 -126.998 -0.720884 -0.526307 0.45103 
111.849 81.0501 -127.451 -0.722222 -0.523352 0.452327 
111.291 81.3265 -126.863 -0.720728 -0.526678 0.450847 
111.86 80.9868 -127.437 -0.722388 -0.523009 0.452458 
111.179 81.3368 -126.725 -0.720532 -0.52713 0.450631 
111.897 80.9198 -127.454 -0.7226 -0.522559 0.45264 
111.061 81.3627 -126.586 -0.720288 -0.527681 0.450377 
111.965 80.8494 -127.511 -0.722866 -0.521978 0.452886 
110.936 81.4082 -126.449 -0.719986 -0.528348 0.450077 
112.075 80.7764 -127.62 -0.723198 -0.521235 0.453211 
110.808 81.4794 -126.32 -0.719616 -0.529151 0.449726 
112.238 80.7035 -127.799 -0.723605 -0.5203 0.453634 
110.682 81.5822 -126.211 -0.719174 -0.530092 0.449324 
112.469 80.6382 -128.069 -0.724089 -0.519159 0.45417 
110.574 81.7226 -126.144 -0.718668 -0.53115 0.448885 
112.782 80.5928 -128.455 -0.724637 -0.517816 0.454828 
110.508 81.905 -126.155 -0.718128 -0.532253 0.448441 
113.189 80.5895 -128.979 -0.725208 -0.516342 0.455594 
110.522 82.1267 -126.294 -0.717626 -0.533252 0.448059 
113.684 80.6593 -129.649 -0.725717 -0.5149 0.456414 
110.664 82.3718 -126.617 -0.71728 -0.5339 0.447841 
114.237 80.8358 -130.437 -0.726043 -0.51376 0.45718 
110.972 82.6109 -127.159 -0.717224 -0.533924 0.447902 
114.779 81.1366 -131.26 -0.726058 -0.513246 0.457733 
111.445 82.8045 -127.899 -0.717546 -0.533143 0.448316 
115.217 81.5403 -131.987 -0.725698 -0.513585 0.457923 
112.023 82.9227 -128.735 -0.718205 -0.531635 0.449051 
115.466 81.9771 -132.479 -0.725026 -0.514746 0.457684 
112.605 82.958 -129.522 -0.719039 -0.529729 0.449969 
115.49 82.3591 -132.66 -0.724197 -0.516443 0.457086 
113.096 82.9226 -130.138 -0.719867 -0.527809 0.4509 
115.319 82.6252 -132.545 -0.723378 -0.518298 0.456281 
113.451 82.8374 -130.537 -0.720578 -0.526135 0.451719 
115.017 82.7634 -132.22 -0.722678 -0.52002 0.455429 
113.671 82.7245 -130.736 -0.721135 -0.524809 0.452373 
114.658 82.7981 -131.783 -0.72213 -0.521472 0.454639 
113.781 82.6012 -130.786 -0.721548 -0.523822 0.452857 
114.295 82.7645 -131.318 -0.721724 -0.522621 0.453964 
113.812 82.4793 -130.737 -0.721845 -0.523121 0.453194 
113.96 82.6938 -130.873 -0.721434 -0.523498 0.453413 
113.791 82.3649 -130.629 -0.722053 -0.522643 0.453414 
113.666 82.6072 -130.471 -0.721229 -0.524158 0.452977 
113.737 82.26 -130.489 -0.722198 -0.522328 0.453547 
113.412 82.5179 -130.118 -0.721082 -0.524657 0.452632 
113.664 82.1642 -130.333 -0.722299 -0.522126 0.453618 
113.194 82.4318 -129.809 -0.720975 -0.525041 0.452359 
113.582 82.0757 -130.173 -0.722374 -0.521996 0.453649 
113.005 82.3527 -129.538 -0.720889 -0.525352 0.452134 
113.497 81.9929 -130.015 -0.722435 -0.521904 0.453657 
112.837 82.2816 -129.296 -0.720813 -0.525621 0.451942 
113.414 81.9138 -129.865 -0.722493 -0.521825 0.453656 
112.686 82.2188 -129.077 -0.72074 -0.52587 0.45177 
113.336 81.8385 -129.726 -0.722551 -0.521744 0.453656 
112.547 82.1647 -128.875 -0.720661 -0.526116 0.451608 
113.268 81.7652 -129.6 -0.72262 -0.521642 0.453665 
112.416 82.1194 -128.688 -0.720573 -0.526374 0.451448 
113.211 81.6939 -129.492 -0.722701 -0.521508 0.45369 
112.292 82.0837 -128.512 -0.720471 -0.526654 0.451284 
113.168 81.6246 -129.405 -0.722798 -0.521332 0.453736 
112.172 82.0574 -128.347 -0.720354 -0.526961 0.451114 
113.142 81.5578 -129.34 -0.722915 -0.521107 0.453809 
112.057 82.0421 -128.194 -0.720216 -0.527304 0.450933 
113.136 81.4933 -129.302 -0.723054 -0.520824 0.453913 
111.947 82.0383 -128.052 -0.720059 -0.527682 0.450741 
113.153 81.4329 -129.296 -0.723215 -0.520479 0.454051 
111.843 82.0477 -127.926 -0.71988 -0.5281 0.450537 
113.195 81.3775 -129.325 -0.723402 -0.520065 0.454229 
111.749 82.0709 -127.818 -0.719683 -0.52855 0.450325 
113.265 81.3303 -129.394 -0.723609 -0.519588 0.454445 
111.668 82.1096 -127.736 -0.719469 -0.529026 0.450108 
113.367 81.2942 -129.509 -0.723832 -0.519053 0.4547 
111.606 82.1633 -127.687 -0.719249 -0.529504 0.449897 
113.5 81.2735 -129.671 -0.724063 -0.518476 0.45499 
111.571 82.232 -127.681 -0.719036 -0.529958 0.449703 
113.664 81.2742 -129.881 -0.724285 -0.517894 0.455301 
111.57 82.3127 -127.727 -0.718849 -0.530344 0.449547 
113.852 81.3012 -130.135 -0.724477 -0.517346 0.455616 
111.611 82.4014 -127.832 -0.71871 -0.530616 0.449448 
114.055 81.3595 -130.421 -0.724616 -0.516894 0.455909 
111.7 82.4908 -128.001 -0.718646 -0.53072 0.449428 
114.257 81.4501 -130.718 -0.724677 -0.516599 0.456146 
111.837 82.573 -128.228 -0.718672 -0.530622 0.449502 
114.439 81.5695 -131.001 -0.724644 -0.516512 0.456297 
112.012 82.6401 -128.497 -0.718794 -0.530313 0.449671 
114.58 81.7078 -131.239 -0.724515 -0.516657 0.456339 
112.21 82.6854 -128.784 -0.719002 -0.529818 0.449923 
114.666 81.8502 -131.407 -0.724304 -0.517019 0.456264 
112.412 82.7062 -129.059 -0.719266 -0.529196 0.450232 
114.688 81.9813 -131.489 -0.724034 -0.517555 0.456083 
112.597 82.7022 -129.296 -0.719558 -0.528515 0.450565 
114.648 82.0872 -131.481 -0.723741 -0.518196 0.455821 
112.75 82.6764 -129.477 -0.719847 -0.527845 0.450889 
114.555 82.161 -131.394 -0.723452 -0.518874 0.455509 
112.862 82.6337 -129.593 -0.720109 -0.527239 0.451179 
114.423 82.2002 -131.243 -0.723189 -0.519529 0.455179 
112.932 82.5784 -129.646 -0.720334 -0.526725 0.451421 
114.268 82.2082 -131.05 -0.722964 -0.520124 0.454857 
112.961 82.5156 -129.642 -0.720514 -0.526319 0.451607 
114.102 82.1908 -130.833 -0.722781 -0.520639 0.45456 
112.956 82.4486 -129.592 -0.720652 -0.526017 0.451738 
113.935 82.1535 -130.606 -0.72264 -0.521063 0.454297 
112.922 82.3809 -129.505 -0.72075 -0.525816 0.451816 
113.775 82.1027 -130.381 -0.722537 -0.521401 0.454072 
112.865 82.3137 -129.39 -0.720814 -0.525699 0.45185 
113.624 82.0426 -130.165 -0.722468 -0.521659 0.453886 
112.79 82.2494 -129.255 -0.720847 -0.525659 0.451845 
113.487 81.9767 -129.962 -0.722429 -0.521844 0.453736 
112.703 82.1885 -129.107 -0.720853 -0.525683 0.451807 
113.363 81.9074 -129.774 -0.722416 -0.521963 0.45362 
112.605 82.1319 -128.95 -0.720836 -0.525763 0.451741 
113.253 81.8362 -129.603 -0.722426 -0.522021 0.453537 
112.501 82.0808 -128.787 -0.720797 -0.525893 0.451651 
113.159 81.7643 -129.45 -0.722459 -0.522022 0.453484 
112.392 82.0352 -128.623 -0.720739 -0.526068 0.451541 
113.079 81.6926 -129.317 -0.722512 -0.521969 0.453461 
112.28 81.9964 -128.458 -0.72066 -0.526288 0.451411 
113.016 81.621 -129.204 -0.722588 -0.521856 0.453469 
112.165 81.9658 -128.295 -0.720558 -0.526554 0.451263 
112.971 81.5499 -129.115 -0.722688 -0.521683 0.453509 
112.05 81.9438 -128.136 -0.720435 -0.526865 0.451096 
112.946 81.4803 -129.051 -0.722812 -0.521445 0.453584 
111.934 81.9327 -127.983 -0.720286 -0.527228 0.45091 
112.942 81.4124 -129.016 -0.722965 -0.521136 0.453697 
111.82 81.9336 -127.837 -0.720111 -0.527643 0.450704 
112.965 81.3468 -129.015 -0.723148 -0.520745 0.453853 
111.71 81.9482 -127.705 -0.719909 -0.52811 0.450481 
113.016 81.2861 -129.055 -0.723361 -0.520273 0.454056 
111.607 81.979 -127.589 -0.719679 -0.528628 0.45024 
113.101 81.2326 -129.14 -0.723604 -0.519715 0.454308 
111.516 82.0275 -127.499 -0.719425 -0.529186 0.44999 
113.223 81.1904 -129.278 -0.723871 -0.519078 0.454611 
111.445 82.0947 -127.445 -0.719159 -0.529761 0.449739 
113.384 81.1651 -129.475 -0.724152 -0.518379 0.454959 
111.403 82.1799 -127.439 -0.718896 -0.530316 0.449505 
113.584 81.1649 -129.732 -0.724427 -0.51766 0.45534 
111.403 82.2812 -127.496 -0.718661 -0.530798 0.449312 
113.818 81.1973 -130.047 -0.724668 -0.516977 0.455732 
111.456 82.3924 -127.629 -0.718488 -0.531134 0.449191 
114.071 81.2703 -130.404 -0.724841 -0.516414 0.456096 
111.57 82.5046 -127.845 -0.718411 -0.531255 0.449171 
114.325 81.3863 -130.778 -0.724911 -0.516055 0.456391 
111.747 82.6067 -128.137 -0.718457 -0.531105 0.449274 
114.551 81.5408 -131.133 -0.724855 -0.515975 0.45657 
111.974 82.6876 -128.483 -0.718631 -0.530676 0.449504 
114.722 81.7194 -131.425 -0.724672 -0.516203 0.456603 
112.229 82.7392 -128.847 -0.718913 -0.530009 0.449839 
114.817 81.9013 -131.621 -0.724383 -0.516717 0.456481 
112.483 82.7579 -129.189 -0.719264 -0.529191 0.450242 
114.828 82.0631 -131.701 -0.72403 -0.517437 0.456225 
112.708 82.7458 -129.474 -0.719635 -0.528327 0.450663 
114.76 82.1879 -131.665 -0.723658 -0.518265 0.455874 
112.887 82.7081 -129.68 -0.719987 -0.527508 0.451059 
114.629 82.2681 -131.532 -0.723305 -0.519109 0.455475 
113.011 82.6511 -129.801 -0.720297 -0.52679 0.451403 
114.457 82.3039 -131.328 -0.722996 -0.519895 0.455069 
113.082 82.5816 -129.845 -0.720552 -0.526204 0.451679 
114.262 82.3023 -131.082 -0.722741 -0.520585 0.454685 
113.106 82.5052 -129.824 -0.720752 -0.525755 0.451885 
114.062 82.2726 -130.817 -0.722539 -0.521165 0.45434 
113.09 82.4265 -129.752 -0.720899 -0.525434 0.452023 
113.867 82.2227 -130.55 -0.722388 -0.521634 0.454043 
113.044 82.3477 -129.643 -0.721004 -0.525222 0.452103 
113.683 82.1604 -130.291 -0.722278 -0.522003 0.453793 
112.975 82.2712 -129.507 -0.721071 -0.525103 0.452134 
113.513 82.0904 -130.046 -0.722204 -0.522286 0.453586 
112.889 82.1978 -129.353 -0.721108 -0.52506 0.452125 
113.358 82.0165 -129.817 -0.722158 -0.522494 0.453419 
112.792 82.1281 -129.187 -0.72112 -0.525077 0.452086 
113.218 81.9409 -129.606 -0.722136 -0.52264 0.453286 
112.686 82.0627 -129.015 -0.721112 -0.525143 0.452021 
113.093 81.865 -129.413 -0.722134 -0.522732 0.453183 
112.575 82.0018 -128.84 -0.721087 -0.525252 0.451936 
112.982 81.7894 -129.238 -0.722151 -0.522775 0.453107 
112.461 81.9464 -128.664 -0.721044 -0.525399 0.451833 
112.885 81.7148 -129.079 -0.722183 -0.522774 0.453056 
112.345 81.8962 -128.489 -0.720986 -0.52558 0.451715 
112.801 81.6407 -128.938 -0.722235 -0.522725 0.453031 
112.226 81.8527 -128.315 -0.72091 -0.525798 0.451582 
112.731 81.5675 -128.816 -0.722304 -0.522629 0.453031 
112.107 81.8163 -128.143 -0.720815 -0.526055 0.451433 
112.677 81.4945 -128.714 -0.722395 -0.522478 0.453059 
111.986 81.7878 -127.975 -0.720701 -0.526354 0.451268 
112.64 81.4221 -128.633 -0.72251 -0.522268 0.453119 
111.865 81.7692 -127.81 -0.72056 -0.526705 0.451084 
112.623 81.35 -128.579 -0.722653 -0.521987 0.453214 
111.742 81.762 -127.65 -0.720391 -0.527112 0.450877 
112.629 81.2783 -128.555 -0.722829 -0.521625 0.453351 
111.619 81.7683 -127.496 -0.72019 -0.527585 0.450647 
112.664 81.2079 -128.567 -0.723041 -0.521168 0.453538 
111.498 81.7906 -127.353 -0.719952 -0.528128 0.450391 
112.731 81.1402 -128.624 -0.723295 -0.520605 0.453781 
111.382 81.8319 -127.226 -0.719675 -0.528743 0.45011 
112.838 81.0783 -128.735 -0.72359 -0.519927 0.454087 
111.276 81.8951 -127.124 -0.719363 -0.529425 0.449808 
112.991 81.0272 -128.909 -0.723924 -0.519135 0.454461 
111.19 81.9825 -127.061 -0.719024 -0.530149 0.449497 
113.196 80.9948 -129.159 -0.724284 -0.518246 0.454901 
111.138 82.0948 -127.055 -0.71868 -0.530869 0.449198 
113.454 80.9922 -129.491 -0.724645 -0.517308 0.455394 
111.138 82.2292 -127.131 -0.718366 -0.531506 0.448946 
113.76 81.0326 -129.904 -0.724967 -0.516402 0.455909 
111.21 82.3778 -127.309 -0.718135 -0.531952 0.448787 
114.098 81.1298 -130.379 -0.725195 -0.515653 0.456393 
111.369 82.5274 -127.604 -0.718044 -0.532089 0.448771 
114.436 81.2899 -130.881 -0.725274 -0.515201 0.456779 
111.617 82.6606 -128.009 -0.718134 -0.53183 0.448933 
114.733 81.5067 -131.352 -0.725166 -0.515162 0.456994 
111.936 82.7608 -128.488 -0.718412 -0.531164 0.449278 
114.946 81.7559 -131.726 -0.724875 -0.515573 0.456992 
112.286 82.817 -128.981 -0.718835 -0.530178 0.449764 
115.045 82.0022 -131.952 -0.724445 -0.516374 0.45677 
112.622 82.828 -129.426 -0.71933 -0.529032 0.450324 
115.024 82.2096 -132.009 -0.723949 -0.517418 0.456374 
112.905 82.7987 -129.773 -0.719824 -0.527882 0.450883 
114.9 82.3561 -131.91 -0.723457 -0.518547 0.455873 
113.115 82.7392 -130.003 -0.720267 -0.526849 0.451384 
114.703 82.4366 -131.694 -0.723017 -0.51963 0.455338 
113.248 82.6598 -130.119 -0.720634 -0.525993 0.451796 
114.465 82.4593 -131.404 -0.722652 -0.520588 0.454822 
113.313 82.5697 -130.14 -0.720922 -0.525328 0.452111 
114.215 82.4384 -131.08 -0.722365 -0.521391 0.454358 
113.323 82.4755 -130.089 -0.721138 -0.524839 0.452334 
113.97 82.3883 -130.751 -0.722148 -0.522039 0.453959 
113.291 82.3819 -129.986 -0.721293 -0.524502 0.452477 
113.74 82.3212 -130.434 -0.721988 -0.522552 0.453623 
113.23 82.2906 -129.849 -0.721402 -0.524284 0.452556 
113.529 82.245 -130.136 -0.721871 -0.522953 0.453346 
113.148 82.2032 -129.691 -0.721475 -0.524158 0.452586 
113.338 82.165 -129.861 -0.721789 -0.523263 0.453119 
113.053 82.1197 -129.519 -0.721522 -0.524099 0.452579 
113.166 82.0851 -129.607 -0.72173 -0.523509 0.45293 
112.95 82.04 -129.342 -0.72155 -0.524088 0.452547 
113.009 82.0067 -129.373 -0.721688 -0.523704 0.452771 
112.843 81.9639 -129.163 -0.721566 -0.52411 0.452497 
112.866 81.9313 -129.157 -0.721657 -0.523864 0.452636 
112.735 81.8911 -128.986 -0.721573 -0.524152 0.452436 
112.734 81.8585 -128.955 -0.721635 -0.523996 0.452518 
112.628 81.8219 -128.812 -0.721573 -0.52421 0.452368 
112.611 81.7889 -128.767 -0.721618 -0.524108 0.452415 
112.522 81.7555 -128.644 -0.721571 -0.524274 0.452297 
112.497 81.7228 -128.59 -0.721605 -0.524207 0.452322 
112.419 81.6923 -128.481 -0.721566 -0.524344 0.452225 
112.39 81.6597 -128.424 -0.721594 -0.524294 0.452237 
112.32 81.632 -128.324 -0.721559 -0.524416 0.452153 
112.288 81.5995 -128.266 -0.721586 -0.524373 0.452159 
112.224 81.5741 -128.174 -0.721552 -0.524486 0.452083 
112.193 81.5418 -128.118 -0.72158 -0.524443 0.452088 
112.132 81.5193 -128.03 -0.721543 -0.524557 0.452015 
112.103 81.4871 -127.977 -0.721574 -0.524508 0.452021 
112.044 81.4672 -127.893 -0.721534 -0.524627 0.451948 
112.018 81.4351 -127.843 -0.721569 -0.524568 0.451959 
111.96 81.418 -127.761 -0.721523 -0.524697 0.451883 
111.938 81.3852 -127.717 -0.721567 -0.524621 0.451902 
111.879 81.371 -127.636 -0.721513 -0.524766 0.45182 
111.862 81.3374 -127.598 -0.721566 -0.524668 0.451849 
111.802 81.3265 -127.516 -0.721501 -0.524833 0.45176 
111.79 81.2916 -127.485 -0.721566 -0.524709 0.4518 
111.727 81.2845 -127.402 -0.721489 -0.524902 0.4517 
111.723 81.2479 -127.379 -0.721568 -0.524745 0.451756 
111.656 81.2452 -127.292 -0.721474 -0.524973 0.451641 
111.659 81.2056 -127.279 -0.721573 -0.524772 0.451717 
111.587 81.2082 -127.187 -0.721458 -0.525046 0.451582 
111.601 81.1651 -127.185 -0.72158 -0.524792 0.451682 
111.52 81.1739 -127.086 -0.721438 -0.525124 0.451523 
111.546 81.1254 -127.097 -0.721592 -0.5248 0.451654 
111.455 81.142 -126.988 -0.721416 -0.525207 0.451463 
111.496 81.0869 -127.016 -0.721608 -0.524797 0.451632 
111.392 81.1132 -126.893 -0.721387 -0.5253 0.451399 
111.452 81.0491 -126.941 -0.72163 -0.524779 0.451618 
111.328 81.0874 -126.801 -0.721352 -0.525406 0.451332 
111.412 81.0111 -126.874 -0.721661 -0.52474 0.451614 
111.265 81.0651 -126.709 -0.721309 -0.525529 0.451258 
111.379 80.9732 -126.814 -0.721701 -0.524679 0.451621 
111.201 81.0463 -126.619 -0.721256 -0.525672 0.451176 
111.354 80.9344 -126.764 -0.721754 -0.524587 0.451642 
111.134 81.0324 -126.527 -0.721187 -0.525847 0.451082 
111.337 80.894 -126.724 -0.721824 -0.524456 0.451682 
111.064 81.0241 -126.434 -0.7211 -0.526061 0.450973 
111.331 80.8512 -126.697 -0.721917 -0.524275 0.451745 
110.989 81.0228 -126.337 -0.720987 -0.526327 0.450842 
111.338 80.805 -126.686 -0.722038 -0.524028 0.451838 
110.907 81.0302 -126.235 -0.720843 -0.52666 0.450684 
111.363 80.7541 -126.696 -0.722196 -0.523695 0.45197 
110.815 81.0492 -126.128 -0.720657 -0.52708 0.450491 
111.411 80.6976 -126.733 -0.722403 -0.523251 0.452154 
110.713 81.0831 -126.013 -0.720417 -0.527611 0.450252 
111.491 80.6344 -126.807 -0.722671 -0.522664 0.452404 
110.599 81.137 -125.893 -0.720109 -0.528281 0.449959 
111.611 80.5643 -126.932 -0.723016 -0.521895 0.452741 
110.474 81.2174 -125.77 -0.719719 -0.529119 0.449599 
111.788 80.489 -127.127 -0.723454 -0.520899 0.453188 
110.341 81.3327 -125.657 -0.719232 -0.530146 0.449167 
112.039 80.4142 -127.419 -0.723996 -0.519637 0.453772 
110.216 81.4922 -125.575 -0.718648 -0.53136 0.448669 
112.387 80.3527 -127.842 -0.724638 -0.518091 0.454514 
110.123 81.7043 -125.565 -0.717989 -0.532702 0.448132 
112.852 80.3292 -128.434 -0.725344 -0.516308 0.455415 
110.111 81.9705 -125.691 -0.717332 -0.534006 0.447631 
113.44 80.3855 -129.219 -0.726016 -0.514467 0.456426 
110.248 82.2757 -126.037 -0.716831 -0.534955 0.447299 
114.124 80.5731 -130.183 -0.72649 -0.512914 0.457419 
110.6 82.5808 -126.674 -0.716695 -0.535127 0.447312 
114.818 80.9322 -131.227 -0.726564 -0.512136 0.458173 
111.186 82.8297 -127.595 -0.717081 -0.534201 0.447801 
115.39 81.4444 -132.17 -0.726124 -0.512511 0.458452 
111.926 82.9772 -128.666 -0.717943 -0.532254 0.448737 
115.712 82.0125 -132.807 -0.725245 -0.514026 0.458146 
112.668 83.0143 -129.669 -0.719031 -0.529784 0.449916 
115.733 82.5015 -133.022 -0.724173 -0.516233 0.45736 
113.278 82.9635 -130.429 -0.720071 -0.527372 0.451084 
115.499 82.8247 -132.849 -0.72315 -0.518574 0.456328 
113.699 82.8556 -130.895 -0.720922 -0.525354 0.45208 
115.112 82.975 -132.42 -0.722315 -0.520659 0.455276 
113.948 82.7206 -131.112 -0.721558 -0.523816 0.452849 
114.674 82.9974 -131.883 -0.721691 -0.522338 0.454341 
114.068 82.581 -131.159 -0.722013 -0.522708 0.453404 
114.254 82.9451 -131.343 -0.721252 -0.523608 0.453576 
114.105 82.4507 -131.107 -0.722328 -0.521943 0.453783 
113.887 82.8584 -130.857 -0.720955 -0.52453 0.452982 
114.091 82.3366 -131.003 -0.722539 -0.521439 0.454027 
113.582 82.7629 -130.443 -0.720757 -0.525189 0.452534 
114.046 82.2392 -130.875 -0.722675 -0.521124 0.454171 
113.334 82.6699 -130.1 -0.720628 -0.525652 0.452201 
113.985 82.1554 -130.737 -0.722763 -0.520937 0.454245 
113.133 82.585 -129.817 -0.720543 -0.525981 0.451954 
113.914 82.0822 -130.598 -0.722819 -0.520835 0.454274 
112.969 82.5099 -129.58 -0.720483 -0.526226 0.451765 
113.841 82.016 -130.463 -0.722858 -0.52078 0.454275 
112.83 82.4442 -129.377 -0.720436 -0.52642 0.451614 
113.768 81.9548 -130.334 -0.72289 -0.520748 0.454261 
112.708 82.3874 -129.2 -0.720392 -0.52659 0.451486 
113.699 81.8966 -130.213 -0.722922 -0.520717 0.454245 
112.6 82.3384 -129.04 -0.720346 -0.526752 0.45137 
113.636 81.8404 -130.104 -0.72296 -0.520673 0.454235 
112.499 82.2977 -128.893 -0.720292 -0.526923 0.451257 
113.583 81.7858 -130.008 -0.723009 -0.520605 0.454235 
112.405 82.2647 -128.757 -0.720228 -0.527108 0.451143 
113.54 81.7329 -129.928 -0.723069 -0.520507 0.454252 
112.315 82.2399 -128.63 -0.720151 -0.527315 0.451024 
113.511 81.6819 -129.866 -0.723144 -0.520371 0.454289 
112.229 82.2229 -128.513 -0.720062 -0.527543 0.4509 
113.496 81.6336 -129.825 -0.723233 -0.520196 0.454348 
112.148 82.2144 -128.406 -0.71996 -0.527793 0.450769 
113.497 81.5893 -129.806 -0.723335 -0.519982 0.454429 
112.074 82.2148 -128.312 -0.719847 -0.528064 0.450633 
113.516 81.5494 -129.811 -0.723452 -0.519726 0.454536 
112.007 82.2248 -128.232 -0.719722 -0.528353 0.450494 
113.553 81.5159 -129.844 -0.72358 -0.519434 0.454666 
111.95 82.2437 -128.171 -0.719593 -0.528646 0.450356 
113.609 81.4909 -129.904 -0.723713 -0.519116 0.454817 
111.907 82.2718 -128.133 -0.719463 -0.528935 0.450224 
113.683 81.4761 -129.993 -0.723849 -0.51878 0.454986 
111.88 82.3082 -128.12 -0.719339 -0.529204 0.450106 
113.773 81.4738 -130.108 -0.723977 -0.518444 0.455164 
111.874 82.3517 -128.137 -0.71923 -0.529434 0.45001 
113.877 81.4861 -130.246 -0.724089 -0.51813 0.455343 
111.89 82.3994 -128.186 -0.719146 -0.529603 0.449945 
113.988 81.5143 -130.401 -0.724174 -0.517864 0.45551 
111.93 82.4485 -128.268 -0.719097 -0.529692 0.449919 
114.101 81.5584 -130.563 -0.724224 -0.517671 0.455651 
111.995 82.4956 -128.38 -0.71909 -0.529685 0.449938 
114.205 81.6169 -130.721 -0.724229 -0.517573 0.455754 
112.08 82.537 -128.516 -0.719129 -0.529577 0.450004 
114.293 81.686 -130.863 -0.724188 -0.517583 0.455807 
112.18 82.5693 -128.665 -0.719211 -0.529371 0.450115 
114.357 81.7605 -130.975 -0.724103 -0.517705 0.455804 
112.287 82.5898 -128.818 -0.719331 -0.529084 0.450262 
114.391 81.834 -131.05 -0.723981 -0.517927 0.455746 
112.394 82.598 -128.96 -0.719475 -0.528742 0.450432 
114.394 81.8999 -131.081 -0.723835 -0.518227 0.455637 
112.49 82.5935 -129.082 -0.719633 -0.528374 0.450612 
114.366 81.9538 -131.068 -0.723675 -0.518581 0.455489 
112.571 82.5771 -129.176 -0.719791 -0.528007 0.450788 
114.311 81.9917 -131.014 -0.723516 -0.518956 0.455315 
112.631 82.5513 -129.236 -0.719939 -0.527669 0.450949 
114.235 82.0129 -130.926 -0.723366 -0.519328 0.455128 
112.669 82.5176 -129.263 -0.72007 -0.527373 0.451085 
114.144 82.0176 -130.812 -0.723233 -0.519677 0.454941 
112.684 82.479 -129.258 -0.720178 -0.527134 0.451192 
114.044 82.007 -130.681 -0.723124 -0.519984 0.454764 
112.678 82.4372 -129.224 -0.720261 -0.526956 0.451267 
113.942 81.9842 -130.542 -0.723038 -0.520243 0.454604 
112.653 82.394 -129.165 -0.720321 -0.526838 0.451311 
113.842 81.9514 -130.4 -0.722976 -0.520449 0.454466 
112.613 82.3515 -129.087 -0.720354 -0.52678 0.451324 
113.747 81.9109 -130.262 -0.722939 -0.520599 0.454353 
112.559 82.3109 -128.994 -0.720365 -0.526779 0.451309 
113.66 81.8648 -130.132 -0.722926 -0.520694 0.454266 
112.495 82.2734 -128.889 -0.720353 -0.52683 0.451268 
113.584 81.8151 -130.014 -0.722935 -0.520733 0.454206 
112.423 82.2401 -128.777 -0.72032 -0.526929 0.451205 
113.52 81.7631 -129.909 -0.722966 -0.520718 0.454174 
112.346 82.212 -128.662 -0.720267 -0.527073 0.451121 
113.47 81.7103 -129.822 -0.723018 -0.520649 0.454171 
112.265 82.1904 -128.546 -0.720195 -0.527261 0.451018 
113.435 81.6578 -129.755 -0.723091 -0.520526 0.454196 
112.183 82.1757 -128.433 -0.720104 -0.527486 0.450899 
113.417 81.6068 -129.709 -0.723183 -0.52035 0.454251 
112.102 82.1692 -128.325 -0.719996 -0.527746 0.450767 
113.417 81.5589 -129.688 -0.723293 -0.520124 0.454335 
112.025 82.1717 -128.227 -0.719873 -0.528037 0.450624 
113.437 81.5151 -129.695 -0.723421 -0.519845 0.454449 
111.953 82.1842 -128.142 -0.719735 -0.528354 0.450472 
113.478 81.4775 -129.731 -0.723564 -0.51952 0.454593 
111.891 82.2066 -128.076 -0.719588 -0.528684 0.450319 
113.541 81.4488 -129.799 -0.723716 -0.51916 0.454762 
111.842 82.2397 -128.032 -0.719437 -0.529017 0.45017 
113.625 81.4308 -129.899 -0.723873 -0.518773 0.454954 
111.811 82.2821 -128.017 -0.719292 -0.52933 0.450033 
113.729 81.4267 -130.03 -0.724024 -0.518382 0.455161 
111.802 82.3326 -128.035 -0.719163 -0.529602 0.449919 
113.849 81.4397 -130.19 -0.724157 -0.518013 0.45537 
111.819 82.3888 -128.09 -0.719062 -0.529807 0.44984 
113.979 81.4711 -130.371 -0.72426 -0.517693 0.455568 
111.865 82.4471 -128.185 -0.719 -0.529919 0.449806 
114.112 81.5218 -130.562 -0.724322 -0.517458 0.455738 
111.94 82.5031 -128.315 -0.718989 -0.529918 0.449826 
114.236 81.5903 -130.75 -0.724331 -0.517335 0.455862 
112.04 82.5524 -128.475 -0.719033 -0.529792 0.449903 
114.341 81.6723 -130.919 -0.724283 -0.517344 0.455927 
112.159 82.5907 -128.653 -0.719131 -0.529549 0.450033 
114.418 81.7609 -131.054 -0.724183 -0.517487 0.455925 
112.287 82.6152 -128.834 -0.719274 -0.529207 0.450208 
114.459 81.8486 -131.142 -0.724037 -0.517754 0.455854 
112.413 82.6241 -129.003 -0.719448 -0.528797 0.450411 
114.461 81.9273 -131.178 -0.723861 -0.518116 0.455723 
112.527 82.6182 -129.147 -0.719635 -0.528361 0.450624 
114.426 81.9902 -131.16 -0.723672 -0.518535 0.455546 
112.621 82.5984 -129.255 -0.719821 -0.52793 0.450832 
114.36 82.034 -131.094 -0.723484 -0.518978 0.455339 
112.69 82.5677 -129.324 -0.719993 -0.527536 0.451018 
114.269 82.057 -130.988 -0.723311 -0.519411 0.45512 
112.732 82.5286 -129.353 -0.720142 -0.527199 0.451175 
114.163 82.0608 -130.854 -0.72316 -0.519812 0.454904 
112.748 82.4835 -129.345 -0.720265 -0.526926 0.451297 
114.047 82.0472 -130.702 -0.723036 -0.520162 0.454701 
112.74 82.4356 -129.303 -0.720358 -0.526726 0.451381 
113.93 82.02 -130.542 -0.722939 -0.520455 0.454518 
112.711 82.3865 -129.235 -0.720423 -0.526596 0.451429 
113.815 81.9818 -130.38 -0.72287 -0.520687 0.454362 
112.665 82.3378 -129.146 -0.720462 -0.52653 0.451444 
113.708 81.9356 -130.223 -0.722829 -0.520857 0.454234 
112.604 82.2916 -129.04 -0.720475 -0.526527 0.451427 
113.609 81.8838 -130.076 -0.722812 -0.520966 0.454135 
112.532 82.2487 -128.922 -0.720464 -0.52658 0.451383 
113.523 81.8283 -129.941 -0.72282 -0.521016 0.454065 
112.452 82.2103 -128.797 -0.720431 -0.526685 0.451314 
113.449 81.7706 -129.822 -0.722851 -0.521008 0.454025 
112.366 82.1773 -128.668 -0.720376 -0.526837 0.451223 
113.39 81.7119 -129.721 -0.722903 -0.520943 0.454016 
112.276 82.1512 -128.538 -0.7203 -0.527035 0.451113 
113.347 81.6534 -129.641 -0.722978 -0.520821 0.454036 
112.185 82.1324 -128.41 -0.720205 -0.527275 0.450984 
113.322 81.5965 -129.583 -0.723074 -0.520643 0.454088 
112.093 82.1221 -128.288 -0.72009 -0.527555 0.45084 
113.316 81.5417 -129.552 -0.723192 -0.520405 0.454173 
112.004 82.1219 -128.174 -0.719956 -0.527873 0.450682 
113.331 81.4907 -129.549 -0.72333 -0.52011 0.454291 
111.921 82.1321 -128.072 -0.719805 -0.528223 0.450514 
113.37 81.4457 -129.578 -0.723487 -0.51976 0.454442 
111.846 82.1541 -127.988 -0.719639 -0.528598 0.450339 
113.432 81.4084 -129.642 -0.72366 -0.519358 0.454627 
111.783 82.1879 -127.928 -0.719466 -0.528982 0.450164 
113.52 81.3823 -129.744 -0.723841 -0.518919 0.45484 
111.739 82.2338 -127.897 -0.719292 -0.529361 0.449997 
113.633 81.3704 -129.883 -0.724022 -0.518459 0.455075 
111.717 82.2901 -127.902 -0.719129 -0.529706 0.449851 
113.767 81.3769 -130.058 -0.72419 -0.518008 0.455322 
111.725 82.3547 -127.949 -0.718993 -0.529985 0.44974 
113.918 81.4047 -130.264 -0.72433 -0.517599 0.455565 
111.766 82.4237 -128.044 -0.7189 -0.530165 0.449677 
114.076 81.456 -130.488 -0.724424 -0.517275 0.455783 
111.842 82.4922 -128.184 -0.718863 -0.530216 0.449676 
114.23 81.5305 -130.717 -0.724459 -0.517076 0.455954 
111.953 82.5543 -128.364 -0.718894 -0.530116 0.449744 
114.365 81.6242 -130.929 -0.724424 -0.517034 0.456057 
112.089 82.6045 -128.573 -0.718993 -0.529865 0.449882 
114.469 81.7299 -131.106 -0.72432 -0.517159 0.45608 
112.241 82.6386 -128.791 -0.719152 -0.529483 0.450078 
114.531 81.837 -131.229 -0.724157 -0.517441 0.456018 
112.394 82.654 -129 -0.719354 -0.529007 0.450315 
114.546 81.9356 -131.289 -0.723953 -0.517851 0.455877 
112.536 82.6512 -129.181 -0.719576 -0.528488 0.450569 
114.515 82.0163 -131.283 -0.723729 -0.51834 0.455677 
112.654 82.6313 -129.321 -0.7198 -0.527969 0.45082 
114.444 82.074 -131.217 -0.723504 -0.518865 0.455437 
112.743 82.5979 -129.413 -0.720006 -0.527493 0.451047 
114.342 82.1062 -131.101 -0.723295 -0.519381 0.45518 
112.799 82.5539 -129.457 -0.720188 -0.52708 0.45124 
114.22 82.1149 -130.95 -0.723113 -0.51986 0.454923 
112.824 82.5032 -129.456 -0.720336 -0.526748 0.451391 
114.087 82.1025 -130.776 -0.722962 -0.520279 0.454683 
112.821 82.4483 -129.417 -0.720452 -0.526498 0.451499 
113.951 82.0737 -130.592 -0.722844 -0.520632 0.454467 
112.793 82.3922 -129.345 -0.720533 -0.52633 0.451563 
113.819 82.032 -130.406 -0.72276 -0.520912 0.454281 
112.745 82.3366 -129.248 -0.720585 -0.526238 0.45159 
113.693 81.9815 -130.225 -0.722704 -0.521124 0.454126 
112.68 82.283 -129.133 -0.720608 -0.526213 0.451581 
113.578 81.9247 -130.055 -0.722676 -0.52127 0.454003 
112.603 82.2327 -129.004 -0.720606 -0.526249 0.451542 
113.476 81.8638 -129.897 -0.722673 -0.521352 0.453913 
112.517 82.1867 -128.867 -0.720581 -0.526341 0.451476 
113.386 81.8005 -129.756 -0.722694 -0.521375 0.453853 
112.423 82.146 -128.724 -0.720533 -0.526482 0.451387 
113.312 81.7364 -129.633 -0.722738 -0.52134 0.453824 
112.325 82.1117 -128.579 -0.720464 -0.526671 0.451276 
113.254 81.6718 -129.53 -0.722805 -0.521244 0.453827 
112.224 82.0851 -128.435 -0.720373 -0.526908 0.451146 
113.213 81.6077 -129.449 -0.722895 -0.521089 0.453862 
112.122 82.0666 -128.294 -0.720262 -0.527187 0.450997 
113.191 81.5455 -129.393 -0.723008 -0.520873 0.45393 
112.021 82.0578 -128.16 -0.720128 -0.52751 0.450832 
113.191 81.4856 -129.366 -0.723146 -0.52059 0.454034 
111.922 82.0604 -128.035 -0.719973 -0.527877 0.450651 
113.214 81.4299 -129.371 -0.723306 -0.520244 0.454176 
111.83 82.0754 -127.925 -0.719796 -0.528282 0.450458 
113.263 81.3799 -129.413 -0.723491 -0.51983 0.454356 
111.746 82.1034 -127.834 -0.719604 -0.528716 0.450257 
113.341 81.339 -129.495 -0.723693 -0.519358 0.454575 
111.677 82.146 -127.769 -0.719399 -0.529167 0.450054 
113.448 81.3102 -129.62 -0.723907 -0.518836 0.454829 
111.628 82.2024 -127.738 -0.719193 -0.52961 0.449861 
113.585 81.2986 -129.791 -0.724122 -0.518289 0.45511 
111.607 82.2719 -127.751 -0.719001 -0.530016 0.449692 
113.749 81.3085 -130.006 -0.724321 -0.51775 0.455406 
111.622 82.3509 -127.816 -0.718842 -0.530339 0.449565 
113.932 81.3452 -130.257 -0.724484 -0.517267 0.455695 
111.678 82.4347 -127.938 -0.718737 -0.530536 0.4495 
114.123 81.4118 -130.53 -0.724587 -0.516897 0.455952 
111.778 82.5167 -128.117 -0.718708 -0.530565 0.449513 
114.307 81.507 -130.806 -0.724613 -0.51669 0.456146 
111.919 82.5893 -128.345 -0.718764 -0.530402 0.449614 
114.464 81.6253 -131.057 -0.724552 -0.516682 0.456252 
112.092 82.6456 -128.604 -0.718906 -0.530052 0.4498 
114.579 81.7568 -131.259 -0.724403 -0.516889 0.456253 
112.28 82.6803 -128.87 -0.71912 -0.529545 0.450056 
114.639 81.8872 -131.389 -0.724185 -0.517287 0.456149 
112.464 82.6923 -129.117 -0.719377 -0.528942 0.450354 
114.641 82.0022 -131.438 -0.723925 -0.517823 0.455953 
112.628 82.6817 -129.323 -0.719651 -0.528305 0.450665 
114.586 82.0921 -131.405 -0.72365 -0.518439 0.45569 
112.76 82.6523 -129.473 -0.719914 -0.527694 0.45096 
114.487 82.1508 -131.303 -0.723385 -0.51907 0.455391 
112.853 82.6077 -129.563 -0.720151 -0.527148 0.451219 
114.355 82.1784 -131.148 -0.723148 -0.519671 0.455082 
112.906 82.5531 -129.596 -0.72035 -0.526695 0.451431 
114.205 82.1786 -130.958 -0.722947 -0.520212 0.454784 
112.924 82.4918 -129.578 -0.720509 -0.52634 0.45159 
114.047 82.1558 -130.748 -0.722786 -0.520673 0.454512 
112.909 82.4279 -129.518 -0.720628 -0.526085 0.451698 
113.89 82.1164 -130.533 -0.722663 -0.521052 0.454273 
112.869 82.3631 -129.426 -0.720711 -0.525919 0.451759 
113.74 82.0648 -130.321 -0.722576 -0.521349 0.454071 
112.808 82.2999 -129.309 -0.720761 -0.525835 0.451777 
113.6 82.0048 -130.118 -0.722522 -0.521569 0.453905 
112.732 82.2395 -129.174 -0.720782 -0.525821 0.45176 
113.473 81.9399 -129.928 -0.722494 -0.521721 0.453774 
112.644 82.1828 -129.028 -0.720778 -0.525868 0.451712 
113.359 81.8719 -129.753 -0.722492 -0.521809 0.453676 
112.546 82.1308 -128.874 -0.720751 -0.525968 0.451638 
113.26 81.8026 -129.596 -0.722512 -0.521839 0.453609 
112.443 82.0842 -128.715 -0.720703 -0.526118 0.45154 
113.176 81.7324 -129.458 -0.722556 -0.52181 0.453573 
112.335 82.0443 -128.555 -0.720633 -0.526315 0.451422 
113.108 81.6621 -129.339 -0.722622 -0.521723 0.453568 
112.225 82.0114 -128.396 -0.720543 -0.526556 0.451285 
113.057 81.5927 -129.243 -0.72271 -0.521577 0.453595 
112.113 81.9874 -128.24 -0.720429 -0.526845 0.451129 
113.025 81.5239 -129.172 -0.722824 -0.521366 0.453656 
112.001 81.9728 -128.089 -0.720294 -0.52718 0.450954 
113.014 81.4572 -129.128 -0.722963 -0.521089 0.453753 
111.889 81.9698 -127.945 -0.720132 -0.527566 0.450761 
113.028 81.3931 -129.117 -0.72313 -0.520738 0.453891 
111.782 81.9795 -127.813 -0.719945 -0.528 0.450551 
113.069 81.333 -129.143 -0.723326 -0.520306 0.454072 
111.681 82.0043 -127.697 -0.719733 -0.528482 0.450325 
113.14 81.2799 -129.211 -0.723549 -0.519798 0.4543 
111.591 82.0452 -127.604 -0.719499 -0.529001 0.450089 
113.246 81.237 -129.328 -0.723795 -0.519216 0.454573 
111.518 82.1032 -127.543 -0.719253 -0.529537 0.449853 
113.388 81.2091 -129.499 -0.724056 -0.518574 0.454891 
111.471 82.1786 -127.525 -0.719005 -0.530063 0.449629 
113.566 81.2031 -129.725 -0.724314 -0.517907 0.45524 
111.461 82.2691 -127.563 -0.718779 -0.530531 0.449438 
113.776 81.2257 -130.005 -0.724547 -0.517261 0.455603 
111.497 82.3701 -127.669 -0.718604 -0.530879 0.449308 
114.007 81.284 -130.328 -0.724724 -0.516708 0.455949 
111.588 82.4742 -127.848 -0.718508 -0.531046 0.449264 
114.243 81.381 -130.671 -0.724816 -0.516322 0.45624 
111.736 82.5719 -128.1 -0.718519 -0.530978 0.449327 
114.46 81.5144 -131.006 -0.724797 -0.516174 0.456437 
111.934 82.6529 -128.407 -0.718645 -0.530655 0.449507 
114.634 81.6734 -131.294 -0.724663 -0.5163 0.456507 
112.163 82.7092 -128.74 -0.718876 -0.530103 0.449789 
114.744 81.8412 -131.503 -0.724424 -0.516697 0.456437 
112.399 82.7361 -129.064 -0.719182 -0.529386 0.450144 
114.778 81.9969 -131.61 -0.724116 -0.517305 0.456238 
112.617 82.7338 -129.346 -0.719521 -0.528596 0.45053 
114.738 82.124 -131.611 -0.723775 -0.518045 0.45594 
112.797 82.7063 -129.561 -0.719855 -0.52782 0.450906 
114.634 82.2118 -131.515 -0.72344 -0.518826 0.455582 
112.93 82.6585 -129.7 -0.720158 -0.527118 0.451244 
114.486 82.2587 -131.346 -0.723138 -0.519579 0.455204 
113.012 82.5968 -129.764 -0.720415 -0.526528 0.451523 
114.31 82.2689 -131.129 -0.722881 -0.520257 0.454837 
113.048 82.527 -129.764 -0.720619 -0.526064 0.451737 
114.123 82.2498 -130.885 -0.722674 -0.520839 0.4545 
113.045 82.4528 -129.711 -0.720775 -0.52572 0.451888 
113.937 82.2088 -130.632 -0.722515 -0.521317 0.454205 
113.009 82.378 -129.617 -0.720887 -0.525489 0.45198 
113.758 82.1533 -130.383 -0.722399 -0.521698 0.453953 
112.95 82.3041 -129.494 -0.720961 -0.525349 0.452023 
113.592 82.0884 -130.145 -0.722318 -0.521991 0.453744 
112.871 82.2331 -129.351 -0.721003 -0.525291 0.452024 
113.44 82.0181 -129.921 -0.722269 -0.522207 0.453574 
112.78 82.1657 -129.194 -0.721018 -0.525298 0.451991 
113.302 81.9448 -129.714 -0.722245 -0.522357 0.453439 
112.679 82.1024 -129.028 -0.721011 -0.525359 0.451931 
113.179 81.8704 -129.525 -0.722243 -0.522448 0.453337 
112.571 82.0441 -128.857 -0.720984 -0.525469 0.451848 
113.071 81.7957 -129.353 -0.722262 -0.522486 0.453263 
112.459 81.9908 -128.685 -0.720939 -0.525619 0.451745 
112.977 81.7216 -129.199 -0.722299 -0.522475 0.453217 
112.343 81.9434 -128.512 -0.720876 -0.525808 0.451626 
112.897 81.6476 -129.064 -0.722357 -0.522411 0.453199 
112.226 81.9031 -128.34 -0.720793 -0.52604 0.451488 
112.833 81.5744 -128.949 -0.722434 -0.522295 0.453209 
112.107 81.8703 -128.171 -0.72069 -0.526312 0.451334 
112.786 81.5015 -128.856 -0.722536 -0.522119 0.45325 
111.987 81.8466 -128.005 -0.720564 -0.526632 0.451162 
112.758 81.4296 -128.788 -0.722662 -0.521879 0.453324 
111.866 81.8334 -127.844 -0.720412 -0.527005 0.450969 
112.752 81.3584 -128.748 -0.722818 -0.521565 0.453438 
111.745 81.8325 -127.69 -0.720231 -0.527435 0.450756 
112.771 81.2888 -128.741 -0.723007 -0.521166 0.453595 
111.626 81.8461 -127.545 -0.720018 -0.527928 0.450519 
112.82 81.2217 -128.775 -0.723232 -0.520671 0.453804 
111.512 81.8761 -127.415 -0.719773 -0.528482 0.450261 
112.904 81.1602 -128.856 -0.723494 -0.520077 0.454068 
111.407 81.9259 -127.307 -0.719494 -0.529098 0.449984 
113.029 81.108 -128.994 -0.723791 -0.519381 0.454392 
111.319 81.9971 -127.232 -0.71919 -0.529755 0.449697 
113.2 81.0712 -129.197 -0.724113 -0.518595 0.454776 
111.258 82.0907 -127.205 -0.718876 -0.530418 0.449416 
113.418 81.0585 -129.473 -0.724443 -0.517753 0.45521 
111.239 82.2051 -127.244 -0.71858 -0.53103 0.449168 
113.68 81.0805 -129.821 -0.72475 -0.516915 0.455673 
111.278 82.3349 -127.37 -0.718341 -0.531503 0.44899 
113.977 81.149 -130.231 -0.724991 -0.516179 0.456124 
111.39 82.4706 -127.595 -0.718206 -0.531743 0.448922 
114.283 81.2712 -130.678 -0.725118 -0.515658 0.456511 
111.581 82.5978 -127.92 -0.718218 -0.531659 0.449002 
114.568 81.4458 -131.116 -0.725093 -0.515463 0.456771 
111.842 82.7019 -128.325 -0.718395 -0.531218 0.449242 
114.794 81.6583 -131.493 -0.724902 -0.515657 0.456855 
112.147 82.7709 -128.766 -0.718718 -0.530456 0.449625 
114.93 81.8815 -131.757 -0.724571 -0.516219 0.456744 
112.457 82.7997 -129.188 -0.719135 -0.529486 0.450102 
114.961 82.0848 -131.879 -0.724151 -0.517061 0.456459 
112.735 82.7905 -129.544 -0.719582 -0.528446 0.450608 
114.892 82.2436 -131.855 -0.723703 -0.51805 0.456049 
112.957 82.7491 -129.804 -0.720008 -0.527456 0.451089 
114.744 82.3455 -131.709 -0.723279 -0.519056 0.455576 
113.112 82.6848 -129.959 -0.720378 -0.526594 0.451504 
114.545 82.3922 -131.476 -0.722911 -0.51999 0.455096 
113.202 82.606 -130.02 -0.720679 -0.525896 0.451836 
114.32 82.3929 -131.193 -0.72261 -0.520801 0.454645 
113.235 82.5199 -130.004 -0.720913 -0.525365 0.452083 
114.09 82.36 -130.89 -0.722376 -0.521474 0.454246 
113.223 82.4317 -129.93 -0.721085 -0.524984 0.45225 
113.868 82.3052 -130.587 -0.7222 -0.522017 0.453903 
113.177 82.344 -129.814 -0.721208 -0.524729 0.45235 
113.66 82.237 -130.297 -0.722071 -0.522443 0.453616 
113.106 82.2593 -129.67 -0.72129 -0.524576 0.452396 
113.47 82.1616 -130.025 -0.721981 -0.522772 0.45338 
113.018 82.1779 -129.508 -0.721341 -0.524502 0.4524 
113.298 82.0835 -129.772 -0.721919 -0.523026 0.453186 
112.919 82.1003 -129.336 -0.72137 -0.524487 0.452373 
113.141 82.0051 -129.539 -0.72188 -0.52322 0.453026 
112.813 82.0266 -129.159 -0.72138 -0.524516 0.452322 
113 81.9277 -129.324 -0.721857 -0.523365 0.452895 
112.703 81.9567 -128.98 -0.721377 -0.524579 0.452254 
112.871 81.8523 -129.126 -0.721846 -0.523473 0.452787 
112.591 81.8908 -128.802 -0.721363 -0.524668 0.452174 
112.753 81.7786 -128.943 -0.721848 -0.523547 0.452699 
112.479 81.8292 -128.626 -0.721338 -0.52478 0.452083 
112.647 81.7071 -128.773 -0.721859 -0.523593 0.452628 
112.367 81.7715 -128.453 -0.721305 -0.524909 0.451985 
112.55 81.6371 -128.618 -0.721881 -0.523609 0.452573 
112.255 81.7186 -128.284 -0.721262 -0.52506 0.451879 
112.463 81.569 -128.475 -0.721913 -0.523599 0.452535 
112.144 81.6706 -128.119 -0.721209 -0.52523 0.451766 
112.387 81.502 -128.346 -0.721957 -0.523557 0.452513 
112.034 81.6278 -127.957 -0.721144 -0.525425 0.451644 
112.321 81.4357 -128.231 -0.722015 -0.523481 0.452509 
111.923 81.5909 -127.797 -0.721064 -0.525649 0.45151 
112.267 81.3696 -128.132 -0.722089 -0.523362 0.452527 
111.812 81.5609 -127.64 -0.720967 -0.525908 0.451364 
112.226 81.3032 -128.049 -0.722185 -0.523194 0.452569 
111.699 81.5388 -127.485 -0.720848 -0.526211 0.451201 
112.201 81.2359 -127.987 -0.722306 -0.522964 0.452642 
111.583 81.5263 -127.332 -0.720702 -0.526568 0.451016 
112.195 81.1672 -127.948 -0.722457 -0.52266 0.452751 
111.464 81.5253 -127.179 -0.720524 -0.526993 0.450806 
112.212 81.0972 -127.939 -0.722646 -0.522266 0.452905 
111.342 81.5387 -127.029 -0.720304 -0.527499 0.450565 
112.258 81.0254 -127.966 -0.722881 -0.521759 0.453114 
111.216 81.5694 -126.885 -0.720038 -0.528097 0.450288 
112.341 80.9532 -128.04 -0.723169 -0.52112 0.453389 
111.091 81.6218 -126.75 -0.71972 -0.5288 0.449973 
112.468 80.8835 -128.174 -0.723516 -0.52033 0.453744 
110.97 81.7008 -126.636 -0.719344 -0.529611 0.449619 
112.652 80.8211 -128.383 -0.723923 -0.519374 0.45419 
110.866 81.8104 -126.559 -0.71892 -0.530509 0.449239 
112.901 80.776 -128.686 -0.724379 -0.518262 0.454732 
110.795 81.9537 -126.544 -0.71847 -0.531444 0.448855 
113.225 80.7635 -129.099 -0.724857 -0.517041 0.45536 
110.785 82.1294 -126.628 -0.71804 -0.532312 0.448513 
113.621 80.805 -129.628 -0.7253 -0.51582 0.45604 
110.869 82.3282 -126.848 -0.717708 -0.532952 0.448284 
114.069 80.9242 -130.257 -0.725624 -0.514781 0.456697 
111.076 82.5303 -127.236 -0.717572 -0.533164 0.44825 
114.526 81.137 -130.935 -0.725735 -0.514154 0.457226 
111.415 82.7083 -127.787 -0.71771 -0.532788 0.448477 
114.927 81.4373 -131.573 -0.725568 -0.514138 0.457509 
111.858 82.8357 -128.448 -0.718129 -0.531805 0.448972 
115.203 81.786 -132.068 -0.725131 -0.51479 0.457469 
112.34 82.8987 -129.122 -0.718748 -0.530382 0.449664 
115.311 82.1226 -132.339 -0.724507 -0.515983 0.457114 
112.787 82.8987 -129.704 -0.719438 -0.52879 0.450435 
115.248 82.3908 -132.365 -0.723822 -0.517461 0.456528 
113.143 82.848 -130.131 -0.720086 -0.527278 0.451171 
115.05 82.5624 -132.182 -0.723179 -0.51897 0.455833 
113.389 82.7628 -130.388 -0.720632 -0.525993 0.451799 
114.77 82.6401 -131.86 -0.722639 -0.520336 0.455132 
113.532 82.6587 -130.497 -0.721061 -0.524981 0.452292 
114.457 82.6449 -131.47 -0.722215 -0.521482 0.454492 
113.592 82.5476 -130.495 -0.721382 -0.524229 0.452652 
114.147 82.6017 -131.064 -0.721898 -0.522398 0.453944 
113.592 82.4373 -130.418 -0.721614 -0.523696 0.452898 
113.858 82.5316 -130.675 -0.721666 -0.523111 0.453491 
113.551 82.3317 -130.294 -0.721779 -0.523335 0.453053 
113.599 82.4497 -130.317 -0.721498 -0.523661 0.453124 
113.483 82.2324 -130.142 -0.721895 -0.523101 0.453139 
113.37 82.3641 -129.993 -0.721376 -0.524087 0.452826 
113.399 82.1389 -129.976 -0.721977 -0.522955 0.453177 
113.167 82.2808 -129.702 -0.721282 -0.524428 0.452581 
113.306 82.0501 -129.805 -0.72204 -0.522861 0.453184 
112.985 82.2021 -129.438 -0.721206 -0.524711 0.452374 
113.211 81.9656 -129.635 -0.722091 -0.5228 0.453174 
112.821 82.1292 -129.197 -0.721137 -0.524961 0.452193 
113.117 81.8846 -129.472 -0.722138 -0.52275 0.453155 
112.669 82.0628 -128.974 -0.721071 -0.525195 0.452027 
113.028 81.8057 -129.317 -0.722189 -0.522694 0.453139 
112.526 82.0032 -128.765 -0.721 -0.525428 0.451869 
112.947 81.7286 -129.174 -0.722248 -0.522621 0.453131 
112.39 81.9513 -128.567 -0.72092 -0.525673 0.451712 
112.875 81.6534 -129.045 -0.722316 -0.522522 0.453135 
112.258 81.9068 -128.378 -0.720829 -0.525936 0.451552 
112.815 81.5788 -128.933 -0.722402 -0.522382 0.45316 
112.13 81.8711 -128.197 -0.72072 -0.52623 0.451382 
112.77 81.5055 -128.841 -0.722506 -0.522196 0.453208 
112.003 81.8449 -128.023 -0.720592 -0.526562 0.4512 
112.743 81.4329 -128.771 -0.722634 -0.521952 0.453287 
111.878 81.8291 -127.857 -0.72044 -0.526938 0.451003 
112.735 81.3609 -128.729 -0.72279 -0.521636 0.453401 
111.755 81.8261 -127.698 -0.72026 -0.52737 0.450786 
112.753 81.2907 -128.72 -0.722977 -0.52124 0.453557 
111.633 81.8376 -127.549 -0.720049 -0.527862 0.450548 
112.799 81.2231 -128.749 -0.7232 -0.520752 0.453762 
111.517 81.8659 -127.415 -0.719803 -0.528417 0.450289 
112.881 81.1603 -128.826 -0.72346 -0.520163 0.454023 
111.409 81.9137 -127.303 -0.719525 -0.529033 0.45001 
113.002 81.1063 -128.958 -0.723756 -0.519471 0.454344 
111.317 81.9831 -127.222 -0.71922 -0.529694 0.44972 
113.169 81.067 -129.156 -0.72408 -0.518685 0.454725 
111.251 82.0751 -127.188 -0.718903 -0.530367 0.449435 
113.384 81.0508 -129.426 -0.724414 -0.517837 0.455159 
111.226 82.1883 -127.22 -0.7186 -0.530994 0.449179 
113.645 81.0684 -129.77 -0.72473 -0.516984 0.455626 
111.259 82.3186 -127.336 -0.718349 -0.531495 0.448988 
113.942 81.1321 -130.18 -0.724983 -0.516223 0.456087 
111.364 82.4557 -127.552 -0.718199 -0.531767 0.448906 
114.253 81.2496 -130.629 -0.725127 -0.515666 0.456489 
111.549 82.5864 -127.872 -0.718193 -0.531721 0.448968 
114.545 81.4214 -131.077 -0.725118 -0.51543 0.456768 
111.807 82.6945 -128.275 -0.718356 -0.531309 0.449196 
114.782 81.6339 -131.467 -0.724942 -0.515585 0.456873 
112.113 82.7685 -128.72 -0.71867 -0.530567 0.449571 
114.93 81.8606 -131.749 -0.724619 -0.516121 0.456781 
112.428 82.8016 -129.153 -0.719086 -0.529598 0.450047 
114.972 82.0699 -131.887 -0.724199 -0.516952 0.456507 
112.715 82.7954 -129.522 -0.71954 -0.528544 0.450561 
114.911 82.2356 -131.877 -0.723745 -0.517944 0.456101 
112.946 82.7566 -129.794 -0.719974 -0.527534 0.451051 
114.768 82.3446 -131.739 -0.723312 -0.518968 0.455626 
113.109 82.6934 -129.961 -0.720354 -0.526648 0.451479 
114.57 82.3966 -131.51 -0.722933 -0.519921 0.455139 
113.205 82.6149 -130.031 -0.720665 -0.525927 0.451823 
114.344 82.401 -131.227 -0.722623 -0.520753 0.454679 
113.243 82.5284 -130.021 -0.720907 -0.525375 0.452079 
114.111 82.3703 -130.921 -0.722382 -0.521445 0.454271 
113.235 82.4393 -129.951 -0.721087 -0.524977 0.452255 
113.886 82.3166 -130.615 -0.722199 -0.522004 0.45392 
113.192 82.3512 -129.838 -0.721214 -0.52471 0.452362 
113.676 82.2486 -130.322 -0.722066 -0.522442 0.453626 
113.123 82.2656 -129.695 -0.7213 -0.524547 0.452414 
113.483 82.1735 -130.046 -0.721971 -0.522784 0.453383 
113.036 82.1831 -129.534 -0.721356 -0.524463 0.452422 
113.308 82.0954 -129.79 -0.721906 -0.523047 0.453184 
112.938 82.1047 -129.363 -0.721387 -0.524441 0.452398 
113.149 82.0168 -129.554 -0.721863 -0.523248 0.45302 
112.832 82.0301 -129.186 -0.7214 -0.524464 0.45235 
113.005 81.9392 -129.336 -0.721837 -0.523401 0.452884 
112.723 81.9596 -129.006 -0.721399 -0.524523 0.452284 
112.874 81.8635 -129.135 -0.721825 -0.523515 0.452773 
112.611 81.8927 -128.828 -0.721388 -0.524605 0.452207 
112.754 81.7901 -128.949 -0.721822 -0.523598 0.45268 
112.499 81.83 -128.652 -0.721366 -0.52471 0.452119 
112.645 81.7185 -128.777 -0.721831 -0.523652 0.452605 
112.388 81.7711 -128.48 -0.721337 -0.524831 0.452025 
112.546 81.6491 -128.618 -0.721847 -0.523681 0.452545 
112.277 81.7167 -128.311 -0.721299 -0.524971 0.451923 
112.456 81.5815 -128.472 -0.721874 -0.523684 0.4525 
112.167 81.6668 -128.147 -0.721252 -0.525129 0.451815 
112.376 81.5148 -128.339 -0.721912 -0.523656 0.452471 
112.059 81.6216 -127.985 -0.721195 -0.525307 0.451699 
112.306 81.4494 -128.219 -0.721961 -0.523599 0.452458 
111.95 81.5822 -127.827 -0.721124 -0.525511 0.451574 
112.247 81.3844 -128.113 -0.722026 -0.523504 0.452464 
111.841 81.549 -127.672 -0.721038 -0.525747 0.451437 
112.2 81.3192 -128.023 -0.722109 -0.523365 0.452493 
111.73 81.5234 -127.518 -0.720932 -0.526024 0.451285 
112.167 81.2538 -127.951 -0.722213 -0.523173 0.452548 
111.618 81.5059 -127.366 -0.720803 -0.526347 0.451114 
112.151 81.1867 -127.9 -0.722346 -0.522913 0.452636 
111.502 81.4987 -127.215 -0.720644 -0.526731 0.450921 
112.155 81.118 -127.875 -0.722514 -0.522571 0.452764 
111.383 81.5041 -127.065 -0.720448 -0.527187 0.450699 
112.185 81.0477 -127.881 -0.722722 -0.52213 0.452941 
111.259 81.5253 -126.917 -0.720209 -0.527734 0.450442 
112.246 80.9755 -127.929 -0.72298 -0.521565 0.453179 
111.133 81.5655 -126.776 -0.719919 -0.528381 0.450148 
112.348 80.9035 -128.028 -0.723296 -0.520856 0.45349 
111.008 81.63 -126.648 -0.719571 -0.529139 0.449812 
112.5 80.8354 -128.194 -0.723674 -0.519986 0.453887 
110.891 81.7229 -126.546 -0.719168 -0.530003 0.449441 
112.714 80.7776 -128.445 -0.724111 -0.518944 0.454381 
110.796 81.849 -126.491 -0.718719 -0.530944 0.449047 
112.999 80.7427 -128.798 -0.724593 -0.517752 0.454973 
110.745 82.0101 -126.512 -0.718258 -0.53189 0.448665 
113.362 80.7491 -129.27 -0.725077 -0.516483 0.455644 
110.77 82.2019 -126.65 -0.717846 -0.532709 0.448352 
113.793 80.8211 -129.858 -0.725493 -0.515279 0.456343 
110.905 82.4105 -126.944 -0.717576 -0.533211 0.448188 
114.264 80.9822 -130.533 -0.725747 -0.514358 0.456979 
111.176 82.6112 -127.416 -0.717548 -0.533188 0.44826 
114.719 81.2414 -131.226 -0.725745 -0.513959 0.45743 
111.576 82.7747 -128.041 -0.717818 -0.532526 0.448615 
115.084 81.5784 -131.832 -0.725448 -0.51424 0.457584 
112.059 82.8779 -128.741 -0.718353 -0.531289 0.449224 
115.296 81.9409 -132.249 -0.724898 -0.515183 0.457395 
112.548 82.9131 -129.404 -0.71904 -0.529711 0.449988 
115.328 82.2625 -132.416 -0.724212 -0.516576 0.456911 
112.97 82.8877 -129.938 -0.719743 -0.528084 0.450777 
115.196 82.4955 -132.34 -0.723518 -0.518136 0.456245 
113.286 82.8179 -130.297 -0.720365 -0.526625 0.451489 
114.948 82.6265 -132.079 -0.722902 -0.519633 0.455517 
113.489 82.7205 -130.488 -0.720869 -0.525434 0.452072 
114.641 82.6689 -131.71 -0.722403 -0.520934 0.454822 
113.594 82.6101 -130.544 -0.721254 -0.524524 0.452513 
114.319 82.6482 -131.299 -0.722023 -0.521995 0.45421 
113.626 82.4971 -130.504 -0.721537 -0.523865 0.452825 
114.012 82.5895 -130.891 -0.721743 -0.522827 0.453697 
113.606 82.3875 -130.403 -0.72174 -0.523408 0.453031 
113.732 82.5116 -130.51 -0.72154 -0.52347 0.453278 
113.551 82.2842 -130.263 -0.721881 -0.523106 0.453155 
113.485 82.4263 -130.165 -0.721394 -0.523964 0.452941 
113.476 82.1869 -130.104 -0.721983 -0.52291 0.45322 
113.266 82.3412 -129.855 -0.721284 -0.524351 0.452666 
113.388 82.0957 -129.936 -0.722056 -0.522788 0.453244 
113.073 82.2598 -129.576 -0.721198 -0.524666 0.452439 
113.294 82.0091 -129.766 -0.722113 -0.522708 0.453244 
112.9 82.1837 -129.323 -0.721126 -0.524933 0.452244 
113.201 81.9262 -129.601 -0.722164 -0.522649 0.453232 
112.741 82.1149 -129.091 -0.721056 -0.52518 0.452069 
113.111 81.8461 -129.443 -0.722216 -0.522591 0.453217 
112.594 82.0527 -128.875 -0.720985 -0.525417 0.451906 
113.027 81.7682 -129.296 -0.722273 -0.52252 0.453207 
112.455 81.9978 -128.672 -0.720908 -0.52566 0.451747 
112.953 81.6923 -129.163 -0.722339 -0.522427 0.453209 
112.321 81.9512 -128.48 -0.720819 -0.525921 0.451586 
112.89 81.6174 -129.046 -0.72242 -0.522298 0.453229 
112.191 81.9126 -128.296 -0.720716 -0.526205 0.451418 
112.841 81.5438 -128.949 -0.722519 -0.522125 0.453271 
112.064 81.8836 -128.12 -0.720593 -0.526527 0.45124 
112.808 81.4712 -128.873 -0.722639 -0.521897 0.453341 
111.939 81.8648 -127.952 -0.720449 -0.526888 0.451048 
112.796 81.3994 -128.824 -0.722787 -0.521602 0.453445 
111.816 81.8584 -127.792 -0.720278 -0.527302 0.450837 
112.806 81.3295 -128.806 -0.722964 -0.521232 0.453588 
111.695 81.8658 -127.642 -0.720077 -0.527772 0.450608 
112.845 81.2623 -128.825 -0.723174 -0.520775 0.453778 
111.579 81.8892 -127.507 -0.719845 -0.528301 0.450358 
112.916 81.1998 -128.889 -0.723419 -0.520223 0.45402 
111.472 81.9309 -127.392 -0.719582 -0.528887 0.450091 
113.025 81.1455 -129.005 -0.723698 -0.519574 0.454319 
111.379 81.993 -127.306 -0.719294 -0.529516 0.449812 
113.176 81.1042 -129.182 -0.724005 -0.518835 0.454675 
111.31 82.0762 -127.264 -0.718993 -0.530159 0.449537 
113.373 81.0843 -129.427 -0.724323 -0.518033 0.455081 
111.278 82.1805 -127.281 -0.718699 -0.530769 0.449285 
113.615 81.095 -129.742 -0.724628 -0.51722 0.455522 
111.298 82.3015 -127.375 -0.718449 -0.531273 0.44909 
113.891 81.1467 -130.121 -0.724882 -0.516473 0.455964 
111.383 82.4309 -127.562 -0.718286 -0.531578 0.448989 
114.185 81.2484 -130.542 -0.725041 -0.515902 0.456358 
111.544 82.5567 -127.845 -0.718252 -0.531599 0.449019 
114.468 81.401 -130.969 -0.725064 -0.51561 0.456651 
111.774 82.665 -128.212 -0.71837 -0.531286 0.449201 
114.706 81.5945 -131.354 -0.724934 -0.515672 0.456789 
112.055 82.7431 -128.628 -0.718636 -0.530651 0.449527 
114.866 81.8077 -131.646 -0.724657 -0.516101 0.456743 
112.354 82.7838 -129.043 -0.71901 -0.529776 0.449959 
114.93 82.0111 -131.81 -0.724278 -0.516828 0.456522 
112.634 82.7867 -129.41 -0.719435 -0.528789 0.450441 
114.895 82.179 -131.833 -0.723853 -0.517739 0.456164 
112.867 82.757 -129.692 -0.719854 -0.527814 0.450915 
114.776 82.2962 -131.73 -0.723433 -0.518711 0.455725 
113.039 82.7018 -129.876 -0.720231 -0.526936 0.451339 
114.599 82.3591 -131.531 -0.723057 -0.519641 0.455261 
113.147 82.6297 -129.965 -0.720546 -0.526206 0.451688 
114.388 82.3745 -131.272 -0.722744 -0.520469 0.454814 
113.197 82.548 -129.973 -0.720795 -0.525636 0.451954 
114.166 82.3532 -130.983 -0.722494 -0.521169 0.454408 
113.199 82.4625 -129.918 -0.720982 -0.525218 0.452142 
113.946 82.3067 -130.687 -0.722304 -0.52174 0.454056 
113.164 82.3764 -129.818 -0.721118 -0.52493 0.45226 
113.739 82.2437 -130.399 -0.722164 -0.522191 0.453758 
113.102 82.2925 -129.685 -0.72121 -0.524751 0.452321 
113.547 82.172 -130.126 -0.722064 -0.522544 0.453511 
113.02 82.2114 -129.53 -0.72127 -0.524655 0.452337 
113.373 82.0957 -129.872 -0.721996 -0.522814 0.453308 
112.925 82.1341 -129.363 -0.721303 -0.524627 0.452317 
113.214 82.0179 -129.637 -0.721953 -0.523018 0.453143 
112.821 82.0608 -129.188 -0.721315 -0.52465 0.452271 
113.071 81.9404 -129.42 -0.721929 -0.523168 0.453008 
112.712 81.9917 -129.01 -0.72131 -0.524714 0.452204 
112.941 81.8639 -129.221 -0.72192 -0.523274 0.452899 
112.6 81.9265 -128.832 -0.721294 -0.524806 0.452123 
112.824 81.7893 -129.037 -0.721924 -0.523344 0.452812 
112.486 81.8656 -128.654 -0.721266 -0.524926 0.45203 
112.718 81.7161 -128.869 -0.721942 -0.523378 0.452745 
112.372 81.8095 -128.479 -0.721225 -0.52507 0.451926 
112.624 81.6446 -128.715 -0.72197 -0.52338 0.452696 
112.258 81.7584 -128.307 -0.721174 -0.525239 0.451812 
112.54 81.5741 -128.576 -0.722013 -0.523347 0.452667 
112.143 81.7124 -128.138 -0.72111 -0.525432 0.451689 
112.468 81.5047 -128.452 -0.722069 -0.523278 0.452657 
112.029 81.6728 -127.972 -0.721031 -0.525657 0.451554 
112.408 81.4358 -128.344 -0.722142 -0.523166 0.452669 
111.914 81.6401 -127.809 -0.720935 -0.525917 0.451405 
112.363 81.3669 -128.253 -0.722236 -0.523004 0.452707 
111.797 81.6154 -127.648 -0.720817 -0.52622 0.45124 
112.333 81.2975 -128.184 -0.722355 -0.522782 0.452775 
111.678 81.6002 -127.489 -0.720673 -0.526575 0.451055 
112.322 81.2273 -128.139 -0.722503 -0.522487 0.452878 
111.557 81.5964 -127.333 -0.720498 -0.526994 0.450846 
112.335 81.1561 -128.123 -0.722687 -0.522104 0.453026 
111.434 81.6068 -127.18 -0.720285 -0.527489 0.450608 
112.376 81.0845 -128.143 -0.722913 -0.521618 0.453225 
111.309 81.6339 -127.034 -0.720029 -0.528069 0.450337 
112.451 81.013 -128.209 -0.72319 -0.521006 0.453488 
111.185 81.6817 -126.9 -0.719724 -0.528744 0.450032 
112.57 80.9447 -128.332 -0.72352 -0.520253 0.453826 
111.067 81.7544 -126.787 -0.71937 -0.529513 0.449695 
112.742 80.8847 -128.527 -0.723903 -0.519351 0.454247 
110.967 81.8558 -126.711 -0.718972 -0.530358 0.449335 
112.975 80.842 -128.81 -0.72433 -0.518311 0.454755 
110.899 81.9885 -126.695 -0.718552 -0.531231 0.448974 
113.276 80.8305 -129.194 -0.724773 -0.517176 0.45534 
110.888 82.1504 -126.77 -0.718155 -0.532037 0.448656 
113.642 80.8688 -129.682 -0.725182 -0.516047 0.455969 
110.963 82.333 -126.971 -0.717848 -0.532632 0.448441 
114.055 80.9773 -130.261 -0.725485 -0.515083 0.456578 
111.149 82.5197 -127.322 -0.717713 -0.532847 0.448401 
114.477 81.1695 -130.885 -0.725599 -0.514483 0.457072 
111.454 82.686 -127.821 -0.717821 -0.532539 0.448594 
114.851 81.4402 -131.477 -0.725466 -0.514425 0.457349 
111.855 82.8084 -128.422 -0.718183 -0.531685 0.449029 
115.116 81.7569 -131.945 -0.725087 -0.514967 0.45734 
112.296 82.8736 -129.043 -0.718732 -0.530417 0.449649 
115.231 82.0682 -132.216 -0.72453 -0.516014 0.457042 
112.713 82.8804 -129.591 -0.719361 -0.528964 0.450354 
115.191 82.323 -132.266 -0.723903 -0.51735 0.456525 
113.053 82.8388 -130.004 -0.719968 -0.52755 0.451042 
115.022 82.493 -132.12 -0.723302 -0.518747 0.455892 
113.295 82.7625 -130.263 -0.720492 -0.526321 0.451641 
114.77 82.5772 -131.836 -0.722783 -0.520043 0.455238 
113.442 82.6662 -130.383 -0.720911 -0.525337 0.452118 
114.48 82.5912 -131.477 -0.722369 -0.52115 0.454629 
113.508 82.5611 -130.393 -0.721229 -0.524594 0.452473 
114.185 82.5572 -131.094 -0.722052 -0.522051 0.454098 
113.513 82.455 -130.326 -0.721461 -0.524063 0.452718 
113.907 82.4938 -130.719 -0.72182 -0.522759 0.453654 
113.476 82.3517 -130.209 -0.721628 -0.523699 0.452874 
113.653 82.4158 -130.368 -0.721651 -0.523308 0.453289 
113.41 82.2536 -130.061 -0.721744 -0.523463 0.452961 
113.426 82.3327 -130.048 -0.721526 -0.523737 0.452992 
113.327 82.1604 -129.896 -0.721827 -0.523316 0.453 
113.223 82.2495 -129.757 -0.721433 -0.524077 0.452747 
113.232 82.072 -129.723 -0.721886 -0.52323 0.453004 
113.041 82.1695 -129.492 -0.72136 -0.524355 0.452541 
113.134 81.9876 -129.549 -0.721932 -0.523181 0.452988 
112.876 82.094 -129.249 -0.721297 -0.524595 0.452363 
113.035 81.9064 -129.379 -0.721972 -0.523149 0.452961 
112.724 82.0238 -129.024 -0.72124 -0.524812 0.452203 
112.939 81.8278 -129.215 -0.722012 -0.523119 0.452932 
112.581 81.9595 -128.812 -0.721181 -0.525022 0.452053 
112.849 81.7516 -129.06 -0.722054 -0.523082 0.452906 
112.446 81.9016 -128.613 -0.721117 -0.525236 0.451907 
112.766 81.6767 -128.917 -0.722106 -0.523025 0.45289 
112.316 81.8498 -128.422 -0.721045 -0.52546 0.451761 
112.692 81.6033 -128.787 -0.722168 -0.522942 0.452888 
112.189 81.8053 -128.239 -0.72096 -0.525707 0.451609 
112.629 81.5307 -128.672 -0.722245 -0.522822 0.452904 
112.064 81.7681 -128.062 -0.720861 -0.525981 0.451449 
112.581 81.4583 -128.576 -0.722342 -0.522654 0.452943 
111.94 81.7398 -127.89 -0.72074 -0.526294 0.451275 
112.548 81.3863 -128.5 -0.72246 -0.522432 0.45301 
111.816 81.7215 -127.723 -0.720596 -0.526654 0.451085 
112.533 81.3143 -128.449 -0.722607 -0.522141 0.453111 
111.691 81.7148 -127.561 -0.720424 -0.527071 0.450874 
112.542 81.2424 -128.428 -0.722787 -0.521767 0.453254 
111.567 81.7219 -127.406 -0.720217 -0.527555 0.450639 
112.579 81.1711 -128.443 -0.723006 -0.521297 0.453447 
111.443 81.7456 -127.26 -0.719972 -0.528113 0.450376 
112.65 81.1021 -128.503 -0.723267 -0.520716 0.453698 
111.324 81.7888 -127.13 -0.719687 -0.528749 0.450086 
112.761 81.0381 -128.618 -0.723574 -0.520013 0.454015 
111.214 81.855 -127.025 -0.719361 -0.529459 0.449772 
112.92 80.9845 -128.8 -0.723923 -0.519186 0.454404 
111.124 81.9468 -126.958 -0.719004 -0.53022 0.449446 
113.134 80.9493 -129.061 -0.724303 -0.518251 0.454866 
111.068 82.0652 -126.95 -0.718638 -0.530984 0.449129 
113.406 80.9446 -129.409 -0.724688 -0.517255 0.455386 
111.065 82.2078 -127.027 -0.718301 -0.531669 0.448859 
113.73 80.9855 -129.845 -0.725034 -0.516287 0.455934 
111.139 82.3666 -127.213 -0.718049 -0.532155 0.448685 
114.09 81.0867 -130.351 -0.725282 -0.515478 0.456454 
111.307 82.5266 -127.526 -0.717948 -0.532309 0.448665 
114.451 81.2572 -130.888 -0.725368 -0.514991 0.456868 
111.573 82.6689 -127.959 -0.718046 -0.53203 0.448838 
114.769 81.4895 -131.392 -0.725251 -0.51495 0.457099 
111.915 82.7752 -128.473 -0.718348 -0.531308 0.44921 
114.996 81.7582 -131.792 -0.724933 -0.515403 0.457092 
112.291 82.8335 -129.002 -0.718808 -0.530241 0.449735 
115.099 82.0223 -132.029 -0.724467 -0.516274 0.456848 
112.65 82.8428 -129.476 -0.719342 -0.529005 0.450337 
115.072 82.2428 -132.083 -0.723934 -0.517403 0.456416 
112.949 82.8098 -129.841 -0.719868 -0.52778 0.450932 
114.934 82.3959 -131.97 -0.72341 -0.51861 0.455877 
113.167 82.7453 -130.079 -0.720334 -0.526691 0.451461 
114.721 82.4772 -131.733 -0.722947 -0.519754 0.455307 
113.304 82.6608 -130.196 -0.720716 -0.525798 0.451892 
114.468 82.4972 -131.423 -0.722568 -0.520756 0.454764 
113.369 82.5661 -130.213 -0.721013 -0.52511 0.452218 
114.204 82.4725 -131.081 -0.722272 -0.521589 0.45428 
113.377 82.4684 -130.156 -0.721233 -0.524611 0.452447 
113.948 82.4182 -130.738 -0.72205 -0.522255 0.453867 
113.343 82.3714 -130.048 -0.721392 -0.524266 0.452593 
113.711 82.3474 -130.41 -0.721888 -0.522778 0.453523 
113.28 82.2779 -129.907 -0.721503 -0.524044 0.452674 
113.495 82.2688 -130.105 -0.721769 -0.523188 0.45324 
113.197 82.1882 -129.746 -0.721579 -0.523911 0.452706 
113.3 82.1878 -129.824 -0.721683 -0.523509 0.453006 
113.102 82.1029 -129.573 -0.72163 -0.523845 0.452702 
113.124 82.1075 -129.566 -0.72162 -0.523764 0.452811 
113 82.0213 -129.396 -0.721663 -0.523822 0.452674 
112.964 82.0296 -129.328 -0.721571 -0.523974 0.452646 
112.895 81.9432 -129.218 -0.721687 -0.523828 0.452631 
112.817 81.9551 -129.108 -0.721532 -0.524151 0.452503 
112.789 81.8685 -129.044 -0.721703 -0.523851 0.452579 
112.681 81.8845 -128.902 -0.721499 -0.524308 0.452375 
112.686 81.7962 -128.875 -0.721717 -0.523878 0.452524 
112.553 81.8182 -128.708 -0.721467 -0.524454 0.452257 
112.586 81.7268 -128.712 -0.721731 -0.523907 0.452469 
112.433 81.7556 -128.525 -0.721435 -0.524592 0.452146 
112.491 81.6592 -128.557 -0.721747 -0.523928 0.452418 
112.318 81.6975 -128.351 -0.721401 -0.524732 0.452039 
112.402 81.5939 -128.411 -0.721767 -0.52394 0.452372 
112.207 81.6436 -128.184 -0.721363 -0.524875 0.451933 
112.319 81.5303 -128.274 -0.721792 -0.523938 0.452335 
112.1 81.5941 -128.023 -0.721319 -0.525027 0.451826 
112.243 81.4681 -128.147 -0.721825 -0.523916 0.452308 
111.995 81.5493 -127.868 -0.721268 -0.525193 0.451716 
112.174 81.4067 -128.031 -0.721868 -0.523871 0.452293 
111.891 81.5095 -127.717 -0.721206 -0.525377 0.4516 
112.115 81.3458 -127.927 -0.721923 -0.523795 0.452293 
111.788 81.4752 -127.569 -0.721132 -0.525587 0.451475 
112.066 81.2849 -127.837 -0.721993 -0.523682 0.452311 
111.684 81.4474 -127.423 -0.721041 -0.525829 0.451338 
112.029 81.2233 -127.761 -0.722083 -0.523523 0.452353 
111.579 81.4273 -127.279 -0.720928 -0.526115 0.451184 
112.007 81.1607 -127.704 -0.722196 -0.523307 0.452421 
111.47 81.4157 -127.134 -0.72079 -0.526453 0.451011 
112.002 81.0958 -127.668 -0.72234 -0.523018 0.452525 
111.357 81.4151 -126.99 -0.72062 -0.526858 0.450811 
112.018 81.0284 -127.659 -0.722523 -0.522638 0.452672 
111.239 81.4284 -126.845 -0.720407 -0.527347 0.450578 
112.062 80.9587 -127.684 -0.722751 -0.522148 0.452873 
111.116 81.4583 -126.703 -0.720146 -0.527934 0.450308 
112.141 80.8863 -127.754 -0.723036 -0.52152 0.453142 
110.989 81.5099 -126.566 -0.719827 -0.528638 0.449993 
112.264 80.814 -127.882 -0.723385 -0.520731 0.453493 
110.863 81.5878 -126.444 -0.719445 -0.529464 0.449632 
112.444 80.7455 -128.084 -0.723804 -0.519758 0.453941 
110.747 81.6984 -126.351 -0.718999 -0.530409 0.449232 
112.694 80.6902 -128.382 -0.724286 -0.518598 0.454497 
110.658 81.8457 -126.314 -0.718508 -0.531429 0.448811 
113.024 80.6629 -128.797 -0.724812 -0.517281 0.455159 
110.624 82.031 -126.37 -0.718015 -0.532429 0.448414 
113.439 80.6868 -129.344 -0.725325 -0.515907 0.455901 
110.683 82.2472 -126.567 -0.717601 -0.53324 0.448114 
113.925 80.7912 -130.016 -0.725736 -0.514663 0.456651 
110.875 82.4748 -126.947 -0.717379 -0.533627 0.448008 
114.44 81.0006 -130.767 -0.725932 -0.513816 0.457294 
111.22 82.6827 -127.524 -0.717459 -0.533368 0.448189 
114.911 81.3179 -131.504 -0.725816 -0.513631 0.457686 
111.699 82.8382 -128.249 -0.717875 -0.532389 0.448687 
115.256 81.7066 -132.103 -0.725373 -0.514229 0.457716 
112.241 82.9209 -129.014 -0.718548 -0.530846 0.449436 
115.412 82.0957 -132.458 -0.724693 -0.515493 0.457372 
112.754 82.9305 -129.692 -0.719324 -0.529062 0.450297 
115.37 82.4135 -132.528 -0.723923 -0.517129 0.456744 
113.168 82.8809 -130.196 -0.72006 -0.527349 0.451131 
115.166 82.6201 -132.351 -0.723196 -0.518821 0.455976 
113.457 82.7911 -130.504 -0.720678 -0.52589 0.451846 
114.864 82.7167 -132.009 -0.722586 -0.520354 0.455196 
113.627 82.6801 -130.642 -0.721159 -0.524748 0.452406 
114.523 82.7278 -131.586 -0.722112 -0.521632 0.454486 
113.704 82.5619 -130.654 -0.721516 -0.523904 0.452815 
114.186 82.6842 -131.148 -0.721761 -0.522642 0.453882 
113.713 82.4457 -130.584 -0.721772 -0.523308 0.453096 
113.876 82.611 -130.732 -0.721508 -0.523418 0.453389 
113.678 82.336 -130.463 -0.721953 -0.522903 0.453275 
113.601 82.5258 -130.355 -0.721327 -0.52401 0.452995 
113.615 82.2343 -130.314 -0.722079 -0.52264 0.453378 
113.362 82.4382 -130.019 -0.721196 -0.524462 0.45268 
113.535 82.1399 -130.153 -0.722169 -0.522471 0.453429 
113.153 82.3542 -129.722 -0.721096 -0.52482 0.452423 
113.448 82.0512 -129.987 -0.722239 -0.522359 0.453447 
112.969 82.2762 -129.456 -0.721014 -0.525118 0.452209 
113.358 81.9673 -129.825 -0.722296 -0.522279 0.453447 
112.804 82.2054 -129.216 -0.720939 -0.52538 0.452022 
113.271 81.887 -129.67 -0.722352 -0.522208 0.45344 
112.653 82.1423 -128.995 -0.720866 -0.525628 0.451852 
113.19 81.8093 -129.526 -0.722412 -0.522129 0.453437 
112.512 82.0873 -128.79 -0.720786 -0.525878 0.451688 
113.118 81.7339 -129.395 -0.72248 -0.52203 0.453443 
112.378 82.0407 -128.598 -0.720696 -0.52614 0.451525 
113.058 81.6599 -129.282 -0.722562 -0.521895 0.453466 
112.249 82.0034 -128.416 -0.720592 -0.526428 0.451357 
113.012 81.5878 -129.188 -0.722662 -0.521718 0.453511 
112.124 81.9754 -128.243 -0.72047 -0.526746 0.45118 
112.983 81.5169 -129.118 -0.722783 -0.521486 0.453585 
112.002 81.9585 -128.08 -0.720327 -0.527105 0.45099 
112.974 81.4483 -129.074 -0.722928 -0.521194 0.45369 
111.884 81.9536 -127.928 -0.72016 -0.527508 0.450786 
112.988 81.3821 -129.063 -0.7231 -0.520829 0.453834 
111.771 81.962 -127.789 -0.719968 -0.527956 0.450567 
113.029 81.3204 -129.088 -0.723301 -0.520388 0.45402 
111.665 81.9861 -127.666 -0.71975 -0.528452 0.450333 
113.102 81.2653 -129.156 -0.723529 -0.519867 0.454253 
111.57 82.027 -127.568 -0.71951 -0.528987 0.450089 
113.209 81.2199 -129.274 -0.723784 -0.519267 0.454534 
111.493 82.0856 -127.502 -0.719255 -0.529542 0.449843 
113.353 81.1901 -129.447 -0.724053 -0.518607 0.454859 
111.443 82.1626 -127.48 -0.718997 -0.530091 0.449609 
113.536 81.182 -129.678 -0.724321 -0.517915 0.45522 
111.429 82.2558 -127.515 -0.71876 -0.530583 0.449408 
113.752 81.2031 -129.965 -0.724567 -0.517239 0.455597 
111.463 82.3603 -127.62 -0.718573 -0.530955 0.449268 
113.992 81.2613 -130.299 -0.724755 -0.516655 0.455959 
111.554 82.4687 -127.803 -0.718468 -0.531141 0.449216 
114.238 81.36 -130.656 -0.724856 -0.516242 0.456267 
111.706 82.5709 -128.061 -0.718474 -0.531082 0.449277 
114.466 81.4976 -131.006 -0.724842 -0.516075 0.456478 
111.91 82.6562 -128.379 -0.718601 -0.530755 0.449459 
114.649 81.663 -131.31 -0.724706 -0.516197 0.456557 
112.148 82.7156 -128.727 -0.71884 -0.530184 0.44975 
114.766 81.8384 -131.531 -0.724459 -0.516604 0.456488 
112.395 82.7442 -129.066 -0.719159 -0.529439 0.450119 
114.803 82.0017 -131.645 -0.724137 -0.517236 0.456283 
112.623 82.7422 -129.361 -0.719512 -0.528615 0.450522 
114.763 82.1351 -131.647 -0.723782 -0.518007 0.455972 
112.811 82.714 -129.586 -0.71986 -0.527806 0.450915 
114.656 82.227 -131.549 -0.723433 -0.51882 0.455601 
112.95 82.6646 -129.731 -0.720175 -0.527076 0.451266 
114.502 82.276 -131.374 -0.723119 -0.519602 0.455208 
113.036 82.6009 -129.799 -0.720441 -0.526463 0.451556 
114.32 82.2865 -131.149 -0.722853 -0.520304 0.454828 
113.073 82.529 -129.799 -0.720653 -0.525984 0.451778 
114.127 82.2668 -130.897 -0.722639 -0.520906 0.454479 
113.07 82.4527 -129.745 -0.720814 -0.525629 0.451934 
113.935 82.2245 -130.636 -0.722476 -0.521398 0.454175 
113.035 82.3759 -129.649 -0.720928 -0.525389 0.45203 
113.751 82.1676 -130.38 -0.722356 -0.521791 0.453915 
112.974 82.3002 -129.524 -0.721006 -0.525243 0.452076 
113.58 82.1013 -130.136 -0.722272 -0.522093 0.4537 
112.895 82.2274 -129.378 -0.72105 -0.52518 0.452079 
113.424 82.0298 -129.907 -0.72222 -0.522319 0.453524 
112.802 82.1581 -129.219 -0.721069 -0.525181 0.452048 
113.283 81.9556 -129.695 -0.722193 -0.522477 0.453384 
112.7 82.093 -129.051 -0.721065 -0.525237 0.451989 
113.156 81.8805 -129.501 -0.722187 -0.522578 0.453276 
112.592 82.0324 -128.878 -0.721042 -0.525337 0.451909 
113.044 81.8052 -129.324 -0.722202 -0.522627 0.453197 
112.479 81.9772 -128.704 -0.721 -0.52548 0.451809 
112.946 81.7304 -129.165 -0.722235 -0.522627 0.453144 
112.364 81.9274 -128.53 -0.720943 -0.525659 0.451693 
112.861 81.6565 -129.023 -0.722285 -0.522581 0.453118 
112.246 81.8843 -128.357 -0.720866 -0.525878 0.45156 
112.792 81.5829 -128.901 -0.722356 -0.522483 0.453118 
112.127 81.8481 -128.186 -0.720772 -0.526134 0.451412 
112.738 81.5101 -128.8 -0.722447 -0.522331 0.453147 
112.007 81.8207 -128.018 -0.720655 -0.526437 0.451246 
112.703 81.4378 -128.721 -0.722564 -0.522117 0.453208 
111.885 81.8029 -127.854 -0.720513 -0.52679 0.451061 
112.687 81.3659 -128.669 -0.722708 -0.521832 0.453306 
111.764 81.7967 -127.695 -0.720343 -0.527199 0.450854 
112.696 81.2949 -128.648 -0.722885 -0.521466 0.453446 
111.642 81.8041 -127.544 -0.720141 -0.527672 0.450624 
112.732 81.2254 -128.664 -0.723098 -0.521005 0.453635 
111.523 81.8275 -127.405 -0.719904 -0.528211 0.450371 
112.802 81.1597 -128.724 -0.72335 -0.520443 0.453879 
111.411 81.8694 -127.283 -0.719632 -0.528816 0.450094 
112.911 81.1008 -128.839 -0.72364 -0.519772 0.454184 
111.31 81.933 -127.188 -0.719328 -0.52948 0.449801 
113.065 81.0539 -129.016 -0.723965 -0.518997 0.454554 
111.232 82.0198 -127.134 -0.719002 -0.530175 0.449503 
113.268 81.0268 -129.267 -0.72431 -0.518138 0.454983 
111.189 82.1299 -127.139 -0.718677 -0.530853 0.449222 
113.522 81.0304 -129.595 -0.724649 -0.517246 0.455458 
111.198 82.2599 -127.225 -0.718389 -0.531436 0.448993 
113.818 81.0767 -129.997 -0.724944 -0.516403 0.455946 
111.278 82.4015 -127.41 -0.718187 -0.531821 0.448861 
114.14 81.1776 -130.454 -0.725142 -0.515729 0.456394 
111.44 82.5422 -127.704 -0.718122 -0.531904 0.448867 
114.457 81.3369 -130.928 -0.725194 -0.515349 0.45674 
111.684 82.6648 -128.098 -0.71823 -0.531609 0.449043 
114.729 81.5464 -131.364 -0.725071 -0.515363 0.456919 
111.99 82.7553 -128.554 -0.718508 -0.530944 0.449385 
114.918 81.7821 -131.703 -0.724781 -0.515793 0.456894 
112.321 82.8043 -129.017 -0.718915 -0.529995 0.449854 
115 82.0113 -131.9 -0.724368 -0.516575 0.456667 
112.634 82.8112 -129.429 -0.719383 -0.528909 0.450384 
114.971 82.2019 -131.939 -0.723898 -0.517572 0.456281 
112.896 82.7807 -129.748 -0.719848 -0.527828 0.450909 
114.847 82.3352 -131.835 -0.723436 -0.518639 0.455803 
113.089 82.7223 -129.957 -0.720263 -0.526859 0.451379 
114.656 82.4073 -131.623 -0.723022 -0.519661 0.455295 
113.21 82.6453 -130.06 -0.720609 -0.526056 0.451764 
114.429 82.426 -131.344 -0.722679 -0.520565 0.454807 
113.268 82.5582 -130.075 -0.72088 -0.525431 0.452058 
114.189 82.4041 -131.033 -0.722408 -0.521325 0.454367 
113.274 82.4672 -130.02 -0.721084 -0.524973 0.452266 
113.953 82.3551 -130.717 -0.722202 -0.521942 0.453986 
113.24 82.3765 -129.917 -0.72123 -0.524658 0.452397 
113.732 82.289 -130.411 -0.722051 -0.522428 0.453667 
113.178 82.2882 -129.781 -0.721331 -0.524458 0.452468 
113.529 82.2144 -130.123 -0.721942 -0.522808 0.453402 
113.096 82.203 -129.624 -0.721399 -0.524344 0.452492 
113.345 82.1359 -129.856 -0.721865 -0.523103 0.453185 
113.001 82.1218 -129.453 -0.72144 -0.524298 0.45248 
113.178 82.0568 -129.609 -0.721812 -0.523332 0.453005 
112.897 82.0444 -129.277 -0.721462 -0.5243 0.452441 
113.026 81.9787 -129.382 -0.721777 -0.52351 0.452855 
112.789 81.9707 -129.098 -0.721471 -0.524338 0.452385 
112.888 81.9026 -129.172 -0.721755 -0.523648 0.45273 
112.679 81.901 -128.92 -0.721468 -0.524401 0.452316 
112.761 81.8289 -128.977 -0.721743 -0.523756 0.452624 
112.569 81.8345 -128.744 -0.721458 -0.524481 0.452238 
112.645 81.7581 -128.795 -0.721738 -0.523841 0.452534 
112.459 81.772 -128.573 -0.721441 -0.524577 0.452155 
112.538 81.6894 -128.627 -0.721742 -0.523902 0.452458 
112.352 81.7127 -128.406 -0.721419 -0.524683 0.452067 
112.439 81.6233 -128.469 -0.72175 -0.523945 0.452393 
112.246 81.6576 -128.243 -0.72139 -0.524802 0.451975 
112.348 81.5592 -128.323 -0.721766 -0.523969 0.45234 
112.142 81.6063 -128.085 -0.721355 -0.524932 0.451879 
112.265 81.4968 -128.188 -0.72179 -0.523972 0.4523 
112.04 81.5591 -127.932 -0.721313 -0.525076 0.451779 
112.19 81.4357 -128.064 -0.721822 -0.523952 0.452271 
111.939 81.5165 -127.782 -0.721262 -0.525238 0.451673 
112.124 81.3755 -127.952 -0.721865 -0.523904 0.452257 
111.839 81.4787 -127.636 -0.7212 -0.525421 0.451559 
112.067 81.3156 -127.852 -0.721922 -0.523825 0.45226 
111.738 81.4466 -127.492 -0.721124 -0.525631 0.451436 
112.021 81.2555 -127.765 -0.721994 -0.523706 0.452282 
111.636 81.4208 -127.35 -0.721031 -0.525876 0.451299 
111.987 81.195 -127.694 -0.722086 -0.52354 0.452327 
111.532 81.4029 -127.208 -0.720915 -0.526168 0.451144 
111.968 81.1326 -127.642 -0.722205 -0.523311 0.452402 
111.424 81.3938 -127.066 -0.720772 -0.526515 0.450968 
111.968 81.068 -127.612 -0.722356 -0.523008 0.452513 
111.312 81.3963 -126.923 -0.720594 -0.526933 0.450763 
111.989 81.001 -127.61 -0.722545 -0.522611 0.452668 
111.194 81.4126 -126.78 -0.720375 -0.527436 0.450526 
112.04 80.9308 -127.644 -0.722784 -0.522096 0.452882 
111.07 81.4469 -126.639 -0.720102 -0.528046 0.450247 
112.127 80.8586 -127.724 -0.72308 -0.52144 0.453165 
110.943 81.5032 -126.504 -0.719771 -0.528773 0.449923 
112.26 80.786 -127.864 -0.723444 -0.520613 0.453534 
110.817 81.5877 -126.385 -0.719373 -0.52963 0.449552 
112.453 80.7186 -128.084 -0.723879 -0.519598 0.454004 
110.703 81.7056 -126.3 -0.718913 -0.530602 0.449142 
112.719 80.6656 -128.404 -0.724379 -0.518391 0.454586 
110.62 81.8621 -126.275 -0.718408 -0.531644 0.448716 
113.068 80.6445 -128.847 -0.724915 -0.517036 0.455274 
110.598 82.0566 -126.351 -0.717913 -0.532646 0.448322 
113.504 80.6797 -129.425 -0.725428 -0.515642 0.456036 
110.677 82.2805 -126.579 -0.717514 -0.533419 0.448041 
114.007 80.8016 -130.127 -0.725821 -0.514419 0.456793 
110.898 82.5113 -127 -0.717333 -0.533716 0.447977 
114.53 81.0345 -130.898 -0.725971 -0.513654 0.457415 
111.277 82.7162 -127.62 -0.717474 -0.533325 0.448217 
114.994 81.3748 -131.635 -0.725793 -0.513601 0.457757 
111.783 82.8624 -128.376 -0.717955 -0.532205 0.448778 
115.315 81.7774 -132.208 -0.725288 -0.514348 0.457717 
112.337 82.9325 -129.15 -0.718675 -0.530558 0.449574 
115.437 82.1665 -132.518 -0.724565 -0.515734 0.457304 
112.846 82.9296 -129.813 -0.719469 -0.52873 0.450457 
115.359 82.4717 -132.538 -0.723778 -0.517436 0.456626 
113.245 82.87 -130.29 -0.720199 -0.527023 0.451289 
115.128 82.6602 -132.319 -0.723056 -0.519143 0.455831 
113.515 82.7733 -130.567 -0.720802 -0.525599 0.451988 
114.809 82.7388 -131.949 -0.722463 -0.520655 0.455047 
113.667 82.6585 -130.68 -0.721263 -0.524501 0.452526 
114.461 82.7369 -131.513 -0.722008 -0.521897 0.454345 
113.73 82.5389 -130.673 -0.721603 -0.523699 0.452915 
114.123 82.6849 -131.071 -0.721675 -0.52287 0.453756 
113.73 82.4229 -130.591 -0.721845 -0.523137 0.453177 
113.817 82.6074 -130.658 -0.721436 -0.523613 0.453279 
113.689 82.3146 -130.463 -0.722014 -0.522761 0.453342 
113.548 82.5206 -130.287 -0.721265 -0.524177 0.452899 
113.623 82.2141 -130.312 -0.722134 -0.522514 0.453436 
113.314 82.433 -129.958 -0.721141 -0.52461 0.452595 
113.542 82.1212 -130.15 -0.722219 -0.522357 0.453481 
113.111 82.3501 -129.668 -0.721045 -0.524955 0.452348 
113.455 82.0341 -129.986 -0.722285 -0.522253 0.453495 
112.931 82.2738 -129.408 -0.720965 -0.525244 0.45214 
113.366 81.9511 -129.826 -0.722343 -0.522173 0.453494 
112.77 82.205 -129.173 -0.720891 -0.525502 0.451958 
113.281 81.8722 -129.675 -0.722399 -0.522102 0.453489 
112.622 82.1442 -128.957 -0.720816 -0.52575 0.451789 
113.203 81.7954 -129.535 -0.722461 -0.522016 0.453488 
112.483 82.0916 -128.757 -0.720734 -0.526002 0.451626 
113.135 81.7207 -129.41 -0.722533 -0.521906 0.453499 
112.351 82.0481 -128.568 -0.72064 -0.526272 0.451462 
113.079 81.6476 -129.303 -0.722621 -0.52176 0.453529 
112.224 82.0134 -128.39 -0.720532 -0.526565 0.451293 
113.038 81.5766 -129.217 -0.722725 -0.521569 0.453582 
112.101 81.989 -128.222 -0.720405 -0.526893 0.451114 
113.016 81.507 -129.155 -0.722852 -0.521322 0.453664 
111.982 81.9753 -128.064 -0.720257 -0.527258 0.450922 
113.013 81.44 -129.121 -0.723003 -0.521013 0.453779 
111.867 81.9744 -127.917 -0.720085 -0.527669 0.450717 
113.035 81.3764 -129.121 -0.72318 -0.520632 0.453933 
111.758 81.9871 -127.785 -0.71989 -0.528123 0.450497 
113.085 81.3175 -129.158 -0.723386 -0.520174 0.45413 
111.657 82.0156 -127.672 -0.71967 -0.52862 0.450265 
113.166 81.2667 -129.24 -0.723617 -0.519641 0.454372 
111.57 82.0609 -127.586 -0.71943 -0.529149 0.450026 
113.282 81.2275 -129.372 -0.723868 -0.519039 0.45466 
111.503 82.1237 -127.535 -0.719181 -0.529689 0.449789 
113.435 81.205 -129.559 -0.72413 -0.518385 0.454988 
111.465 82.2031 -127.531 -0.718938 -0.530202 0.449573 
113.623 81.2066 -129.801 -0.724383 -0.51772 0.455343 
111.467 82.2971 -127.587 -0.718724 -0.530642 0.449397 
113.84 81.2388 -130.094 -0.724603 -0.517093 0.455705 
111.518 82.3995 -127.713 -0.718569 -0.530944 0.449288 
114.074 81.3078 -130.424 -0.724759 -0.51658 0.456039 
111.625 82.5025 -127.914 -0.718502 -0.531047 0.449273 
114.307 81.4161 -130.768 -0.72482 -0.516259 0.456306 
111.788 82.5962 -128.183 -0.718546 -0.530906 0.44937 
114.514 81.5577 -131.093 -0.724768 -0.516187 0.456469 
111.997 82.6706 -128.501 -0.718704 -0.530513 0.449581 
114.67 81.7212 -131.361 -0.724601 -0.516396 0.456499 
112.23 82.7183 -128.835 -0.718961 -0.529905 0.449888 
114.758 81.8873 -131.541 -0.724339 -0.51686 0.456389 
112.463 82.7368 -129.149 -0.719279 -0.529161 0.450255 
114.77 82.0358 -131.617 -0.724017 -0.517514 0.456158 
112.671 82.7267 -129.412 -0.719619 -0.528368 0.450641 
114.711 82.1518 -131.588 -0.723676 -0.518272 0.455839 
112.838 82.6926 -129.605 -0.719947 -0.527608 0.451009 
114.593 82.2276 -131.469 -0.723349 -0.51905 0.455473 
112.956 82.6406 -129.722 -0.720236 -0.526938 0.45133 
114.435 82.2636 -131.284 -0.723058 -0.519785 0.455096 
113.024 82.576 -129.767 -0.720478 -0.526384 0.451591 
114.255 82.2645 -131.057 -0.722817 -0.520435 0.454737 
113.048 82.5044 -129.75 -0.720669 -0.525955 0.451786 
114.067 82.2385 -130.809 -0.722624 -0.520987 0.454411 
113.035 82.4301 -129.684 -0.72081 -0.525646 0.451919 
113.883 82.1926 -130.557 -0.722478 -0.521435 0.454129 
112.992 82.3553 -129.581 -0.720911 -0.525442 0.451996 
113.708 82.134 -130.311 -0.722373 -0.521789 0.453889 
112.927 82.2825 -129.452 -0.720975 -0.525329 0.452026 
113.545 82.0674 -130.077 -0.722302 -0.522059 0.453692 
112.844 82.2126 -129.304 -0.721009 -0.52529 0.452017 
113.398 81.9961 -129.858 -0.72226 -0.522255 0.453533 
112.75 82.1463 -129.144 -0.721017 -0.525314 0.451976 
113.265 81.9225 -129.657 -0.722243 -0.522387 0.453408 
112.647 82.0844 -128.977 -0.721005 -0.525389 0.451909 
113.146 81.848 -129.473 -0.722247 -0.522462 0.453314 
112.537 82.0273 -128.806 -0.720972 -0.525509 0.45182 
113.042 81.7734 -129.306 -0.722272 -0.522485 0.453249 
112.424 81.9761 -128.633 -0.720921 -0.525672 0.451712 
112.952 81.6991 -129.158 -0.722315 -0.522458 0.453212 
112.308 81.9306 -128.461 -0.720853 -0.525873 0.451587 
112.877 81.6257 -129.029 -0.722378 -0.52238 0.453201 
112.19 81.8925 -128.29 -0.720764 -0.526116 0.451445 
112.818 81.5528 -128.92 -0.722462 -0.522248 0.453219 
112.071 81.8621 -128.122 -0.720656 -0.526401 0.451287 
112.776 81.4802 -128.834 -0.72257 -0.522054 0.45327 
111.951 81.8414 -127.958 -0.720523 -0.526736 0.451109 
112.754 81.4085 -128.773 -0.722705 -0.521794 0.453355 
111.83 81.8316 -127.798 -0.720363 -0.527124 0.45091 
112.755 81.3378 -128.743 -0.72287 -0.521457 0.45348 
111.71 81.8346 -127.647 -0.720173 -0.527571 0.45069 
112.782 81.2689 -128.747 -0.723068 -0.521032 0.453652 
111.593 81.8528 -127.506 -0.719951 -0.528082 0.450448 
112.841 81.2035 -128.793 -0.723303 -0.520511 0.453875 
111.48 81.8885 -127.381 -0.719695 -0.528655 0.450184 
112.936 81.144 -128.89 -0.723576 -0.519886 0.454157 
111.38 81.9439 -127.282 -0.719409 -0.529282 0.449903 
113.073 81.0956 -129.046 -0.723881 -0.519163 0.454498 
111.298 82.0214 -127.219 -0.719101 -0.529944 0.449617 
113.257 81.0649 -129.269 -0.724207 -0.518358 0.454897 
111.248 82.1211 -127.209 -0.71879 -0.530598 0.449343 
113.488 81.0612 -129.565 -0.724533 -0.517512 0.455341 
111.244 82.2405 -127.272 -0.718506 -0.531178 0.449111 
113.762 81.0954 -129.932 -0.724826 -0.516694 0.455804 
111.303 82.3728 -127.425 -0.718293 -0.531593 0.448961 
114.063 81.1789 -130.356 -0.725037 -0.51601 0.456242 
111.437 82.5074 -127.679 -0.718197 -0.531747 0.448933 
114.367 81.3165 -130.804 -0.725123 -0.515575 0.456597 
111.65 82.6291 -128.029 -0.718256 -0.531562 0.449058 
114.637 81.5036 -131.229 -0.725051 -0.515488 0.45681 
111.926 82.7237 -128.448 -0.718478 -0.531021 0.449342 
114.839 81.7218 -131.577 -0.724817 -0.515792 0.456838 
112.235 82.7815 -128.888 -0.718832 -0.530191 0.449757 
114.946 81.9418 -131.802 -0.724455 -0.516445 0.456675 
112.539 82.7989 -129.295 -0.719263 -0.529189 0.450247 
114.947 82.1337 -131.881 -0.724022 -0.51734 0.456349 
112.803 82.7796 -129.625 -0.719708 -0.528154 0.45075 
114.853 82.2763 -131.82 -0.723578 -0.518342 0.455916 
113.006 82.7309 -129.854 -0.720119 -0.527196 0.451214 
114.688 82.3617 -131.645 -0.723169 -0.519332 0.455438 
113.141 82.6618 -129.981 -0.72047 -0.526381 0.451606 
114.48 82.3944 -131.395 -0.722819 -0.520234 0.454963 
113.213 82.5808 -130.018 -0.72075 -0.525735 0.451913 
114.252 82.3844 -131.104 -0.722538 -0.521005 0.454527 
113.232 82.4937 -129.984 -0.720965 -0.525248 0.452135 
114.024 82.3442 -130.8 -0.722323 -0.521638 0.454144 
113.21 82.4054 -129.896 -0.721122 -0.524906 0.452282 
113.806 82.2849 -130.501 -0.722161 -0.522145 0.453818 
113.156 82.3188 -129.771 -0.721232 -0.524683 0.452365 
113.603 82.2141 -130.216 -0.722045 -0.52254 0.453547 
113.08 82.2351 -129.622 -0.721304 -0.524555 0.452398 
113.419 82.1379 -129.95 -0.721964 -0.522846 0.453324 
112.988 82.1549 -129.457 -0.721349 -0.524499 0.452392 
113.251 82.0597 -129.703 -0.721909 -0.523081 0.45314 
112.887 82.0785 -129.283 -0.721371 -0.524499 0.452357 
113.099 81.9815 -129.476 -0.721874 -0.523259 0.45299 
112.78 82.006 -129.105 -0.721377 -0.524539 0.452301 
112.962 81.9046 -129.266 -0.721856 -0.523392 0.452866 
112.669 81.9374 -128.926 -0.72137 -0.52461 0.452229 
112.837 81.8298 -129.072 -0.721849 -0.52349 0.452764 
112.557 81.8728 -128.749 -0.721353 -0.524706 0.452146 
112.723 81.7566 -128.894 -0.721854 -0.523554 0.452682 
112.444 81.8125 -128.574 -0.721325 -0.524824 0.452052 
112.619 81.6857 -128.729 -0.721868 -0.523591 0.452616 
112.332 81.7563 -128.402 -0.72129 -0.52496 0.451952 
112.526 81.6162 -128.577 -0.721894 -0.523598 0.452566 
112.221 81.7049 -128.234 -0.721243 -0.525117 0.451844 
112.442 81.5484 -128.439 -0.72193 -0.523578 0.452533 
112.11 81.6585 -128.07 -0.721186 -0.525295 0.451727 
112.369 81.4816 -128.314 -0.721978 -0.523525 0.452517 
112 81.6176 -127.908 -0.721116 -0.525499 0.451601 
112.307 81.4153 -128.204 -0.722041 -0.523435 0.45252 
111.889 81.5829 -127.75 -0.721031 -0.525735 0.451464 
112.257 81.3491 -128.11 -0.722123 -0.5233 0.452546 
111.777 81.5554 -127.593 -0.720927 -0.526008 0.451312 
112.221 81.2824 -128.034 -0.722226 -0.523112 0.452598 
111.663 81.5364 -127.439 -0.720799 -0.526328 0.451142 
112.202 81.2146 -127.979 -0.722357 -0.522859 0.452682 
111.546 81.5274 -127.285 -0.720643 -0.526707 0.450949 
112.204 81.1454 -127.95 -0.722521 -0.522526 0.452806 
111.426 81.5312 -127.134 -0.720451 -0.527159 0.450729 
112.23 81.0749 -127.952 -0.722724 -0.522097 0.452977 
111.303 81.5499 -126.985 -0.720217 -0.527694 0.450476 
112.287 81.0028 -127.994 -0.722976 -0.521548 0.453207 
111.177 81.5874 -126.843 -0.719935 -0.528326 0.450187 
112.384 80.9311 -128.086 -0.723283 -0.52086 0.453508 
111.052 81.6483 -126.714 -0.719597 -0.529065 0.449859 
112.529 80.8635 -128.244 -0.723649 -0.520016 0.453892 
110.936 81.7368 -126.611 -0.719205 -0.529905 0.449496 
112.733 80.8059 -128.482 -0.724073 -0.519008 0.454369 
110.841 81.8573 -126.552 -0.71877 -0.53082 0.449112 
113.007 80.7702 -128.82 -0.72454 -0.517855 0.45494 
110.788 82.0115 -126.567 -0.718322 -0.531742 0.448738 
113.355 80.7737 -129.271 -0.725011 -0.516624 0.455589 
110.806 82.1958 -126.693 -0.717918 -0.532549 0.448427 
113.77 80.8391 -129.835 -0.725421 -0.515448 0.456268 
110.929 82.3974 -126.967 -0.717644 -0.533062 0.448257 
114.225 80.9889 -130.485 -0.725681 -0.514529 0.456891 
111.181 82.5934 -127.411 -0.717596 -0.533085 0.448307 
114.669 81.2326 -131.158 -0.725702 -0.514096 0.457346 
111.559 82.7559 -128.006 -0.717832 -0.532498 0.448626 
115.032 81.5532 -131.756 -0.72544 -0.514308 0.457523 
112.021 82.8622 -128.679 -0.718328 -0.531348 0.449196 
115.253 81.9033 -132.179 -0.724928 -0.515163 0.457371 
112.496 82.9029 -129.329 -0.718981 -0.529845 0.449925 
115.301 82.2202 -132.365 -0.724274 -0.516475 0.456928 
112.914 82.8842 -129.861 -0.719664 -0.528266 0.450691 
115.187 82.456 -132.314 -0.723597 -0.517981 0.456296 
113.232 82.8201 -130.228 -0.72028 -0.526824 0.451393 
114.957 82.5935 -132.078 -0.722989 -0.519447 0.455593 
113.441 82.7274 -130.431 -0.720784 -0.525634 0.451975 
114.663 82.6438 -131.727 -0.722489 -0.520738 0.45491 
113.554 82.6202 -130.498 -0.721174 -0.524717 0.45242 
114.349 82.6299 -131.329 -0.722105 -0.521802 0.454302 
113.591 82.5091 -130.468 -0.721462 -0.524046 0.452738 
114.045 82.576 -130.927 -0.721819 -0.522643 0.453788 
113.576 82.4006 -130.372 -0.721668 -0.523579 0.452949 
113.767 82.5011 -130.549 -0.721611 -0.523296 0.453366 
113.524 82.2972 -130.237 -0.721814 -0.523266 0.453078 
113.519 82.4172 -130.203 -0.721462 -0.523798 0.453025 
113.45 82.2 -130.079 -0.721917 -0.523066 0.453146 
113.299 82.3323 -129.891 -0.72135 -0.524192 0.452747 
113.362 82.1081 -129.911 -0.721992 -0.52294 0.453172 
113.104 82.2504 -129.61 -0.721263 -0.52451 0.452517 
113.268 82.0211 -129.74 -0.722049 -0.522861 0.453171 
112.929 82.1735 -129.354 -0.721191 -0.524779 0.45232 
113.172 81.9379 -129.571 -0.722098 -0.522806 0.453157 
112.769 82.1026 -129.12 -0.721124 -0.525021 0.452145 
113.079 81.8575 -129.41 -0.722146 -0.522756 0.453138 
112.621 82.0383 -128.902 -0.721057 -0.525252 0.451984 
112.992 81.7796 -129.258 -0.722197 -0.522699 0.453122 
112.481 81.9809 -128.697 -0.720985 -0.525485 0.451827 
112.913 81.7032 -129.119 -0.722258 -0.52262 0.453117 
112.347 81.9312 -128.502 -0.720902 -0.525734 0.45167 
112.845 81.6284 -128.995 -0.72233 -0.522511 0.453126 
112.216 81.889 -128.317 -0.720807 -0.526004 0.451508 
112.789 81.5543 -128.888 -0.722421 -0.52236 0.453157 
112.089 81.8559 -128.138 -0.720694 -0.526307 0.451336 
112.748 81.4812 -128.802 -0.72253 -0.522159 0.453213 
111.963 81.8325 -127.966 -0.720559 -0.52665 0.45115 
112.726 81.4089 -128.739 -0.722665 -0.521897 0.4533 
111.838 81.8203 -127.801 -0.7204 -0.527041 0.450948 
112.725 81.3372 -128.706 -0.72283 -0.52156 0.453425 
111.715 81.8207 -127.645 -0.720212 -0.527488 0.450726 
112.75 81.2674 -128.706 -0.723027 -0.52114 0.453594 
111.594 81.8366 -127.499 -0.719991 -0.527998 0.450482 
112.805 81.2007 -128.747 -0.72326 -0.520625 0.453814 
111.479 81.87 -127.37 -0.719736 -0.528572 0.450216 
112.897 81.1396 -128.838 -0.723531 -0.520006 0.454091 
111.374 81.9236 -127.264 -0.719449 -0.529204 0.449932 
113.03 81.0885 -128.988 -0.723837 -0.519284 0.45443 
111.288 81.9993 -127.194 -0.719137 -0.529876 0.44964 
113.211 81.0539 -129.205 -0.724168 -0.518473 0.454828 
111.231 82.0978 -127.175 -0.718818 -0.530549 0.449357 
113.44 81.0453 -129.496 -0.724503 -0.517611 0.455276 
111.219 82.2173 -127.227 -0.71852 -0.531159 0.449112 
113.714 81.0737 -129.861 -0.72481 -0.516764 0.45575 
111.269 82.3513 -127.368 -0.718289 -0.531614 0.448943 
114.019 81.1512 -130.287 -0.725042 -0.516037 0.456205 
111.395 82.4893 -127.614 -0.718172 -0.531813 0.448895 
114.331 81.2843 -130.745 -0.72515 -0.515548 0.456584 
111.603 82.6165 -127.961 -0.71821 -0.531672 0.449001 
114.616 81.47 -131.187 -0.725098 -0.515408 0.456825 
111.878 82.7178 -128.383 -0.718416 -0.531165 0.449271 
114.834 81.6909 -131.557 -0.724879 -0.515668 0.45688 
112.193 82.782 -128.835 -0.718766 -0.530344 0.449682 
114.956 81.9186 -131.805 -0.72452 -0.5163 0.456735 
112.507 82.8046 -129.259 -0.719202 -0.529329 0.450179 
114.97 82.1203 -131.905 -0.724081 -0.517196 0.456418 
112.784 82.7888 -129.607 -0.71966 -0.528266 0.450696 
114.884 82.273 -131.857 -0.723625 -0.518216 0.455984 
112.999 82.742 -129.854 -0.720086 -0.527274 0.451177 
114.722 82.3669 -131.69 -0.723201 -0.519235 0.455497 
113.145 82.6735 -129.995 -0.720451 -0.526424 0.451587 
114.513 82.4053 -131.441 -0.722838 -0.520167 0.455011 
113.226 82.5917 -130.042 -0.720745 -0.525744 0.45191 
114.282 82.3994 -131.148 -0.722543 -0.520969 0.45456 
113.25 82.504 -130.014 -0.72097 -0.525233 0.452145 
114.049 82.3612 -130.839 -0.722317 -0.521628 0.454164 
113.232 82.4144 -129.931 -0.721136 -0.524869 0.452303 
113.826 82.3023 -130.534 -0.722149 -0.522154 0.453827 
113.181 82.3264 -129.808 -0.721252 -0.524631 0.452395 
113.619 82.2319 -130.243 -0.722026 -0.522568 0.453546 
113.106 82.2411 -129.66 -0.72133 -0.524488 0.452435 
113.43 82.1555 -129.972 -0.721939 -0.522889 0.453314 
113.016 82.1596 -129.496 -0.721379 -0.524422 0.452434 
113.259 82.0769 -129.72 -0.721879 -0.523136 0.453124 
112.916 82.0819 -129.322 -0.721406 -0.524412 0.452403 
113.103 81.9985 -129.489 -0.721841 -0.523325 0.452967 
112.809 82.008 -129.144 -0.721416 -0.524443 0.452351 
112.962 81.9214 -129.275 -0.721818 -0.523469 0.452837 
112.699 81.9382 -128.965 -0.721412 -0.524507 0.452282 
112.834 81.8463 -129.077 -0.721807 -0.523577 0.452729 
112.587 81.8719 -128.788 -0.7214 -0.524592 0.452203 
112.716 81.7737 -128.894 -0.721805 -0.523657 0.45264 
112.476 81.8098 -128.613 -0.721378 -0.524697 0.452116 
112.609 81.703 -128.724 -0.721814 -0.523709 0.452566 
112.365 81.7513 -128.442 -0.72135 -0.524817 0.452022 
112.511 81.6346 -128.567 -0.72183 -0.523737 0.452507 
112.256 81.6974 -128.275 -0.721313 -0.524955 0.451921 
112.422 81.5678 -128.423 -0.721856 -0.523741 0.452463 
112.148 81.6479 -128.112 -0.721267 -0.52511 0.451814 
112.343 81.5024 -128.291 -0.721891 -0.523717 0.452433 
112.04 81.6032 -127.953 -0.72121 -0.525286 0.4517 
112.273 81.4379 -128.172 -0.721939 -0.523663 0.45242 
111.933 81.5639 -127.797 -0.721142 -0.525485 0.451578 
112.214 81.3739 -128.067 -0.722002 -0.523572 0.452425 
111.825 81.5307 -127.644 -0.721058 -0.525715 0.451443 
112.167 81.3097 -127.977 -0.722082 -0.523438 0.452451 
111.717 81.5044 -127.492 -0.720956 -0.525983 0.451295 
112.133 81.2449 -127.904 -0.722184 -0.523252 0.452504 
111.606 81.4865 -127.342 -0.72083 -0.526298 0.451128 
112.116 81.1787 -127.852 -0.722314 -0.523 0.452588 
111.491 81.4785 -127.192 -0.720675 -0.526673 0.450939 
112.118 81.1108 -127.825 -0.722477 -0.522668 0.452711 
111.373 81.483 -127.043 -0.720484 -0.527121 0.450721 
112.145 81.0411 -127.828 -0.72268 -0.52224 0.452882 
111.251 81.5024 -126.896 -0.72025 -0.527655 0.450469 
112.204 80.9693 -127.872 -0.722933 -0.521689 0.453113 
111.125 81.5407 -126.755 -0.719965 -0.528291 0.450179 
112.301 80.8973 -127.965 -0.723242 -0.520996 0.453416 
110.999 81.6027 -126.625 -0.719622 -0.529041 0.449847 
112.447 80.8277 -128.124 -0.723616 -0.520138 0.453805 
110.88 81.6929 -126.518 -0.719221 -0.529901 0.449476 
112.655 80.7673 -128.365 -0.724052 -0.519105 0.454291 
110.78 81.8167 -126.454 -0.71877 -0.530849 0.449078 
112.934 80.7279 -128.709 -0.724536 -0.517915 0.454878 
110.721 81.9758 -126.463 -0.7183 -0.531817 0.448686 
113.292 80.7271 -129.171 -0.725032 -0.516628 0.455552 
110.733 82.1675 -126.584 -0.717868 -0.53268 0.448353 
113.723 80.7895 -129.754 -0.725471 -0.51538 0.456264 
110.854 82.379 -126.861 -0.717566 -0.533248 0.44816 
114.2 80.9399 -130.433 -0.725759 -0.514385 0.456929 
111.11 82.5863 -127.318 -0.717501 -0.533305 0.448198 
114.67 81.1915 -131.143 -0.725796 -0.513897 0.45742 
111.504 82.7592 -127.939 -0.717738 -0.532712 0.448523 
115.058 81.5283 -131.779 -0.725528 -0.514097 0.45762 
111.991 82.8723 -128.649 -0.718259 -0.531507 0.449118 
115.296 81.8987 -132.232 -0.724992 -0.514986 0.457469 
112.493 82.9159 -129.337 -0.71895 -0.529921 0.449886 
115.35 82.2352 -132.433 -0.724301 -0.516369 0.457005 
112.935 82.8966 -129.899 -0.71967 -0.528255 0.450694 
115.232 82.4849 -132.382 -0.723587 -0.517956 0.456339 
113.269 82.8298 -130.286 -0.720316 -0.526743 0.451431 
114.99 82.6294 -132.133 -0.722949 -0.519497 0.455599 
113.487 82.7333 -130.497 -0.720841 -0.5255 0.452039 
114.681 82.6809 -131.766 -0.722429 -0.520844 0.454886 
113.604 82.6224 -130.568 -0.721244 -0.524548 0.452503 
114.355 82.6653 -131.351 -0.722031 -0.521945 0.454254 
113.644 82.5082 -130.537 -0.72154 -0.523855 0.452833 
114.041 82.6088 -130.937 -0.721739 -0.52281 0.453724 
113.629 82.3972 -130.44 -0.721752 -0.523373 0.453053 
113.756 82.5312 -130.549 -0.721527 -0.523476 0.453292 
113.578 82.2925 -130.304 -0.721902 -0.523051 0.453187 
113.503 82.4461 -130.197 -0.721374 -0.523988 0.452944 
113.505 82.1947 -130.147 -0.722007 -0.522844 0.453258 
113.282 82.3602 -129.883 -0.721261 -0.524386 0.452663 
113.418 82.1029 -129.98 -0.722083 -0.522713 0.453287 
113.086 82.2784 -129.601 -0.721173 -0.524709 0.45243 
113.326 82.016 -129.811 -0.722143 -0.522627 0.453291 
112.91 82.2024 -129.346 -0.721098 -0.524983 0.452231 
113.233 81.933 -129.647 -0.722196 -0.522563 0.453281 
112.751 82.1331 -129.112 -0.721027 -0.525232 0.452054 
113.144 81.8529 -129.49 -0.722248 -0.522502 0.453268 
112.603 82.071 -128.896 -0.720956 -0.525472 0.451889 
113.062 81.775 -129.344 -0.722306 -0.522428 0.45326 
112.463 82.0167 -128.693 -0.720876 -0.525719 0.451729 
112.988 81.6988 -129.212 -0.722375 -0.52233 0.453264 
112.329 81.9701 -128.5 -0.720787 -0.525981 0.451567 
112.926 81.6244 -129.097 -0.722456 -0.522199 0.453285 
112.199 81.9324 -128.317 -0.720682 -0.52627 0.451398 
112.879 81.5508 -129.001 -0.722557 -0.522021 0.45333 
112.073 81.9038 -128.142 -0.720559 -0.526591 0.45122 
112.848 81.4786 -128.928 -0.722679 -0.52179 0.453402 
111.948 81.8862 -127.975 -0.720413 -0.526956 0.451027 
112.837 81.4077 -128.881 -0.722827 -0.521493 0.453508 
111.826 81.8807 -127.817 -0.720241 -0.52737 0.450817 
112.85 81.3384 -128.866 -0.723005 -0.521119 0.453654 
111.707 81.8887 -127.67 -0.720042 -0.527837 0.450589 
112.89 81.2726 -128.888 -0.723214 -0.520661 0.453846 
111.594 81.913 -127.538 -0.719812 -0.528361 0.450342 
112.963 81.2121 -128.955 -0.723457 -0.520112 0.454088 
111.49 81.9555 -127.428 -0.719553 -0.528938 0.450079 
113.074 81.1604 -129.074 -0.723732 -0.51947 0.454385 
111.402 82.0178 -127.349 -0.719271 -0.529552 0.449808 
113.226 81.1228 -129.254 -0.72403 -0.518746 0.454736 
111.339 82.1008 -127.314 -0.718979 -0.530174 0.449542 
113.421 81.1066 -129.499 -0.724338 -0.517967 0.455135 
111.313 82.203 -127.338 -0.718701 -0.530751 0.449304 
113.658 81.1216 -129.811 -0.724626 -0.517189 0.455561 
111.339 82.3207 -127.439 -0.718469 -0.531216 0.449126 
113.928 81.177 -130.181 -0.724861 -0.516487 0.455982 
111.429 82.4451 -127.629 -0.718326 -0.53148 0.449042 
114.21 81.2806 -130.588 -0.725 -0.515965 0.456353 
111.591 82.5647 -127.911 -0.718308 -0.531467 0.449087 
114.478 81.4318 -130.995 -0.725008 -0.515719 0.456619 
111.818 82.6661 -128.269 -0.718436 -0.531135 0.449276 
114.7 81.6198 -131.357 -0.724868 -0.515813 0.456734 
112.09 82.7381 -128.669 -0.7187 -0.530503 0.449599 
114.845 81.8238 -131.626 -0.724594 -0.516251 0.456674 
112.375 82.7742 -129.064 -0.719064 -0.529653 0.450019 
114.898 82.0161 -131.771 -0.724226 -0.516965 0.45645 
112.641 82.7744 -129.41 -0.719472 -0.528705 0.450482 
114.858 82.1734 -131.784 -0.723817 -0.517845 0.4561 
112.861 82.7438 -129.674 -0.719872 -0.527773 0.450934 
114.739 82.2822 -131.677 -0.723416 -0.518779 0.455676 
113.022 82.6892 -129.844 -0.720232 -0.526938 0.451337 
114.566 82.3395 -131.481 -0.723058 -0.519669 0.455229 
113.122 82.6187 -129.925 -0.720532 -0.526243 0.451669 
114.361 82.352 -131.229 -0.722759 -0.520461 0.4548 
113.166 82.539 -129.928 -0.72077 -0.5257 0.451921 
114.146 82.3298 -130.948 -0.722521 -0.521131 0.45441 
113.166 82.4557 -129.871 -0.720948 -0.525304 0.452098 
113.933 82.2836 -130.661 -0.722339 -0.521679 0.454071 
113.129 82.3718 -129.77 -0.721077 -0.525031 0.452208 
113.732 82.2216 -130.381 -0.722206 -0.522112 0.453785 
113.066 82.29 -129.638 -0.721164 -0.524865 0.452263 
113.546 82.1509 -130.116 -0.722111 -0.522449 0.453547 
112.985 82.2111 -129.485 -0.721218 -0.524781 0.452274 
113.376 82.0756 -129.868 -0.722048 -0.522706 0.453353 
112.89 82.1359 -129.319 -0.721246 -0.524762 0.45225 
113.223 81.9986 -129.639 -0.722009 -0.522896 0.453194 
112.786 82.0645 -129.145 -0.721254 -0.524795 0.4522 
113.084 81.9215 -129.428 -0.72199 -0.523033 0.453067 
112.676 81.9973 -128.968 -0.721245 -0.524868 0.45213 
112.959 81.8452 -129.234 -0.721988 -0.523123 0.452966 
112.564 81.9345 -128.79 -0.721222 -0.524974 0.452043 
112.846 81.7705 -129.057 -0.721999 -0.523176 0.452887 
112.449 81.8766 -128.613 -0.721185 -0.525111 0.451943 
112.746 81.6968 -128.895 -0.722025 -0.523188 0.452831 
112.334 81.8234 -128.438 -0.721137 -0.525274 0.451832 
112.657 81.6246 -128.749 -0.722065 -0.523165 0.452795 
112.217 81.776 -128.265 -0.721073 -0.525467 0.451708 
112.581 81.5533 -128.618 -0.72212 -0.523102 0.45278 
112.101 81.7345 -128.095 -0.720996 -0.52569 0.451573 
112.518 81.4823 -128.505 -0.722193 -0.522992 0.452789 
111.983 81.7003 -127.928 -0.720899 -0.52595 0.451423 
112.469 81.4118 -128.411 -0.722286 -0.522834 0.452824 
111.865 81.6742 -127.764 -0.720782 -0.526254 0.451257 
112.437 81.3411 -128.337 -0.722404 -0.522615 0.452889 
111.744 81.6576 -127.602 -0.720639 -0.526609 0.451072 
112.424 81.2699 -128.288 -0.722551 -0.522325 0.45299 
111.622 81.6524 -127.443 -0.720465 -0.527025 0.450863 
112.434 81.1983 -128.269 -0.722732 -0.521948 0.453134 
111.499 81.661 -127.29 -0.720256 -0.527512 0.450627 
112.472 81.1266 -128.286 -0.722955 -0.521471 0.453329 
111.374 81.6866 -127.144 -0.720005 -0.528082 0.45036 
112.545 81.0566 -128.348 -0.723222 -0.520877 0.453585 
111.252 81.732 -127.011 -0.71971 -0.528737 0.450063 
112.659 80.9902 -128.467 -0.72354 -0.52015 0.453912 
111.139 81.8012 -126.902 -0.71937 -0.529477 0.449737 
112.824 80.9331 -128.655 -0.723907 -0.519286 0.454317 
111.043 81.8976 -126.829 -0.718993 -0.530281 0.449393 
113.047 80.8937 -128.926 -0.724311 -0.518298 0.454802 
110.98 82.0229 -126.817 -0.718599 -0.531101 0.449054 
113.333 80.885 -129.291 -0.724725 -0.517231 0.455354 
110.973 82.1751 -126.891 -0.718231 -0.531849 0.448758 
113.678 80.9239 -129.752 -0.725105 -0.51618 0.455944 
111.046 82.346 -127.083 -0.717949 -0.532395 0.448562 
114.065 81.0278 -130.295 -0.725383 -0.515287 0.45651 
111.222 82.5196 -127.414 -0.717829 -0.532585 0.448529 
114.457 81.208 -130.876 -0.725486 -0.514736 0.456967 
111.506 82.6745 -127.878 -0.717928 -0.5323 0.448709 
114.805 81.459 -131.426 -0.725365 -0.514678 0.457225 
111.876 82.79 -128.436 -0.718256 -0.531519 0.449109 
115.053 81.7518 -131.862 -0.725019 -0.515169 0.457221 
112.285 82.8526 -129.011 -0.718759 -0.530354 0.44968 
115.165 82.0401 -132.121 -0.72451 -0.516121 0.456954 
112.674 82.8617 -129.525 -0.71934 -0.52901 0.450334 
115.133 82.2792 -132.176 -0.723929 -0.517352 0.456483 
112.996 82.825 -129.917 -0.719909 -0.527687 0.450977 
114.982 82.4426 -132.049 -0.723364 -0.518657 0.455897 
113.228 82.7551 -130.169 -0.720406 -0.526523 0.451543 
114.75 82.5269 -131.79 -0.722871 -0.519881 0.455283 
113.371 82.6648 -130.289 -0.720809 -0.525578 0.452001 
114.478 82.545 -131.456 -0.722472 -0.520941 0.454705 
113.438 82.5647 -130.304 -0.721119 -0.524858 0.452344 
114.198 82.5159 -131.093 -0.722164 -0.521812 0.454196 
113.446 82.4623 -130.243 -0.721347 -0.524337 0.452583 
113.93 82.4573 -130.733 -0.721936 -0.522503 0.453765 
113.411 82.3621 -130.131 -0.721511 -0.523981 0.452735 
113.683 82.3832 -130.392 -0.721767 -0.523045 0.453408 
113.347 82.2657 -129.987 -0.721626 -0.523747 0.452821 
113.461 82.3022 -130.078 -0.721645 -0.523467 0.453116 
113.263 82.1741 -129.823 -0.721705 -0.523607 0.452857 
113.261 82.2196 -129.791 -0.721555 -0.523798 0.452875 
113.169 82.0869 -129.65 -0.721761 -0.52353 0.452858 
113.081 82.1392 -129.528 -0.721486 -0.524068 0.452674 
113.068 82.0035 -129.474 -0.721802 -0.523493 0.452836 
112.918 82.0623 -129.286 -0.72143 -0.524294 0.452501 
112.966 81.9235 -129.3 -0.721834 -0.523478 0.452802 
112.768 81.9898 -129.062 -0.721381 -0.524494 0.452348 
112.865 81.8462 -129.13 -0.721863 -0.523472 0.452762 
112.627 81.9225 -128.852 -0.721333 -0.524682 0.452207 
112.768 81.7716 -128.967 -0.721892 -0.523466 0.452722 
112.495 81.8599 -128.654 -0.721284 -0.524863 0.452073 
112.677 81.6986 -128.814 -0.721927 -0.523449 0.452687 
112.368 81.803 -128.466 -0.72123 -0.52505 0.451943 
112.592 81.6275 -128.671 -0.721967 -0.523415 0.452661 
112.245 81.7517 -128.285 -0.721168 -0.525249 0.45181 
112.516 81.5572 -128.54 -0.722019 -0.523355 0.452649 
112.126 81.706 -128.111 -0.721097 -0.525464 0.451674 
112.45 81.4881 -128.423 -0.722083 -0.523264 0.452651 
112.007 81.6672 -127.941 -0.721011 -0.525706 0.451529 
112.396 81.4193 -128.321 -0.722163 -0.523134 0.452674 
111.89 81.6358 -127.776 -0.720908 -0.525982 0.451373 
112.355 81.3503 -128.237 -0.722264 -0.522953 0.452722 
111.771 81.613 -127.613 -0.720783 -0.526301 0.4512 
112.331 81.2807 -128.174 -0.72239 -0.522711 0.4528 
111.651 81.6002 -127.454 -0.720631 -0.526674 0.451008 
112.326 81.2103 -128.136 -0.722548 -0.522394 0.452915 
111.529 81.5995 -127.298 -0.720447 -0.527111 0.450791 
112.345 81.1389 -128.129 -0.722742 -0.521986 0.453075 
111.404 81.6137 -127.146 -0.720223 -0.527628 0.450544 
112.394 81.0673 -128.16 -0.72298 -0.52147 0.45329 
111.279 81.6456 -127.002 -0.719955 -0.528231 0.450265 
112.48 80.9965 -128.239 -0.723269 -0.520824 0.453571 
111.156 81.6991 -126.872 -0.719638 -0.52893 0.449952 
112.611 80.9298 -128.379 -0.723612 -0.520035 0.453929 
111.042 81.7785 -126.767 -0.719273 -0.529719 0.449608 
112.797 80.8735 -128.595 -0.724007 -0.519098 0.454371 
110.948 81.8874 -126.704 -0.718868 -0.530574 0.449246 
113.047 80.8374 -128.901 -0.72444 -0.518031 0.454899 
110.893 82.0276 -126.709 -0.71845 -0.531439 0.448893 
113.364 80.8368 -129.31 -0.724879 -0.51689 0.455497 
110.901 82.195 -126.813 -0.718071 -0.532202 0.448596 
113.743 80.8911 -129.823 -0.725267 -0.51579 0.456126 
111.002 82.3801 -127.049 -0.717801 -0.532715 0.448419 
114.161 81.0198 -130.416 -0.725528 -0.514904 0.456713 
111.218 82.5631 -127.438 -0.717724 -0.532805 0.448434 
114.575 81.2326 -131.038 -0.725582 -0.51443 0.45716 
111.55 82.7197 -127.967 -0.717897 -0.532357 0.448689 
114.925 81.5179 -131.604 -0.725385 -0.514524 0.457367 
111.965 82.8283 -128.579 -0.718312 -0.531386 0.449176 
115.154 81.837 -132.026 -0.724955 -0.515205 0.457283 
112.404 82.878 -129.187 -0.71889 -0.530054 0.449826 
115.229 82.1366 -132.241 -0.724373 -0.516341 0.456923 
112.803 82.8715 -129.703 -0.719519 -0.528598 0.450532 
115.153 82.3708 -132.238 -0.723747 -0.517706 0.456369 
113.119 82.8201 -130.077 -0.720107 -0.527226 0.4512 
114.96 82.5182 -132.052 -0.723164 -0.519086 0.455726 
113.335 82.7382 -130.298 -0.720603 -0.526061 0.451768 
114.696 82.5828 -131.745 -0.722673 -0.520335 0.45508 
113.459 82.6391 -130.387 -0.720994 -0.525142 0.452213 
114.403 82.5828 -131.377 -0.722285 -0.521387 0.454491 
113.509 82.5333 -130.375 -0.721289 -0.524457 0.452538 
114.112 82.5398 -130.995 -0.721993 -0.522234 0.453983 
113.502 82.4277 -130.294 -0.721503 -0.523972 0.452758 
113.84 82.4719 -130.626 -0.721778 -0.522897 0.453561 
113.457 82.3261 -130.168 -0.721654 -0.523645 0.452894 
113.593 82.3924 -130.284 -0.721621 -0.523413 0.453215 
113.386 82.2291 -130.014 -0.721762 -0.523434 0.452968 
113.373 82.309 -129.971 -0.721506 -0.523816 0.452932 
113.299 82.1375 -129.847 -0.721837 -0.523306 0.452996 
113.176 82.2262 -129.688 -0.72142 -0.524136 0.452699 
113.203 82.0503 -129.673 -0.721892 -0.523232 0.452994 
112.999 82.1472 -129.429 -0.721351 -0.524402 0.452502 
113.104 81.9669 -129.5 -0.721935 -0.523189 0.452974 
112.838 82.0729 -129.191 -0.721291 -0.524634 0.452329 
113.005 81.8865 -129.331 -0.721974 -0.52316 0.452945 
112.688 82.0044 -128.97 -0.721232 -0.524849 0.452172 
112.91 81.8086 -129.169 -0.722014 -0.523131 0.452916 
112.548 81.9414 -128.762 -0.721174 -0.525057 0.452025 
112.821 81.733 -129.016 -0.722057 -0.523092 0.452892 
112.414 81.8846 -128.565 -0.721109 -0.52527 0.45188 
112.74 81.6585 -128.876 -0.72211 -0.523031 0.452878 
112.285 81.8345 -128.376 -0.721035 -0.525498 0.451733 
112.668 81.5855 -128.749 -0.722175 -0.522942 0.452878 
112.159 81.7915 -128.195 -0.720948 -0.525748 0.451581 
112.608 81.5133 -128.638 -0.722254 -0.522815 0.452897 
112.035 81.7559 -128.02 -0.720845 -0.526027 0.45142 
112.562 81.4411 -128.545 -0.722355 -0.522638 0.452941 
111.911 81.7294 -127.849 -0.720722 -0.526348 0.451244 
112.532 81.3693 -128.473 -0.722478 -0.522405 0.453014 
111.787 81.7131 -127.683 -0.720573 -0.526717 0.451051 
112.522 81.2974 -128.428 -0.72263 -0.522101 0.453122 
111.663 81.7087 -127.523 -0.720395 -0.527144 0.450836 
112.536 81.2256 -128.412 -0.722816 -0.521712 0.453273 
111.539 81.7186 -127.369 -0.720182 -0.52764 0.450596 
112.578 81.1546 -128.435 -0.723042 -0.521223 0.453475 
111.416 81.7455 -127.226 -0.71993 -0.528212 0.450328 
112.655 81.0861 -128.504 -0.723312 -0.520621 0.453737 
111.297 81.7926 -127.099 -0.719637 -0.528863 0.450033 
112.774 81.0233 -128.63 -0.723627 -0.519895 0.454067 
111.19 81.8631 -126.998 -0.719304 -0.529586 0.449715 
112.943 80.9719 -128.824 -0.723984 -0.519045 0.45447 
111.103 81.9601 -126.939 -0.718941 -0.530357 0.449387 
113.167 80.9406 -129.1 -0.724369 -0.518091 0.454945 
111.055 82.0831 -126.944 -0.718575 -0.531117 0.449074 
113.449 80.9423 -129.465 -0.724753 -0.517087 0.455475 
111.063 82.23 -127.037 -0.718246 -0.531782 0.448814 
113.783 80.9923 -129.916 -0.725089 -0.516129 0.456026 
111.152 82.3911 -127.245 -0.718013 -0.532226 0.448661 
114.148 81.105 -130.434 -0.725316 -0.515357 0.456537 
111.337 82.5506 -127.58 -0.717941 -0.532314 0.44867 
114.508 81.2876 -130.974 -0.725372 -0.514931 0.456929 
111.619 82.6889 -128.033 -0.718075 -0.531958 0.448878 
114.816 81.53 -131.469 -0.725219 -0.514974 0.457124 
111.973 82.7884 -128.558 -0.71841 -0.531164 0.449282 
115.025 81.8028 -131.847 -0.724869 -0.51551 0.457076 
112.352 82.8386 -129.086 -0.718892 -0.530048 0.44983 
115.106 82.0638 -132.055 -0.724382 -0.516442 0.456794 
112.705 82.8402 -129.547 -0.719433 -0.528795 0.450439 
115.058 82.2754 -132.079 -0.723842 -0.517604 0.456335 
112.993 82.8008 -129.894 -0.719955 -0.527579 0.451031 
114.904 82.4169 -131.941 -0.723323 -0.518815 0.455782 
113.199 82.7318 -130.111 -0.72041 -0.526514 0.451547 
114.681 82.4872 -131.687 -0.722871 -0.519945 0.455211 
113.323 82.6446 -130.21 -0.720779 -0.525652 0.451963 
114.423 82.4983 -131.367 -0.722505 -0.520923 0.454673 
113.378 82.5486 -130.213 -0.721063 -0.524996 0.452273 
114.158 82.4671 -131.022 -0.722222 -0.521729 0.454199 
113.378 82.4502 -130.146 -0.721273 -0.524522 0.452488 
113.904 82.4094 -130.679 -0.72201 -0.522373 0.453796 
113.338 82.3538 -130.031 -0.721423 -0.524199 0.452622 
113.67 82.3365 -130.354 -0.721855 -0.522876 0.453463 
113.271 82.2605 -129.886 -0.721528 -0.523992 0.452695 
113.457 82.2571 -130.052 -0.721743 -0.52327 0.453188 
113.186 82.1716 -129.722 -0.721599 -0.523872 0.45272 
113.265 82.1759 -129.775 -0.721661 -0.523579 0.452961 
113.089 82.0868 -129.548 -0.721647 -0.523814 0.452712 
113.091 82.096 -129.52 -0.7216 -0.523827 0.452771 
112.986 82.0058 -129.371 -0.721679 -0.523796 0.452681 
112.934 82.0188 -129.285 -0.721553 -0.524032 0.452609 
112.881 81.9281 -129.194 -0.721702 -0.523803 0.452637 
112.789 81.9451 -129.067 -0.721514 -0.524207 0.452468 
112.777 81.8537 -129.021 -0.721718 -0.523825 0.452585 
112.654 81.8754 -128.863 -0.72148 -0.524364 0.452341 
112.675 81.7816 -128.853 -0.721734 -0.52385 0.452531 
112.527 81.8102 -128.671 -0.721446 -0.524511 0.452223 
112.576 81.7123 -128.693 -0.721749 -0.523874 0.452478 
112.407 81.7487 -128.489 -0.721413 -0.524653 0.452112 
112.483 81.6448 -128.54 -0.721769 -0.523889 0.45243 
112.292 81.6919 -128.316 -0.721376 -0.524798 0.452003 
112.396 81.5794 -128.397 -0.721792 -0.523893 0.452389 
112.181 81.6395 -128.149 -0.721334 -0.524949 0.451894 
112.315 81.5155 -128.263 -0.721821 -0.52388 0.452356 
112.073 81.5916 -127.989 -0.721285 -0.525111 0.451784 
112.242 81.4528 -128.14 -0.72186 -0.523846 0.452335 
111.967 81.5487 -127.833 -0.721228 -0.525289 0.451669 
112.178 81.3908 -128.029 -0.721909 -0.523784 0.452328 
111.862 81.5111 -127.681 -0.721159 -0.525489 0.451546 
112.123 81.3291 -127.93 -0.721973 -0.523688 0.452337 
111.757 81.4796 -127.532 -0.721075 -0.525718 0.451413 
112.079 81.267 -127.846 -0.722054 -0.523551 0.452367 
111.651 81.4551 -127.385 -0.720973 -0.525985 0.451266 
112.049 81.204 -127.778 -0.722157 -0.52336 0.452423 
111.543 81.4392 -127.239 -0.720846 -0.526301 0.451101 
112.035 81.1398 -127.731 -0.722286 -0.523107 0.45251 
111.431 81.4329 -127.093 -0.72069 -0.526675 0.450912 
112.04 81.073 -127.708 -0.722451 -0.522769 0.452636 
111.314 81.4389 -126.947 -0.720498 -0.527125 0.450694 
112.071 81.0042 -127.716 -0.722657 -0.522333 0.452811 
111.193 81.4606 -126.803 -0.72026 -0.527666 0.450441 
112.132 80.9326 -127.764 -0.722915 -0.521771 0.453047 
111.067 81.5012 -126.662 -0.719969 -0.528313 0.450147 
112.234 80.8599 -127.863 -0.723233 -0.52106 0.453358 
110.941 81.5661 -126.532 -0.719617 -0.52908 0.449809 
112.386 80.7897 -128.028 -0.723616 -0.520179 0.453758 
110.819 81.6602 -126.425 -0.719204 -0.529964 0.449428 
112.601 80.7279 -128.278 -0.724067 -0.519112 0.45426 
110.717 81.7893 -126.361 -0.718736 -0.530946 0.449018 
112.891 80.6872 -128.635 -0.724569 -0.517877 0.454869 
110.657 81.9555 -126.371 -0.718246 -0.531953 0.448611 
113.263 80.6862 -129.117 -0.725087 -0.516535 0.455569 
110.671 82.156 -126.499 -0.717795 -0.532853 0.448265 
113.713 80.7514 -129.726 -0.725546 -0.515233 0.456313 
110.798 82.3774 -126.79 -0.717482 -0.533441 0.448067 
114.213 80.91 -130.437 -0.725843 -0.514199 0.457006 
111.071 82.5936 -127.273 -0.717421 -0.533484 0.448113 
114.703 81.1764 -131.179 -0.725872 -0.513706 0.457514 
111.488 82.7724 -127.929 -0.717684 -0.532834 0.448465 
115.105 81.5326 -131.841 -0.725576 -0.51395 0.457709 
112.001 82.8867 -128.676 -0.718245 -0.53154 0.449101 
115.345 81.9222 -132.304 -0.725 -0.514919 0.457532 
112.526 82.9277 -129.392 -0.718978 -0.52986 0.449913 
115.39 82.2717 -132.499 -0.724269 -0.516395 0.457028 
112.982 82.9035 -129.97 -0.71973 -0.528119 0.450757 
115.256 82.526 -132.428 -0.723524 -0.518061 0.456321 
113.323 82.8312 -130.359 -0.720395 -0.52656 0.451518 
114.996 82.6686 -132.156 -0.722867 -0.519656 0.455548 
113.541 82.7296 -130.567 -0.72093 -0.525293 0.45214 
114.672 82.7149 -131.768 -0.722339 -0.521034 0.454811 
113.655 82.6148 -130.63 -0.721335 -0.524331 0.452609 
114.335 82.6937 -131.338 -0.721939 -0.52215 0.454166 
113.692 82.4981 -130.593 -0.721632 -0.523637 0.452941 
114.014 82.6327 -130.914 -0.721647 -0.523019 0.45363 
113.675 82.3859 -130.493 -0.721842 -0.523156 0.45316 
113.726 82.5522 -130.521 -0.721437 -0.523683 0.453196 
113.622 82.2807 -130.355 -0.721991 -0.522836 0.453293 
113.472 82.4655 -130.168 -0.721286 -0.524192 0.452849 
113.549 82.1832 -130.197 -0.722095 -0.522631 0.453364 
113.251 82.3794 -129.855 -0.721175 -0.524587 0.452569 
113.463 82.0921 -130.032 -0.722171 -0.5225 0.453394 
113.056 82.2983 -129.575 -0.721086 -0.524908 0.452338 
113.373 82.0057 -129.866 -0.722233 -0.522409 0.4534 
112.883 82.2237 -129.323 -0.72101 -0.525183 0.45214 
113.283 81.9235 -129.706 -0.722287 -0.522339 0.453393 
112.725 82.1564 -129.093 -0.720938 -0.525434 0.451964 
113.198 81.8443 -129.554 -0.722343 -0.522269 0.453385 
112.579 82.0968 -128.88 -0.720862 -0.525679 0.451798 
113.12 81.7677 -129.415 -0.722405 -0.522185 0.453383 
112.441 82.0453 -128.681 -0.720779 -0.525932 0.451636 
113.052 81.6925 -129.29 -0.722479 -0.522072 0.453396 
112.309 82.0025 -128.492 -0.720683 -0.526206 0.451471 
112.996 81.6188 -129.184 -0.722569 -0.521921 0.453427 
112.182 81.9686 -128.314 -0.720572 -0.526505 0.4513 
112.956 81.5468 -129.099 -0.722677 -0.521723 0.453483 
112.057 81.9449 -128.144 -0.720441 -0.526841 0.451117 
112.935 81.4764 -129.038 -0.722807 -0.521467 0.453568 
111.936 81.9322 -127.984 -0.720288 -0.527218 0.45092 
112.934 81.4076 -129.006 -0.722965 -0.521143 0.45369 
111.818 81.9326 -127.834 -0.720109 -0.527645 0.450708 
112.959 81.3421 -129.007 -0.723151 -0.520745 0.453851 
111.706 81.9473 -127.698 -0.719903 -0.528121 0.450479 
113.012 81.2814 -129.049 -0.723366 -0.520265 0.454058 
111.601 81.9784 -127.582 -0.719671 -0.528645 0.450235 
113.099 81.2277 -129.137 -0.723612 -0.519698 0.454315 
111.51 82.0269 -127.492 -0.719417 -0.529205 0.449983 
113.223 81.186 -129.278 -0.723881 -0.519057 0.454621 
111.439 82.0947 -127.438 -0.719149 -0.529782 0.449731 
113.386 81.1619 -129.477 -0.724162 -0.518357 0.454971 
111.398 82.1809 -127.434 -0.718886 -0.530338 0.449497 
113.588 81.1628 -129.737 -0.724436 -0.517637 0.455354 
111.4 82.2825 -127.494 -0.718653 -0.530815 0.449307 
113.823 81.1968 -130.054 -0.724676 -0.516956 0.455746 
111.455 82.3942 -127.63 -0.718482 -0.531146 0.449188 
114.077 81.2713 -130.413 -0.724846 -0.516397 0.456109 
111.572 82.5063 -127.849 -0.71841 -0.531256 0.449173 
114.33 81.3891 -130.788 -0.724911 -0.516047 0.4564 
111.751 82.6078 -128.144 -0.718462 -0.531095 0.449281 
114.555 81.5452 -131.141 -0.72485 -0.51598 0.456574 
111.98 82.6877 -128.492 -0.718641 -0.530654 0.449516 
114.723 81.7249 -131.43 -0.724661 -0.516223 0.4566 
112.236 82.7377 -128.857 -0.718928 -0.529977 0.449856 
114.815 81.9062 -131.622 -0.724369 -0.516746 0.456472 
112.489 82.7555 -129.198 -0.719279 -0.529156 0.45026 
114.822 82.0673 -131.696 -0.724013 -0.517475 0.456211 
112.713 82.7421 -129.48 -0.719651 -0.528291 0.450681 
114.751 82.1905 -131.656 -0.723641 -0.518306 0.455857 
112.89 82.7032 -129.682 -0.720003 -0.527473 0.451077 
114.619 82.2685 -131.519 -0.72329 -0.519148 0.455457 
113.013 82.6455 -129.801 -0.720311 -0.52676 0.451419 
114.445 82.3027 -131.314 -0.722982 -0.519931 0.455051 
113.081 82.5759 -129.842 -0.720563 -0.52618 0.451692 
114.25 82.3001 -131.066 -0.722728 -0.520619 0.454667 
113.103 82.4994 -129.819 -0.720761 -0.525736 0.451894 
114.05 82.2691 -130.801 -0.72253 -0.521193 0.454325 
113.086 82.4203 -129.745 -0.720908 -0.525417 0.452031 
113.854 82.219 -130.533 -0.722379 -0.52166 0.454029 
113.039 82.3419 -129.634 -0.72101 -0.52521 0.452108 
113.671 82.1559 -130.275 -0.722272 -0.522024 0.453781 
112.969 82.2655 -129.498 -0.721075 -0.525095 0.452138 
113.502 82.0859 -130.03 -0.722198 -0.522304 0.453576 
112.883 82.1923 -129.343 -0.721111 -0.525053 0.452129 
113.348 82.012 -129.803 -0.722153 -0.52251 0.45341 
112.786 82.1228 -129.178 -0.721123 -0.525072 0.452088 
113.209 81.9365 -129.593 -0.722132 -0.522654 0.453278 
112.68 82.0575 -129.006 -0.721115 -0.525139 0.452023 
113.084 81.8606 -129.4 -0.722131 -0.522745 0.453176 
112.57 81.9968 -128.831 -0.72109 -0.525248 0.451937 
112.973 81.7856 -129.225 -0.722146 -0.522789 0.4531 
112.456 81.9412 -128.655 -0.721048 -0.525394 0.451835 
112.876 81.7109 -129.067 -0.72218 -0.522786 0.45305 
112.339 81.8915 -128.48 -0.720989 -0.525576 0.451717 
112.792 81.6373 -128.927 -0.72223 -0.522739 0.453024 
112.221 81.8477 -128.307 -0.720914 -0.525792 0.451585 
112.723 81.564 -128.805 -0.7223 -0.522641 0.453025 
112.102 81.8113 -128.136 -0.72082 -0.526049 0.451436 
112.669 81.4915 -128.703 -0.72239 -0.522492 0.453053 
111.982 81.7832 -127.968 -0.720704 -0.526348 0.451271 
112.632 81.4193 -128.623 -0.722505 -0.522283 0.453112 
111.86 81.7646 -127.803 -0.720564 -0.526698 0.451087 
112.615 81.3474 -128.568 -0.722647 -0.522003 0.453207 
111.738 81.7573 -127.644 -0.720396 -0.527104 0.450881 
112.621 81.2759 -128.544 -0.722822 -0.521642 0.453344 
111.616 81.7635 -127.49 -0.720195 -0.527575 0.450652 
112.655 81.2052 -128.556 -0.723035 -0.521185 0.45353 
111.495 81.7856 -127.347 -0.719958 -0.528116 0.450396 
112.722 81.1376 -128.613 -0.723288 -0.520624 0.453771 
111.378 81.8266 -127.22 -0.719682 -0.528731 0.450116 
112.828 81.0757 -128.722 -0.723582 -0.519948 0.454077 
111.272 81.8895 -127.117 -0.719371 -0.529411 0.449814 
112.981 81.0244 -128.896 -0.723915 -0.519158 0.45445 
111.186 81.9765 -127.054 -0.719032 -0.530135 0.449503 
113.184 80.9916 -129.144 -0.724275 -0.518271 0.454889 
111.134 82.0881 -127.047 -0.718688 -0.530854 0.449204 
113.442 80.9883 -129.475 -0.724637 -0.517332 0.455381 
111.132 82.2223 -127.12 -0.718373 -0.531495 0.44895 
113.748 81.028 -129.886 -0.72496 -0.516425 0.455896 
111.202 82.3712 -127.297 -0.718138 -0.531948 0.448788 
114.085 81.1236 -130.362 -0.725192 -0.515669 0.456383 
111.36 82.5211 -127.59 -0.718043 -0.532094 0.448769 
114.424 81.2826 -130.864 -0.725275 -0.515208 0.456772 
111.606 82.6551 -127.992 -0.718129 -0.531843 0.448927 
114.723 81.4985 -131.337 -0.725171 -0.515159 0.456991 
111.924 82.7562 -128.471 -0.718403 -0.531185 0.449268 
114.938 81.7479 -131.714 -0.724883 -0.515562 0.456994 
112.274 82.8136 -128.965 -0.718825 -0.530204 0.449753 
115.04 81.9947 -131.944 -0.724455 -0.516355 0.456777 
112.611 82.8253 -129.412 -0.71932 -0.529057 0.450312 
115.022 82.2035 -132.005 -0.72396 -0.517397 0.456384 
112.896 82.7968 -129.763 -0.719815 -0.527905 0.450872 
114.9 82.3516 -131.909 -0.723466 -0.518526 0.455884 
113.108 82.7379 -129.995 -0.72026 -0.526867 0.451376 
114.704 82.4336 -131.694 -0.723025 -0.519612 0.455348 
113.243 82.6588 -130.114 -0.720629 -0.526006 0.451791 
114.467 82.4574 -131.406 -0.722658 -0.520574 0.454832 
113.309 82.5692 -130.137 -0.720918 -0.525337 0.452107 
114.216 82.4377 -131.082 -0.722368 -0.521383 0.454366 
113.321 82.4751 -130.088 -0.721135 -0.524845 0.452333 
113.971 82.3882 -130.753 -0.722149 -0.522034 0.453964 
113.29 82.3812 -129.986 -0.721293 -0.524503 0.452478 
113.74 82.3215 -130.435 -0.721987 -0.522551 0.453628 
113.23 82.2902 -129.85 -0.721402 -0.524283 0.452558 
113.529 82.2452 -130.138 -0.721871 -0.522952 0.45335 
113.149 82.2028 -129.692 -0.721476 -0.524155 0.452589 
113.338 82.1657 -129.862 -0.721787 -0.523266 0.453121 
113.054 82.1189 -129.521 -0.721525 -0.524092 0.452584 
113.165 82.0859 -129.608 -0.721728 -0.523513 0.452931 
112.952 82.0392 -129.345 -0.721554 -0.52408 0.452553 
113.008 82.0076 -129.374 -0.721685 -0.52371 0.452771 
112.845 81.9633 -129.166 -0.721569 -0.524101 0.452503 
112.865 81.9319 -129.157 -0.721654 -0.52387 0.452636 
112.737 81.8905 -128.989 -0.721577 -0.524143 0.452443 
112.733 81.8596 -128.955 -0.72163 -0.524004 0.452517 
112.63 81.8209 -128.816 -0.721579 -0.524197 0.452376 
112.61 81.7901 -128.767 -0.721613 -0.524118 0.452413 
112.524 81.7547 -128.648 -0.721576 -0.524262 0.452306 
112.495 81.7242 -128.59 -0.721599 -0.524218 0.452319 
112.422 81.6911 -128.485 -0.721572 -0.524328 0.452235 
112.388 81.6609 -128.423 -0.721589 -0.524306 0.452234 
112.323 81.6306 -128.329 -0.721566 -0.524397 0.452164 
112.286 81.601 -128.265 -0.721579 -0.524387 0.452155 
112.228 81.5729 -128.179 -0.721559 -0.524466 0.452095 
112.191 81.5439 -128.116 -0.721571 -0.524462 0.452082 
112.136 81.5179 -128.036 -0.721552 -0.524534 0.452028 
112.1 81.4895 -127.975 -0.721564 -0.52453 0.452014 
112.049 81.4654 -127.899 -0.721545 -0.5246 0.451963 
112.014 81.4376 -127.841 -0.721558 -0.524593 0.451951 
111.966 81.4155 -127.769 -0.721537 -0.524664 0.451901 
111.933 81.3882 -127.714 -0.721553 -0.524652 0.451891 
111.886 81.368 -127.644 -0.72153 -0.524726 0.451841 
111.856 81.341 -127.594 -0.721548 -0.524706 0.451835 
111.81 81.3231 -127.526 -0.721521 -0.524788 0.451783 
111.783 81.2963 -127.479 -0.721544 -0.524757 0.451782 
111.737 81.2803 -127.413 -0.721513 -0.524847 0.451727 
111.714 81.2533 -127.371 -0.721542 -0.524802 0.451733 
111.667 81.2396 -127.305 -0.721505 -0.524904 0.451674 
111.648 81.2126 -127.269 -0.72154 -0.524845 0.451688 
111.601 81.2015 -127.203 -0.721495 -0.524963 0.451622 
111.587 81.1733 -127.172 -0.72154 -0.52488 0.451646 
111.537 81.1651 -127.105 -0.721485 -0.52502 0.451572 
111.529 81.1359 -127.08 -0.721541 -0.524912 0.451607 
111.476 81.1312 -127.011 -0.721473 -0.525079 0.451522 
111.475 81.0996 -126.994 -0.721545 -0.524936 0.451573 
111.418 81.0995 -126.921 -0.721459 -0.525141 0.451472 
111.424 81.0649 -126.914 -0.72155 -0.524955 0.451543 
111.361 81.0695 -126.835 -0.721444 -0.525204 0.451423 
111.377 81.0313 -126.838 -0.721558 -0.524965 0.451518 
111.305 81.0422 -126.752 -0.721425 -0.525274 0.451372 
111.334 80.9985 -126.768 -0.721571 -0.524965 0.451498 
111.251 81.0172 -126.671 -0.721402 -0.525351 0.451319 
111.295 80.966 -126.704 -0.72159 -0.52495 0.451485 
111.198 80.9948 -126.592 -0.721373 -0.525438 0.451263 
111.261 80.9339 -126.646 -0.721614 -0.524921 0.45148 
111.144 80.9752 -126.515 -0.721338 -0.52554 0.451202 
111.232 80.9017 -126.594 -0.721647 -0.524872 0.451484 
111.089 80.959 -126.437 -0.721293 -0.52566 0.451133 
111.209 80.8686 -126.55 -0.721691 -0.524798 0.451501 
111.033 80.9466 -126.36 -0.721236 -0.525805 0.451054 
111.193 80.8342 -126.515 -0.721749 -0.52469 0.451533 
110.973 80.9389 -126.28 -0.721163 -0.525985 0.450962 
111.187 80.7976 -126.49 -0.721826 -0.524539 0.451584 
110.909 80.937 -126.197 -0.721069 -0.526209 0.450852 
111.192 80.7579 -126.479 -0.721929 -0.524332 0.451662 
110.838 80.9426 -126.109 -0.720946 -0.526491 0.450718 
111.211 80.7138 -126.485 -0.722063 -0.524051 0.451772 
110.759 80.9578 -126.015 -0.720788 -0.52685 0.450552 
111.25 80.6646 -126.513 -0.722239 -0.523675 0.451927 
110.669 80.9857 -125.913 -0.720581 -0.527309 0.450346 
111.315 80.6082 -126.572 -0.722471 -0.523172 0.452139 
110.567 81.0305 -125.803 -0.720314 -0.527894 0.450089 
111.415 80.5441 -126.672 -0.722773 -0.522505 0.452428 
110.45 81.0981 -125.686 -0.719969 -0.528636 0.449768 
111.563 80.4725 -126.831 -0.723162 -0.521631 0.452815 
110.322 81.1964 -125.569 -0.719529 -0.52957 0.449374 
111.775 80.396 -127.072 -0.723655 -0.5205 0.453329 
110.189 81.3344 -125.466 -0.718985 -0.530708 0.448902 
112.074 80.3228 -127.426 -0.724261 -0.519073 0.453996 
110.07 81.5227 -125.407 -0.71834 -0.532035 0.448364 
112.484 80.2707 -127.934 -0.724966 -0.51735 0.454837 
110.001 81.7685 -125.445 -0.717636 -0.533452 0.447806 
113.023 80.2731 -128.633 -0.725709 -0.515425 0.455837 
110.042 82.0687 -125.66 -0.716986 -0.534722 0.447332 
113.689 80.3809 -129.54 -0.726357 -0.513554 0.456914 
110.274 82.3967 -126.145 -0.71659 -0.535438 0.447111 
114.428 80.6511 -130.609 -0.726703 -0.512197 0.457887 
110.754 82.6997 -126.954 -0.716675 -0.535139 0.447332 
115.123 81.1086 -131.692 -0.726545 -0.511881 0.45849 
111.462 82.9171 -128.023 -0.717336 -0.533628 0.448078 
115.621 81.6949 -132.566 -0.725843 -0.512861 0.458506 
112.267 83.0163 -129.152 -0.718404 -0.531225 0.44922 
115.814 82.2749 -133.038 -0.724779 -0.514886 0.45792 
112.998 83.007 -130.105 -0.71956 -0.528579 0.450488 
115.697 82.7148 -133.058 -0.723646 -0.517351 0.456933 
113.546 82.9212 -130.754 -0.720565 -0.52622 0.451643 
115.359 82.9629 -132.726 -0.722657 -0.519715 0.455813 
113.894 82.7918 -131.106 -0.72134 -0.524357 0.452571 
114.917 83.046 -132.205 -0.721897 -0.521689 0.454762 
114.082 82.6481 -131.236 -0.721901 -0.52299 0.45326 
114.465 83.0235 -131.636 -0.721353 -0.523211 0.453876 
114.162 82.5098 -131.231 -0.722291 -0.522032 0.453741 
114.058 82.9473 -131.105 -0.720982 -0.524326 0.453178 
114.174 82.3874 -131.152 -0.722554 -0.52139 0.454061 
113.717 82.8518 -130.649 -0.720738 -0.525114 0.452653 
114.147 82.284 -131.039 -0.722724 -0.520982 0.454258 
113.443 82.7553 -130.273 -0.720583 -0.525658 0.452268 
114.097 82.1977 -130.911 -0.72283 -0.520741 0.454366 
113.225 82.6657 -129.969 -0.720487 -0.52603 0.451989 
114.034 82.1248 -130.779 -0.722892 -0.520613 0.454414 
113.051 82.586 -129.721 -0.720427 -0.526287 0.451786 
113.963 82.0615 -130.646 -0.722927 -0.520559 0.45442 
112.909 82.5155 -129.515 -0.720388 -0.52647 0.451634 
113.89 82.0043 -130.517 -0.722948 -0.520544 0.454404 
112.789 82.4543 -129.338 -0.720358 -0.526615 0.451513 
113.818 81.9501 -130.393 -0.722966 -0.520543 0.454376 
112.684 82.401 -129.182 -0.720329 -0.526743 0.45141 
113.749 81.8982 -130.277 -0.722985 -0.520542 0.454348 
112.589 82.3551 -129.04 -0.720295 -0.526871 0.451315 
113.687 81.8474 -130.17 -0.723012 -0.520524 0.454326 
112.5 82.3162 -128.907 -0.720253 -0.527009 0.451221 
113.632 81.7975 -130.076 -0.723048 -0.520482 0.454315 
112.415 82.2842 -128.783 -0.7202 -0.527165 0.451123 
113.588 81.7485 -129.995 -0.723098 -0.520409 0.454321 
112.333 82.2592 -128.666 -0.720135 -0.527342 0.45102 
113.555 81.7009 -129.932 -0.723161 -0.5203 0.454345 
112.254 82.2415 -128.557 -0.720058 -0.527542 0.45091 
113.536 81.6554 -129.886 -0.723238 -0.520153 0.454391 
112.179 82.2314 -128.456 -0.719968 -0.527765 0.450792 
113.532 81.6133 -129.862 -0.723328 -0.519968 0.454459 
112.109 82.2295 -128.366 -0.719867 -0.528008 0.450669 
113.544 81.575 -129.86 -0.723432 -0.519744 0.45455 
112.045 82.2362 -128.289 -0.719755 -0.528269 0.450542 
113.573 81.5422 -129.882 -0.723547 -0.519485 0.454663 
111.99 82.2511 -128.228 -0.719638 -0.528537 0.450415 
113.619 81.5167 -129.93 -0.723668 -0.519199 0.454796 
111.947 82.2744 -128.187 -0.719519 -0.528803 0.450292 
113.682 81.5007 -130.004 -0.723791 -0.518897 0.454946 
111.918 82.3054 -128.168 -0.719404 -0.529054 0.450181 
113.761 81.4953 -130.102 -0.72391 -0.51859 0.455106 
111.907 82.3432 -128.176 -0.7193 -0.529276 0.450087 
113.852 81.5027 -130.222 -0.724017 -0.518298 0.455269 
111.915 82.3855 -128.212 -0.719217 -0.529446 0.450019 
113.952 81.5241 -130.358 -0.724102 -0.518043 0.455424 
111.945 82.4298 -128.278 -0.719163 -0.529549 0.449985 
114.053 81.5599 -130.504 -0.724157 -0.517847 0.45556 
111.997 82.4733 -128.371 -0.719144 -0.52957 0.449989 
114.15 81.6089 -130.649 -0.724174 -0.51773 0.455665 
112.068 82.5127 -128.487 -0.719166 -0.529502 0.450035 
114.235 81.6685 -130.782 -0.724151 -0.517707 0.455728 
112.155 82.5449 -128.619 -0.719227 -0.529345 0.450122 
114.301 81.7343 -130.893 -0.724088 -0.517783 0.455742 
112.25 82.5672 -128.756 -0.719324 -0.529109 0.450244 
114.341 81.8012 -130.973 -0.723989 -0.517952 0.455707 
112.347 82.5787 -128.889 -0.719446 -0.528817 0.450391 
114.354 81.8633 -131.015 -0.723865 -0.518198 0.455624 
112.438 82.5788 -129.006 -0.719585 -0.528492 0.450552 
114.338 81.9163 -131.018 -0.723723 -0.518503 0.455503 
112.517 82.5677 -129.101 -0.71973 -0.528157 0.450714 
114.297 81.9559 -130.982 -0.723579 -0.518836 0.455353 
112.578 82.5474 -129.167 -0.719868 -0.527839 0.450865 
114.235 81.9811 -130.913 -0.723438 -0.519178 0.455187 
112.62 82.5191 -129.203 -0.719994 -0.527553 0.450998 
114.157 81.9911 -130.818 -0.723311 -0.519505 0.455016 
112.642 82.4854 -129.209 -0.720101 -0.527315 0.451106 
114.069 81.9867 -130.704 -0.723202 -0.519801 0.45485 
112.644 82.448 -129.188 -0.720186 -0.52713 0.451186 
113.976 81.9701 -130.579 -0.723114 -0.520057 0.454697 
112.627 82.4088 -129.142 -0.720249 -0.527001 0.451237 
113.882 81.9434 -130.449 -0.723049 -0.520265 0.454562 
112.595 82.3691 -129.077 -0.720289 -0.526927 0.45126 
113.793 81.9085 -130.321 -0.723007 -0.520423 0.454449 
112.55 82.331 -128.995 -0.720306 -0.526907 0.451255 
113.71 81.8677 -130.198 -0.722987 -0.520528 0.45436 
112.494 82.2954 -128.902 -0.720302 -0.526939 0.451225 
113.636 81.8226 -130.084 -0.722989 -0.520581 0.454296 
112.43 82.2634 -128.8 -0.720277 -0.527018 0.451173 
113.573 81.7748 -129.983 -0.723013 -0.520581 0.454259 
112.359 82.2361 -128.694 -0.720233 -0.52714 0.4511 
113.523 81.7257 -129.898 -0.723056 -0.52053 0.454249 
112.285 82.2143 -128.586 -0.72017 -0.527304 0.451009 
113.487 81.6766 -129.83 -0.723119 -0.520428 0.454265 
112.209 82.1995 -128.48 -0.720089 -0.527506 0.450902 
113.467 81.6287 -129.783 -0.7232 -0.520276 0.45431 
112.133 82.1918 -128.379 -0.719992 -0.527741 0.450782 
113.463 81.5836 -129.758 -0.723299 -0.520076 0.454382 
112.061 82.1922 -128.286 -0.71988 -0.528005 0.450651 
113.477 81.5421 -129.759 -0.723414 -0.519828 0.454482 
111.993 82.2019 -128.205 -0.719755 -0.528293 0.450513 
113.511 81.5062 -129.787 -0.723543 -0.519537 0.454609 
111.934 82.2206 -128.14 -0.719623 -0.528594 0.450372 
113.565 81.478 -129.843 -0.723682 -0.519211 0.454761 
111.887 82.2486 -128.096 -0.719486 -0.528896 0.450235 
113.638 81.4601 -129.929 -0.723823 -0.518864 0.454932 
111.856 82.2854 -128.077 -0.719354 -0.529184 0.450108 
113.729 81.4543 -130.044 -0.723961 -0.518509 0.455117 
111.844 82.3302 -128.088 -0.719233 -0.529439 0.450001 
113.836 81.4632 -130.184 -0.724085 -0.51817 0.455307 
111.855 82.38 -128.132 -0.719137 -0.529636 0.449923 
113.952 81.4886 -130.344 -0.724184 -0.517873 0.455488 
111.892 82.4323 -128.211 -0.719075 -0.529753 0.449884 
114.071 81.5314 -130.515 -0.724245 -0.517647 0.455646 
111.954 82.4833 -128.322 -0.719055 -0.529773 0.449892 
114.185 81.5895 -130.685 -0.724265 -0.517514 0.455767 
112.039 82.5291 -128.461 -0.719084 -0.529684 0.44995 
114.284 81.6607 -130.841 -0.724233 -0.517496 0.455837 
112.142 82.5661 -128.617 -0.719161 -0.52949 0.450057 
114.359 81.7391 -130.97 -0.724154 -0.517597 0.455849 
112.256 82.5912 -128.779 -0.719279 -0.529204 0.450205 
114.403 81.8182 -131.059 -0.724032 -0.51781 0.4558 
112.37 82.6028 -128.935 -0.719429 -0.52885 0.450381 
114.414 81.8907 -131.103 -0.723881 -0.518112 0.455696 
112.476 82.601 -129.07 -0.719594 -0.528463 0.450571 
114.391 81.9513 -131.1 -0.723714 -0.518477 0.455547 
112.565 82.5863 -129.176 -0.719763 -0.528072 0.45076 
114.339 81.9956 -131.051 -0.723543 -0.518873 0.455367 
112.634 82.5612 -129.249 -0.719922 -0.527706 0.450935 
114.263 82.0216 -130.966 -0.723382 -0.519268 0.455172 
112.679 82.5273 -129.285 -0.720065 -0.527382 0.451085 
114.17 82.0302 -130.851 -0.723238 -0.519643 0.454974 
112.7 82.4877 -129.286 -0.720184 -0.527118 0.451205 
114.066 82.0222 -130.717 -0.723118 -0.519975 0.454785 
112.699 82.4445 -129.257 -0.720277 -0.526916 0.451291 
113.959 82.0009 -130.572 -0.723022 -0.52026 0.454612 
112.677 82.3993 -129.201 -0.720345 -0.526778 0.451345 
113.853 81.9686 -130.423 -0.722952 -0.520489 0.454462 
112.639 82.3546 -129.124 -0.720386 -0.526703 0.451366 
113.752 81.9279 -130.278 -0.722907 -0.52066 0.454337 
112.586 82.3115 -129.029 -0.720403 -0.526687 0.451357 
113.66 81.8811 -130.139 -0.722887 -0.520773 0.454239 
112.521 82.2713 -128.923 -0.720397 -0.526726 0.451322 
113.577 81.8302 -130.012 -0.72289 -0.52083 0.454169 
112.449 82.2351 -128.808 -0.720369 -0.526815 0.451262 
113.507 81.7768 -129.899 -0.722916 -0.520831 0.454128 
112.37 82.204 -128.689 -0.720321 -0.526951 0.451181 
113.45 81.7221 -129.803 -0.722963 -0.520776 0.454115 
112.287 82.179 -128.568 -0.720253 -0.52713 0.45108 
113.408 81.6674 -129.726 -0.723031 -0.520667 0.454131 
112.201 82.1613 -128.449 -0.720164 -0.527352 0.450962 
113.384 81.6138 -129.67 -0.723119 -0.520504 0.454178 
112.116 82.1514 -128.335 -0.720058 -0.52761 0.450829 
113.377 81.5629 -129.639 -0.723227 -0.520287 0.454254 
112.034 82.1505 -128.229 -0.719935 -0.527903 0.450683 
113.39 81.5155 -129.636 -0.723355 -0.520015 0.454363 
111.957 82.1598 -128.135 -0.719796 -0.528225 0.450528 
113.425 81.4736 -129.662 -0.723499 -0.519693 0.454501 
111.888 82.1793 -128.057 -0.719646 -0.528567 0.450367 
113.482 81.4398 -129.72 -0.723655 -0.519329 0.454669 
111.83 82.2101 -128.002 -0.719487 -0.528918 0.450208 
113.562 81.416 -129.812 -0.72382 -0.51893 0.454863 
111.79 82.2511 -127.973 -0.719331 -0.529258 0.450057 
113.663 81.4059 -129.938 -0.723982 -0.518517 0.455075 
111.771 82.3015 -127.978 -0.719186 -0.529566 0.449927 
113.784 81.4119 -130.096 -0.724132 -0.518112 0.455297 
111.778 82.3595 -128.021 -0.719064 -0.529817 0.449826 
113.919 81.4371 -130.28 -0.724257 -0.517747 0.455514 
111.814 82.421 -128.105 -0.718981 -0.529978 0.44977 
114.06 81.483 -130.48 -0.724341 -0.517458 0.455708 
111.882 82.482 -128.23 -0.718948 -0.530024 0.449769 
114.197 81.5489 -130.683 -0.724373 -0.517279 0.455861 
111.979 82.5376 -128.389 -0.718973 -0.529941 0.449827 
114.318 81.6315 -130.873 -0.724345 -0.517235 0.455955 
112.099 82.583 -128.573 -0.719057 -0.529726 0.449946 
114.412 81.7244 -131.031 -0.724257 -0.517338 0.455979 
112.233 82.6143 -128.767 -0.719194 -0.529394 0.450117 
114.469 81.8195 -131.144 -0.724116 -0.517578 0.455929 
112.37 82.6298 -128.953 -0.719369 -0.52898 0.450324 
114.486 81.9073 -131.202 -0.723939 -0.51793 0.455812 
112.497 82.6286 -129.116 -0.719566 -0.52852 0.45055 
114.463 81.9808 -131.203 -0.72374 -0.51836 0.455638 
112.605 82.6127 -129.245 -0.719765 -0.528058 0.450774 
114.403 82.0343 -131.149 -0.72354 -0.518825 0.455427 
112.687 82.5837 -129.333 -0.719954 -0.527623 0.450981 
114.315 82.0663 -131.05 -0.72335 -0.519291 0.455198 
112.741 82.5451 -129.377 -0.72012 -0.527245 0.451158 
114.207 82.0766 -130.918 -0.723182 -0.519727 0.454967 
112.767 82.4995 -129.381 -0.720259 -0.526934 0.451299 
114.087 82.0682 -130.763 -0.723041 -0.520116 0.454747 
112.767 82.45 -129.349 -0.720367 -0.526698 0.451401 
113.964 82.0437 -130.596 -0.72293 -0.520443 0.454547 
112.744 82.3988 -129.287 -0.720446 -0.526537 0.451465 
113.842 82.0072 -130.426 -0.722849 -0.520709 0.454374 
112.701 82.3477 -129.2 -0.720495 -0.526446 0.451492 
113.727 81.9616 -130.26 -0.722795 -0.52091 0.454229 
112.643 82.2981 -129.096 -0.720519 -0.526418 0.451486 
113.62 81.9095 -130.102 -0.722768 -0.521047 0.454114 
112.572 82.2517 -128.977 -0.720517 -0.52645 0.451451 
113.525 81.8531 -129.956 -0.722766 -0.521124 0.45403 
112.492 82.2095 -128.85 -0.720493 -0.526537 0.45139 
113.443 81.794 -129.825 -0.722787 -0.521141 0.453975 
112.405 82.1728 -128.717 -0.720445 -0.526674 0.451305 
113.375 81.7336 -129.712 -0.722831 -0.521101 0.453951 
112.314 82.142 -128.582 -0.720378 -0.526857 0.4512 
113.322 81.6729 -129.618 -0.722898 -0.521003 0.453958 
112.219 82.1183 -128.448 -0.720289 -0.527084 0.451076 
113.287 81.6133 -129.547 -0.722986 -0.520849 0.453995 
112.124 82.103 -128.318 -0.720181 -0.527353 0.450934 
113.27 81.5552 -129.5 -0.723097 -0.520633 0.454066 
112.03 82.0974 -128.194 -0.720051 -0.527664 0.450777 
113.275 81.5004 -129.481 -0.723229 -0.520359 0.45417 
111.94 82.102 -128.082 -0.719904 -0.528011 0.450607 
113.302 81.4498 -129.494 -0.723383 -0.520022 0.45431 
111.856 82.1186 -127.984 -0.719738 -0.528391 0.450427 
113.353 81.4063 -129.541 -0.723555 -0.519631 0.454484 
111.783 82.1473 -127.906 -0.71956 -0.52879 0.450243 
113.431 81.3718 -129.626 -0.723742 -0.519188 0.454692 
111.725 82.189 -127.855 -0.719374 -0.529197 0.450061 
113.536 81.3501 -129.751 -0.723936 -0.51871 0.454929 
111.688 82.2426 -127.839 -0.719193 -0.529585 0.449893 
113.666 81.3456 -129.915 -0.724123 -0.518223 0.455185 
111.678 82.3071 -127.863 -0.71903 -0.529927 0.449752 
113.817 81.3616 -130.117 -0.724292 -0.517757 0.455448 
111.701 82.3785 -127.935 -0.718902 -0.530183 0.449654 
113.982 81.4018 -130.346 -0.724422 -0.517355 0.455698 
111.762 82.4526 -128.058 -0.718828 -0.530317 0.449615 
114.15 81.4677 -130.589 -0.724496 -0.517064 0.45591 
111.86 82.5232 -128.228 -0.718821 -0.5303 0.449647 
114.307 81.5573 -130.828 -0.724499 -0.516925 0.456063 
111.992 82.5842 -128.436 -0.718888 -0.530117 0.449754 
114.438 81.6646 -131.04 -0.724427 -0.516963 0.456135 
112.147 82.6301 -128.666 -0.719026 -0.529779 0.449932 
114.528 81.78 -131.204 -0.724283 -0.517181 0.456115 
112.312 82.6568 -128.897 -0.719222 -0.529315 0.450166 
114.571 81.8915 -131.304 -0.724085 -0.517553 0.456007 
112.471 82.6637 -129.108 -0.71945 -0.528778 0.450431 
114.562 81.9888 -131.333 -0.723853 -0.51804 0.455823 
112.611 82.6513 -129.281 -0.719691 -0.528219 0.450703 
114.507 82.0631 -131.294 -0.723612 -0.518585 0.455586 
112.722 82.6229 -129.405 -0.719921 -0.527686 0.450959 
114.414 82.1111 -131.195 -0.72338 -0.519144 0.455318 
112.8 82.5814 -129.478 -0.720128 -0.527211 0.451184 
114.294 82.1321 -131.052 -0.723172 -0.519673 0.455044 
112.842 82.5312 -129.5 -0.720302 -0.526818 0.451366 
114.158 82.1295 -130.878 -0.722996 -0.520149 0.45478 
112.853 82.4752 -129.477 -0.720441 -0.52651 0.451503 
114.016 82.1069 -130.689 -0.722855 -0.520555 0.454539 
112.836 82.4168 -129.418 -0.720544 -0.526292 0.451593 
113.874 82.0695 -130.493 -0.722749 -0.520888 0.454327 
112.796 82.3578 -129.33 -0.720615 -0.526154 0.451641 
113.738 82.021 -130.301 -0.722674 -0.521148 0.454148 
112.737 82.3004 -129.219 -0.720654 -0.526091 0.451651 
113.612 81.965 -130.116 -0.722629 -0.521337 0.454002 
112.664 82.2458 -129.092 -0.720667 -0.526094 0.451627 
113.498 81.9038 -129.944 -0.722612 -0.52146 0.453889 
112.579 82.195 -128.954 -0.720655 -0.526155 0.451575 
113.397 81.8396 -129.788 -0.722619 -0.521521 0.453808 
112.487 82.149 -128.808 -0.720621 -0.52627 0.451497 
113.31 81.7738 -129.648 -0.722649 -0.521522 0.453758 
112.388 82.1092 -128.659 -0.720564 -0.526434 0.451396 
113.239 81.7072 -129.527 -0.722702 -0.521465 0.45374 
112.285 82.0757 -128.509 -0.720486 -0.526644 0.451275 
113.184 81.6408 -129.428 -0.722778 -0.521348 0.453752 
112.181 82.05 -128.361 -0.720387 -0.526899 0.451135 
113.147 81.5756 -129.351 -0.722876 -0.521173 0.453798 
112.075 82.0336 -128.217 -0.720266 -0.527201 0.450977 
113.13 81.5117 -129.302 -0.723 -0.520931 0.453878 
111.971 82.0273 -128.08 -0.720122 -0.527546 0.450802 
113.135 81.4509 -129.281 -0.723148 -0.520624 0.453995 
111.869 82.0329 -127.954 -0.719955 -0.527937 0.450611 
113.166 81.3943 -129.295 -0.723321 -0.520247 0.454151 
111.775 82.0514 -127.843 -0.719768 -0.528367 0.450407 
113.224 81.3438 -129.348 -0.723519 -0.5198 0.454349 
111.69 82.0845 -127.753 -0.719561 -0.528829 0.450195 
113.312 81.303 -129.443 -0.723735 -0.51929 0.454586 
111.621 82.1327 -127.691 -0.719343 -0.529307 0.449982 
113.432 81.2754 -129.585 -0.723964 -0.518729 0.454862 
111.574 82.1956 -127.667 -0.719125 -0.529773 0.449781 
113.583 81.2668 -129.776 -0.724191 -0.518146 0.455165 
111.558 82.2721 -127.69 -0.718924 -0.530194 0.449607 
113.762 81.2821 -130.012 -0.724399 -0.517577 0.455481 
111.581 82.3582 -127.77 -0.718762 -0.530519 0.449482 
113.961 81.3268 -130.287 -0.724564 -0.517077 0.455787 
111.65 82.4483 -127.913 -0.718664 -0.530698 0.449427 
114.165 81.4042 -130.582 -0.72466 -0.51671 0.456051 
111.767 82.5348 -128.117 -0.71865 -0.530689 0.449459 
114.358 81.5123 -130.875 -0.724668 -0.516529 0.456242 
111.927 82.6095 -128.371 -0.718732 -0.530469 0.449588 
114.52 81.6438 -131.136 -0.724581 -0.516572 0.456333 
112.118 82.665 -128.654 -0.718905 -0.530049 0.449808 
114.631 81.7867 -131.337 -0.724401 -0.516846 0.456308 
112.321 82.6963 -128.937 -0.719149 -0.529472 0.450096 
114.68 81.9243 -131.457 -0.724153 -0.517314 0.45617 
112.516 82.703 -129.194 -0.719433 -0.528809 0.450423 
114.666 82.0426 -131.487 -0.723866 -0.51792 0.455939 
112.684 82.6861 -129.4 -0.719727 -0.528126 0.450755 
114.594 82.1306 -131.432 -0.723572 -0.518589 0.455644 
112.815 82.6499 -129.545 -0.720003 -0.527487 0.451062 
114.478 82.1847 -131.306 -0.723295 -0.519261 0.455319 
112.903 82.5997 -129.625 -0.720244 -0.526931 0.451326 
114.331 82.2056 -131.129 -0.723053 -0.519885 0.454991 
112.949 82.5395 -129.645 -0.720444 -0.526477 0.451537 
114.168 82.1982 -130.92 -0.722852 -0.520435 0.454682 
112.958 82.4741 -129.613 -0.7206 -0.526132 0.451691 
114.001 82.169 -130.696 -0.722693 -0.520899 0.454403 
112.936 82.4063 -129.541 -0.720715 -0.525887 0.451792 
113.837 82.1236 -130.47 -0.722574 -0.521275 0.454161 
112.888 82.3389 -129.437 -0.720793 -0.525736 0.451844 
113.682 82.0668 -130.25 -0.722492 -0.521565 0.453959 
112.821 82.2734 -129.31 -0.720838 -0.525664 0.451855 
113.539 82.0032 -130.04 -0.72244 -0.521781 0.453793 
112.738 82.2109 -129.167 -0.720856 -0.525661 0.45183 
113.409 81.9352 -129.846 -0.722416 -0.521928 0.453663 
112.645 82.1524 -129.014 -0.720849 -0.525717 0.451776 
113.293 81.8649 -129.667 -0.722416 -0.522013 0.453566 
112.544 82.0986 -128.854 -0.72082 -0.525824 0.451697 
113.192 81.7934 -129.507 -0.722438 -0.522039 0.4535 
112.437 82.0504 -128.69 -0.720771 -0.525978 0.451597 
113.106 81.7218 -129.365 -0.722481 -0.522011 0.453463 
112.327 82.0085 -128.526 -0.720702 -0.526177 0.451476 
113.035 81.6501 -129.243 -0.722547 -0.521925 0.453457 
112.213 81.9742 -128.362 -0.72061 -0.526422 0.451336 
112.982 81.5793 -129.143 -0.722635 -0.521782 0.453481 
112.098 81.948 -128.202 -0.720498 -0.526711 0.451178 
112.947 81.509 -129.067 -0.722748 -0.521575 0.45354 
111.983 81.9318 -128.046 -0.720361 -0.527049 0.451001 
112.933 81.4403 -129.018 -0.722887 -0.5213 0.453635 
111.868 81.927 -127.897 -0.720199 -0.527439 0.450805 
112.943 81.3739 -129.001 -0.723055 -0.520949 0.45377 
111.756 81.9348 -127.758 -0.72001 -0.52788 0.45059 
112.981 81.3106 -129.021 -0.723254 -0.520515 0.453951 
111.649 81.958 -127.633 -0.719792 -0.528375 0.450357 
113.049 81.2534 -129.084 -0.723483 -0.519998 0.454179 
111.552 81.998 -127.531 -0.71955 -0.528916 0.450111 
113.153 81.2054 -129.197 -0.723739 -0.519397 0.454458 
111.471 82.0562 -127.458 -0.719288 -0.529486 0.449859 
113.296 81.1717 -129.365 -0.724015 -0.518726 0.454785 
111.414 82.1329 -127.428 -0.719022 -0.530054 0.449615 
113.478 81.1584 -129.594 -0.724296 -0.51801 0.455153 
111.392 82.2272 -127.453 -0.718769 -0.530579 0.449399 
113.697 81.1745 -129.882 -0.724556 -0.517303 0.455543 
111.419 82.3344 -127.549 -0.718563 -0.530993 0.449241 
113.943 81.2273 -130.222 -0.724767 -0.516671 0.455925 
111.503 82.4477 -127.725 -0.718436 -0.531226 0.449168 
114.199 81.3227 -130.592 -0.72489 -0.516203 0.456259 
111.651 82.556 -127.982 -0.718421 -0.53121 0.449211 
114.442 81.4599 -130.96 -0.724896 -0.515983 0.456498 
111.856 82.6483 -128.306 -0.718535 -0.530913 0.449381 
114.642 81.6294 -131.287 -0.724772 -0.516065 0.456603 
112.101 82.7143 -128.666 -0.71877 -0.530349 0.44967 
114.775 81.8126 -131.532 -0.724529 -0.516449 0.456554 
112.358 82.749 -129.024 -0.719092 -0.529593 0.450046 
114.827 81.9863 -131.669 -0.724201 -0.517081 0.456359 
112.6 82.7512 -129.339 -0.719459 -0.528739 0.450463 
114.795 82.1303 -131.687 -0.723834 -0.517869 0.456048 
112.803 82.7249 -129.584 -0.719825 -0.527889 0.450876 
114.692 82.232 -131.597 -0.723469 -0.518714 0.455667 
112.954 82.6765 -129.746 -0.720156 -0.527119 0.451247 
114.537 82.2887 -131.424 -0.723136 -0.519534 0.45526 
113.05 82.6123 -129.826 -0.720438 -0.526468 0.451557 
114.351 82.304 -131.196 -0.722855 -0.520273 0.454863 
113.095 82.5388 -129.835 -0.720664 -0.525954 0.451796 
114.152 82.2866 -130.938 -0.722628 -0.520905 0.454499 
113.097 82.461 -129.786 -0.720835 -0.525574 0.451965 
113.954 82.2457 -130.67 -0.722453 -0.521427 0.454178 
113.065 82.3819 -129.693 -0.72096 -0.52531 0.452073 
113.764 82.1885 -130.407 -0.722325 -0.521842 0.453906 
113.006 82.3045 -129.569 -0.721043 -0.525149 0.452126 
113.587 82.1219 -130.155 -0.722235 -0.522164 0.453679 
112.928 82.2296 -129.423 -0.721094 -0.525071 0.452136 
113.426 82.0498 -129.919 -0.722175 -0.522407 0.453494 
112.836 82.1582 -129.263 -0.721118 -0.52506 0.452111 
113.279 81.9749 -129.7 -0.722142 -0.522582 0.453345 
112.734 82.0907 -129.094 -0.72112 -0.525104 0.452057 
113.147 81.8992 -129.498 -0.722131 -0.5227 0.453228 
112.626 82.0277 -128.921 -0.721103 -0.525192 0.451982 
113.029 81.8236 -129.314 -0.722138 -0.522766 0.453139 
112.514 81.9695 -128.745 -0.721069 -0.525319 0.451888 
112.925 81.7489 -129.148 -0.722162 -0.522788 0.453076 
112.399 81.9169 -128.57 -0.721019 -0.525483 0.451778 
112.835 81.6746 -128.998 -0.722205 -0.522763 0.453038 
112.282 81.8698 -128.396 -0.720953 -0.525681 0.451653 
112.758 81.6014 -128.867 -0.722264 -0.522692 0.453025 
112.163 81.8298 -128.223 -0.720868 -0.525917 0.451513 
112.696 81.5284 -128.755 -0.722344 -0.522569 0.453039 
112.044 81.797 -128.054 -0.720765 -0.526192 0.451357 
112.65 81.4561 -128.663 -0.722446 -0.522392 0.453081 
111.923 81.7734 -127.888 -0.720638 -0.526515 0.451183 
112.623 81.3841 -128.595 -0.722573 -0.522149 0.453157 
111.801 81.7602 -127.725 -0.720484 -0.526891 0.450989 
112.617 81.3124 -128.555 -0.722731 -0.521831 0.453272 
111.679 81.7593 -127.569 -0.720301 -0.527328 0.450772 
112.636 81.2414 -128.548 -0.722923 -0.521426 0.453432 
111.557 81.7729 -127.42 -0.720082 -0.527833 0.45053 
112.685 81.1723 -128.581 -0.723155 -0.52092 0.453644 
111.438 81.804 -127.284 -0.719827 -0.52841 0.450262 
112.771 81.1071 -128.662 -0.723428 -0.520304 0.453916 
111.326 81.8553 -127.168 -0.719533 -0.529057 0.449971 
112.899 81.0498 -128.802 -0.723741 -0.519572 0.454254 
111.228 81.9297 -127.083 -0.719207 -0.529761 0.449663 
113.076 81.0066 -129.011 -0.724089 -0.518732 0.454659 
111.157 82.0289 -127.044 -0.718863 -0.53049 0.449355 
113.305 80.9869 -129.299 -0.724453 -0.517814 0.455126 
111.127 82.152 -127.074 -0.718528 -0.531181 0.449074 
113.587 81.0027 -129.669 -0.724802 -0.516879 0.455634 
111.159 82.2941 -127.196 -0.718248 -0.53174 0.44886 
113.911 81.0687 -130.114 -0.725086 -0.516032 0.456141 
111.27 82.4452 -127.428 -0.718075 -0.532056 0.448763 
114.253 81.195 -130.607 -0.72525 -0.515406 0.456588 
111.472 82.5892 -127.777 -0.718066 -0.532014 0.448828 
114.577 81.3833 -131.102 -0.725244 -0.515138 0.4569 
111.756 82.7085 -128.222 -0.718246 -0.531559 0.449078 
114.838 81.6189 -131.534 -0.725047 -0.515313 0.457016 
112.095 82.7885 -128.715 -0.718599 -0.530728 0.449495 
115 81.8708 -131.843 -0.724684 -0.515918 0.456909 
112.443 82.8234 -129.192 -0.719064 -0.529649 0.450024 
115.042 82.1024 -131.99 -0.724214 -0.516852 0.456598 
112.757 82.8144 -129.595 -0.719566 -0.528485 0.450591 
114.97 82.2826 -131.97 -0.723713 -0.517953 0.456145 
113.007 82.7699 -129.887 -0.72004 -0.52738 0.451127 
114.808 82.3977 -131.811 -0.723242 -0.519071 0.45562 
113.18 82.7 -130.062 -0.720448 -0.526427 0.451588 
114.589 82.4496 -131.556 -0.722836 -0.5201 0.45509 
113.28 82.6148 -130.131 -0.720777 -0.525662 0.451955 
114.343 82.4501 -131.246 -0.722509 -0.520986 0.454597 
113.318 82.5223 -130.116 -0.72103 -0.525083 0.452225 
114.093 82.4141 -130.918 -0.722256 -0.521714 0.454163 
113.307 82.4281 -130.039 -0.721216 -0.524668 0.452409 
113.855 82.3552 -130.594 -0.722067 -0.522296 0.453795 
113.26 82.3357 -129.919 -0.721348 -0.524391 0.45252 
113.634 82.2829 -130.286 -0.72193 -0.522752 0.453489 
113.189 82.2466 -129.771 -0.721438 -0.52422 0.452575 
113.433 82.2048 -129.999 -0.72183 -0.523108 0.453236 
113.101 82.1609 -129.606 -0.721499 -0.524126 0.452586 
113.252 82.1249 -129.735 -0.721759 -0.523386 0.453027 
113.002 82.0793 -129.432 -0.721537 -0.524091 0.452567 
113.087 82.0457 -129.491 -0.721709 -0.523606 0.452854 
112.897 82.0015 -129.254 -0.721558 -0.524097 0.452526 
112.937 81.9687 -129.266 -0.721673 -0.523782 0.452707 
112.789 81.9275 -129.076 -0.721569 -0.524131 0.45247 
112.8 81.8944 -129.057 -0.721647 -0.523927 0.452581 
112.681 81.8564 -128.9 -0.721573 -0.524181 0.452406 
112.673 81.8236 -128.863 -0.721627 -0.52405 0.452471 
112.575 81.7885 -128.729 -0.721572 -0.524241 0.452336 
112.554 81.7556 -128.68 -0.721612 -0.524154 0.452373 
112.471 81.7239 -128.564 -0.721568 -0.524309 0.452265 
112.444 81.6911 -128.509 -0.7216 -0.524247 0.452284 
112.37 81.6622 -128.404 -0.721562 -0.52438 0.452193 
112.34 81.6295 -128.347 -0.721591 -0.52433 0.452203 
112.272 81.6034 -128.25 -0.721554 -0.524452 0.452121 
112.242 81.5704 -128.194 -0.721584 -0.524403 0.452129 
112.178 81.547 -128.104 -0.721547 -0.524521 0.452052 
112.149 81.5144 -128.05 -0.721578 -0.524471 0.45206 
112.088 81.4936 -127.963 -0.721538 -0.524592 0.451985 
112.062 81.4609 -127.913 -0.721574 -0.524533 0.451996 
112.002 81.4428 -127.829 -0.721528 -0.524662 0.451919 
111.979 81.4101 -127.783 -0.72157 -0.52459 0.451936 
111.92 81.395 -127.7 -0.721517 -0.524733 0.451855 
111.901 81.3612 -127.661 -0.721568 -0.524639 0.451881 
111.84 81.3494 -127.578 -0.721506 -0.524801 0.451793 
111.827 81.3144 -127.545 -0.721568 -0.524683 0.451831 
111.765 81.3062 -127.461 -0.721493 -0.52487 0.451732 
111.758 81.2695 -127.435 -0.72157 -0.524719 0.451785 
111.692 81.2659 -127.349 -0.721479 -0.524942 0.451672 
111.693 81.2266 -127.332 -0.721573 -0.524751 0.451744 
111.621 81.2277 -127.241 -0.721463 -0.525014 0.451613 
111.632 81.1849 -127.236 -0.721581 -0.524772 0.451708 
111.553 81.1923 -127.138 -0.721444 -0.525092 0.451553 
111.576 81.1449 -127.145 -0.72159 -0.524785 0.451677 
111.487 81.1593 -127.038 -0.721423 -0.525173 0.451493 
111.524 81.1055 -127.061 -0.721606 -0.524784 0.451653 
111.423 81.1293 -126.942 -0.721396 -0.525264 0.45143 
111.478 81.0672 -126.984 -0.721626 -0.524771 0.451636 
111.359 81.102 -126.848 -0.721364 -0.525365 0.451364 
111.436 81.0292 -126.913 -0.721653 -0.52474 0.451628 
111.295 81.0783 -126.755 -0.721323 -0.525483 0.451292 
111.401 80.9911 -126.851 -0.72169 -0.524687 0.451631 
111.231 81.0584 -126.664 -0.721272 -0.525621 0.451212 
111.372 80.952 -126.797 -0.72174 -0.524604 0.451648 
111.164 81.0428 -126.572 -0.721208 -0.525787 0.451121 
111.352 80.9119 -126.753 -0.721805 -0.524486 0.451682 
111.095 81.0325 -126.478 -0.721127 -0.525989 0.451016 
111.342 80.8697 -126.722 -0.72189 -0.524321 0.451737 
111.021 81.0286 -126.382 -0.721022 -0.526238 0.450892 
111.345 80.8244 -126.705 -0.722001 -0.524096 0.45182 
110.941 81.033 -126.281 -0.720889 -0.526549 0.450743 
111.364 80.775 -126.707 -0.722147 -0.523792 0.451939 
110.852 81.0479 -126.175 -0.720716 -0.52694 0.450561 
111.404 80.7202 -126.735 -0.722338 -0.523386 0.452105 
110.754 81.0765 -126.062 -0.720495 -0.527434 0.450338 
111.472 80.6591 -126.796 -0.722585 -0.522848 0.452332 
110.643 81.1234 -125.943 -0.72021 -0.528057 0.450063 
111.578 80.5912 -126.902 -0.722904 -0.522142 0.452639 
110.521 81.1944 -125.821 -0.719848 -0.528838 0.449725 
111.735 80.5174 -127.072 -0.723309 -0.521224 0.453048 
110.39 81.2974 -125.704 -0.719395 -0.5298 0.449318 
111.96 80.442 -127.33 -0.723816 -0.520053 0.453585 
110.261 81.4413 -125.609 -0.718843 -0.530953 0.448841 
112.274 80.3749 -127.707 -0.724425 -0.518603 0.454272 
110.155 81.635 -125.572 -0.718207 -0.532256 0.448314 
112.698 80.3369 -128.239 -0.725112 -0.516896 0.45512 
110.113 81.8832 -125.647 -0.717543 -0.533586 0.447795 
113.245 80.3632 -128.959 -0.725805 -0.515057 0.4561 
110.195 82.1767 -125.914 -0.716979 -0.534678 0.447397 
113.9 80.5036 -129.866 -0.726356 -0.513382 0.45711 
110.473 82.4851 -126.451 -0.716708 -0.535135 0.447285 
114.598 80.8051 -130.892 -0.726572 -0.512319 0.457958 
110.984 82.7556 -127.284 -0.71692 -0.534575 0.447614 
115.219 81.2714 -131.882 -0.7263 -0.512307 0.458403 
111.683 82.9369 -128.32 -0.717643 -0.53293 0.448417 
115.627 81.831 -132.628 -0.725547 -0.513479 0.458284 
112.435 83.0077 -129.359 -0.718681 -0.530583 0.449535 
115.743 82.3535 -132.978 -0.724516 -0.515509 0.457635 
113.092 82.982 -130.202 -0.719751 -0.528123 0.45072 
115.582 82.7308 -132.919 -0.723467 -0.517839 0.456664 
113.571 82.8902 -130.756 -0.720661 -0.525976 0.451774 
115.236 82.932 -132.56 -0.722571 -0.520015 0.455608 
113.869 82.7617 -131.044 -0.721361 -0.524295 0.452611 
114.808 82.9897 -132.048 -0.721885 -0.521819 0.454632 
114.025 82.6225 -131.137 -0.721867 -0.523063 0.453228 
114.38 82.9569 -131.504 -0.721393 -0.523209 0.453815 
114.085 82.4889 -131.111 -0.722221 -0.522202 0.453657 
113.995 82.8788 -130.998 -0.721055 -0.524233 0.45317 
114.084 82.3696 -131.02 -0.722462 -0.521625 0.453939 
113.671 82.7847 -130.562 -0.720829 -0.524967 0.45268 
114.047 82.2666 -130.897 -0.72262 -0.521255 0.454111 
113.406 82.6902 -130.197 -0.720681 -0.525486 0.452314 
113.99 82.1783 -130.761 -0.722723 -0.521031 0.454205 
113.191 82.6025 -129.896 -0.720583 -0.525855 0.452041 
113.921 82.1016 -130.621 -0.722787 -0.520905 0.454246 
113.015 82.5244 -129.644 -0.720515 -0.526125 0.451834 
113.848 82.0328 -130.484 -0.722832 -0.520835 0.454255 
112.868 82.4557 -129.43 -0.720463 -0.526336 0.451671 
113.774 81.9697 -130.352 -0.722866 -0.520796 0.454246 
112.741 82.3957 -129.244 -0.720419 -0.526513 0.451536 
113.703 81.91 -130.228 -0.722899 -0.520764 0.454231 
112.627 82.3444 -129.078 -0.720372 -0.526681 0.451415 
113.639 81.8527 -130.115 -0.722936 -0.520723 0.454219 
112.523 82.3012 -128.926 -0.720319 -0.526852 0.4513 
113.582 81.7972 -130.015 -0.722982 -0.520661 0.454216 
112.426 82.2658 -128.785 -0.720257 -0.527035 0.451185 
113.537 81.7432 -129.929 -0.72304 -0.520569 0.454229 
112.334 82.2386 -128.655 -0.720182 -0.527239 0.451066 
113.503 81.6912 -129.862 -0.723111 -0.520443 0.454261 
112.246 82.2191 -128.534 -0.720096 -0.527463 0.450942 
113.484 81.6417 -129.814 -0.723197 -0.520277 0.454314 
112.163 82.2082 -128.423 -0.719997 -0.52771 0.450811 
113.481 81.5957 -129.789 -0.723297 -0.520071 0.45439 
112.086 82.206 -128.324 -0.719885 -0.527979 0.450675 
113.494 81.554 -129.788 -0.723412 -0.519824 0.454491 
112.016 82.2135 -128.239 -0.719762 -0.528267 0.450534 
113.527 81.5181 -129.813 -0.723538 -0.519538 0.454617 
111.955 82.2301 -128.172 -0.719632 -0.528563 0.450394 
113.578 81.49 -129.866 -0.723673 -0.519221 0.454764 
111.907 82.256 -128.126 -0.7195 -0.528858 0.450258 
113.648 81.472 -129.948 -0.72381 -0.518885 0.45493 
111.875 82.2906 -128.105 -0.719371 -0.529139 0.450134 
113.736 81.4658 -130.057 -0.723943 -0.518542 0.455109 
111.862 82.333 -128.113 -0.719255 -0.529387 0.450029 
113.837 81.4738 -130.191 -0.724063 -0.518214 0.455292 
111.872 82.3804 -128.154 -0.719162 -0.529578 0.449953 
113.949 81.4977 -130.344 -0.724158 -0.517927 0.455466 
111.906 82.4303 -128.228 -0.719101 -0.529693 0.449914 
114.063 81.5379 -130.508 -0.72422 -0.517707 0.455619 
111.964 82.4792 -128.333 -0.719081 -0.529716 0.44992 
114.173 81.5934 -130.671 -0.724239 -0.517577 0.455736 
112.045 82.5232 -128.464 -0.719106 -0.529635 0.449973 
114.268 81.661 -130.821 -0.724211 -0.517555 0.455805 
112.143 82.559 -128.614 -0.719178 -0.529454 0.450073 
114.34 81.7358 -130.945 -0.724137 -0.517647 0.455819 
112.251 82.5834 -128.769 -0.71929 -0.529182 0.450213 
114.384 81.8115 -131.033 -0.724022 -0.517846 0.455775 
112.36 82.5954 -128.918 -0.71943 -0.528848 0.450381 
114.396 81.8812 -131.077 -0.72388 -0.51813 0.455678 
112.462 82.5944 -129.049 -0.719588 -0.528479 0.450562 
114.376 81.94 -131.076 -0.723719 -0.518478 0.455538 
112.549 82.581 -129.153 -0.71975 -0.528103 0.450744 
114.328 81.9835 -131.032 -0.723556 -0.518856 0.455367 
112.617 82.5574 -129.224 -0.719904 -0.52775 0.450912 
114.256 82.0095 -130.952 -0.723401 -0.519236 0.45518 
112.661 82.5252 -129.261 -0.720043 -0.527436 0.451059 
114.167 82.0189 -130.843 -0.723261 -0.519598 0.454989 
112.683 82.4873 -129.264 -0.720159 -0.527177 0.451176 
114.068 82.0122 -130.715 -0.723143 -0.519922 0.454806 
112.683 82.4457 -129.238 -0.72025 -0.526979 0.451261 
113.965 81.9925 -130.575 -0.723049 -0.5202 0.454639 
112.663 82.4021 -129.185 -0.720318 -0.526841 0.451315 
113.862 81.9619 -130.432 -0.722979 -0.520424 0.454492 
112.627 82.3588 -129.111 -0.720359 -0.526765 0.451337 
113.765 81.923 -130.291 -0.722935 -0.520593 0.45437 
112.576 82.3171 -129.021 -0.720376 -0.526747 0.45133 
113.674 81.8779 -130.157 -0.722914 -0.520705 0.454274 
112.514 82.2781 -128.918 -0.720371 -0.526783 0.451296 
113.594 81.8287 -130.033 -0.722917 -0.520762 0.454205 
112.444 82.2429 -128.807 -0.720345 -0.526869 0.451239 
113.525 81.7768 -129.923 -0.722941 -0.520764 0.454164 
112.368 82.2128 -128.691 -0.720298 -0.527 0.45116 
113.47 81.7236 -129.829 -0.722987 -0.520711 0.454151 
112.287 82.1885 -128.574 -0.720231 -0.527174 0.451063 
113.43 81.6704 -129.754 -0.723053 -0.520605 0.454167 
112.204 82.1715 -128.458 -0.720145 -0.52739 0.450948 
113.406 81.6183 -129.701 -0.72314 -0.520445 0.454213 
112.122 82.162 -128.348 -0.720042 -0.527642 0.450818 
113.4 81.569 -129.671 -0.723245 -0.520234 0.454288 
112.042 82.1614 -128.245 -0.719922 -0.527926 0.450677 
113.413 81.5231 -129.668 -0.723369 -0.519969 0.454393 
111.967 82.1706 -128.154 -0.719787 -0.528239 0.450526 
113.447 81.4827 -129.694 -0.723509 -0.519656 0.454529 
111.901 82.1898 -128.08 -0.719642 -0.528569 0.450371 
113.503 81.4504 -129.752 -0.72366 -0.519303 0.454691 
111.846 82.2194 -128.027 -0.71949 -0.528905 0.450218 
113.58 81.428 -129.842 -0.723818 -0.518919 0.454879 
111.808 82.2594 -128.001 -0.71934 -0.529233 0.450074 
113.679 81.4186 -129.964 -0.723974 -0.51852 0.455084 
111.79 82.3081 -128.007 -0.719201 -0.529527 0.449949 
113.796 81.4255 -130.117 -0.724117 -0.518135 0.455296 
111.798 82.3635 -128.05 -0.719087 -0.529762 0.449855 
113.925 81.4505 -130.294 -0.724234 -0.517789 0.455503 
111.834 82.4227 -128.132 -0.719008 -0.529914 0.449803 
114.06 81.4952 -130.486 -0.724313 -0.517516 0.455688 
111.9 82.4809 -128.252 -0.718978 -0.529955 0.449803 
114.191 81.5587 -130.68 -0.724342 -0.517348 0.455832 
111.993 82.5336 -128.405 -0.719004 -0.52987 0.449861 
114.306 81.6379 -130.86 -0.724314 -0.51731 0.455921 
112.109 82.5768 -128.581 -0.719085 -0.529662 0.449976 
114.395 81.7267 -131.01 -0.724229 -0.517409 0.455943 
112.237 82.6068 -128.766 -0.719216 -0.529346 0.450139 
114.449 81.8168 -131.118 -0.724096 -0.517638 0.455895 
112.367 82.6215 -128.944 -0.719382 -0.528951 0.450337 
114.465 81.9008 -131.173 -0.723925 -0.517976 0.455781 
112.488 82.6204 -129.1 -0.71957 -0.528512 0.450552 
114.442 81.9706 -131.173 -0.723737 -0.518385 0.455616 
112.591 82.6051 -129.223 -0.719761 -0.52807 0.450766 
114.385 82.0222 -131.122 -0.723544 -0.518831 0.455414 
112.67 82.5774 -129.307 -0.719942 -0.527654 0.450965 
114.301 82.0526 -131.027 -0.723363 -0.519276 0.455195 
112.722 82.5404 -129.35 -0.720101 -0.52729 0.451135 
114.197 82.063 -130.9 -0.7232 -0.519697 0.454973 
112.748 82.4964 -129.354 -0.720236 -0.52699 0.451271 
114.083 82.0552 -130.752 -0.723064 -0.520071 0.454761 
112.747 82.4488 -129.323 -0.72034 -0.526763 0.451369 
113.964 82.0318 -130.591 -0.722957 -0.520388 0.454569 
112.725 82.3993 -129.263 -0.720416 -0.526607 0.45143 
113.847 81.9967 -130.427 -0.722878 -0.520644 0.454401 
112.684 82.3497 -129.18 -0.720465 -0.526517 0.451457 
113.735 81.9526 -130.266 -0.722827 -0.520838 0.454261 
112.627 82.302 -129.078 -0.720487 -0.526492 0.451451 
113.632 81.9021 -130.114 -0.722801 -0.52097 0.45415 
112.559 82.2573 -128.963 -0.720484 -0.526526 0.451416 
113.54 81.8472 -129.973 -0.7228 -0.521042 0.454069 
112.481 82.2167 -128.839 -0.720459 -0.526612 0.451356 
113.461 81.7897 -129.847 -0.722822 -0.521056 0.454018 
112.396 82.1812 -128.71 -0.720412 -0.526747 0.451273 
113.395 81.7308 -129.738 -0.722867 -0.521013 0.453997 
112.307 82.1521 -128.579 -0.720344 -0.52693 0.451168 
113.346 81.6718 -129.648 -0.722933 -0.520913 0.454005 
112.215 82.1299 -128.449 -0.720256 -0.527155 0.451046 
113.313 81.6138 -129.58 -0.723021 -0.520757 0.454045 
112.122 82.116 -128.323 -0.720148 -0.527421 0.450907 
113.299 81.5575 -129.538 -0.723131 -0.520541 0.454117 
112.031 82.1116 -128.204 -0.72002 -0.527727 0.450753 
113.306 81.5043 -129.523 -0.723263 -0.520266 0.454223 
111.945 82.1174 -128.096 -0.719875 -0.528067 0.450587 
113.334 81.4563 -129.539 -0.723413 -0.519935 0.454361 
111.865 82.1348 -128.004 -0.719713 -0.528437 0.450412 
113.388 81.415 -129.589 -0.723582 -0.519549 0.454534 
111.796 82.1639 -127.932 -0.71954 -0.528824 0.450234 
113.466 81.3836 -129.676 -0.723762 -0.51912 0.454738 
111.742 82.2055 -127.887 -0.719362 -0.529213 0.450061 
113.57 81.3649 -129.801 -0.723948 -0.518659 0.454968 
111.71 82.2583 -127.876 -0.719191 -0.52958 0.449903 
113.697 81.3633 -129.964 -0.724125 -0.518194 0.455215 
111.705 82.3206 -127.905 -0.71904 -0.529896 0.449773 
113.844 81.3818 -130.16 -0.724282 -0.517755 0.455466 
111.731 82.3897 -127.981 -0.718924 -0.530127 0.449686 
114.003 81.4236 -130.381 -0.724399 -0.517384 0.4557 
111.794 82.4602 -128.104 -0.71886 -0.530238 0.449657 
114.162 81.4895 -130.614 -0.724462 -0.517124 0.455897 
111.892 82.5266 -128.271 -0.718862 -0.530202 0.449696 
114.309 81.5772 -130.839 -0.724456 -0.517011 0.456033 
112.021 82.583 -128.473 -0.718935 -0.530009 0.449807 
114.429 81.6806 -131.036 -0.724379 -0.517067 0.456092 
112.17 82.6249 -128.693 -0.719073 -0.529673 0.449983 
114.511 81.7899 -131.186 -0.724238 -0.517289 0.456064 
112.327 82.6488 -128.911 -0.719262 -0.529224 0.450209 
114.546 81.8952 -131.274 -0.724045 -0.517657 0.455953 
112.477 82.6533 -129.109 -0.719482 -0.528708 0.450463 
114.534 81.9858 -131.296 -0.723822 -0.518127 0.455773 
112.608 82.6403 -129.269 -0.71971 -0.528178 0.450721 
114.478 82.0543 -131.253 -0.723593 -0.51865 0.455543 
112.711 82.6115 -129.383 -0.719929 -0.527671 0.450964 
114.386 82.0975 -131.155 -0.723373 -0.51918 0.455287 
112.782 82.5712 -129.448 -0.720124 -0.527225 0.451175 
114.27 82.116 -131.015 -0.723176 -0.519685 0.455025 
112.821 82.5221 -129.466 -0.720289 -0.526853 0.451346 
114.139 82.1117 -130.847 -0.72301 -0.520135 0.454773 
112.829 82.4682 -129.441 -0.720419 -0.526566 0.451473 
114.002 82.0891 -130.663 -0.722877 -0.520522 0.454543 
112.81 82.4115 -129.381 -0.720516 -0.526361 0.451557 
113.866 82.0521 -130.475 -0.722777 -0.520837 0.454342 
112.77 82.3549 -129.294 -0.720581 -0.526236 0.4516 
113.735 82.0046 -130.29 -0.722708 -0.521081 0.454172 
112.711 82.2998 -129.185 -0.720616 -0.526183 0.451605 
113.615 81.9493 -130.113 -0.722669 -0.521254 0.454035 
112.638 82.2474 -129.06 -0.720625 -0.526193 0.451579 
113.506 81.8895 -129.948 -0.722655 -0.521365 0.453929 
112.555 82.1989 -128.925 -0.72061 -0.526261 0.451524 
113.409 81.8267 -129.798 -0.722666 -0.521415 0.453855 
112.464 82.1553 -128.783 -0.720573 -0.526381 0.451445 
113.327 81.7627 -129.665 -0.722699 -0.521407 0.453812 
112.367 82.1176 -128.638 -0.720513 -0.526549 0.451343 
113.261 81.6976 -129.552 -0.722755 -0.521339 0.4538 
112.267 82.0871 -128.492 -0.720432 -0.526765 0.45122 
113.211 81.6329 -129.459 -0.722835 -0.521212 0.453819 
112.164 82.0642 -128.348 -0.72033 -0.527024 0.45108 
113.18 81.5695 -129.391 -0.722937 -0.521025 0.453871 
112.062 82.0504 -128.21 -0.720207 -0.527328 0.450922 
113.169 81.5078 -129.349 -0.723063 -0.520773 0.453958 
111.961 82.0474 -128.079 -0.720061 -0.527677 0.450747 
113.18 81.4496 -129.338 -0.723213 -0.520457 0.454082 
111.864 82.0558 -127.96 -0.719894 -0.528065 0.450559 
113.217 81.3959 -129.361 -0.723388 -0.520072 0.454244 
111.774 82.0775 -127.857 -0.719707 -0.528491 0.450359 
113.28 81.3498 -129.423 -0.723583 -0.519625 0.454446 
111.696 82.1133 -127.777 -0.719504 -0.528942 0.450153 
113.374 81.3138 -129.527 -0.723796 -0.519119 0.454685 
111.636 82.1633 -127.728 -0.719296 -0.529397 0.449952 
113.498 81.2926 -129.677 -0.724015 -0.518575 0.454957 
111.599 82.2274 -127.717 -0.719091 -0.529833 0.449765 
113.65 81.2907 -129.872 -0.724228 -0.518019 0.455252 
111.594 82.303 -127.755 -0.71891 -0.530209 0.449612 
113.827 81.3137 -130.109 -0.724414 -0.517495 0.455552 
111.629 82.3864 -127.848 -0.718772 -0.530481 0.449511 
114.019 81.3653 -130.377 -0.724553 -0.517052 0.455833 
111.708 82.4719 -128.001 -0.7187 -0.530604 0.449481 
114.211 81.4472 -130.659 -0.724623 -0.516749 0.456067 
111.831 82.5514 -128.209 -0.718712 -0.53054 0.449538 
114.387 81.5567 -130.93 -0.724605 -0.516635 0.456223 
111.992 82.6175 -128.459 -0.718814 -0.530277 0.449685 
114.528 81.6853 -131.164 -0.724497 -0.516736 0.456279 
112.177 82.6645 -128.729 -0.718996 -0.529837 0.449912 
114.619 81.8199 -131.335 -0.72431 -0.517045 0.456227 
112.368 82.6886 -128.993 -0.719238 -0.529267 0.450196 
114.65 81.9465 -131.428 -0.724063 -0.517527 0.456072 
112.547 82.6889 -129.225 -0.719512 -0.528628 0.450509 
114.622 82.0516 -131.435 -0.723788 -0.518119 0.455836 
112.699 82.6681 -129.407 -0.719788 -0.527987 0.45082 
114.543 82.1273 -131.366 -0.723512 -0.518758 0.455548 
112.813 82.6303 -129.53 -0.720043 -0.527396 0.451104 
114.424 82.1712 -131.233 -0.723255 -0.51939 0.455236 
112.888 82.5794 -129.592 -0.720266 -0.526887 0.451344 
114.28 82.1845 -131.056 -0.723033 -0.519971 0.454926 
112.923 82.5205 -129.598 -0.720447 -0.526478 0.451532 
114.122 82.1726 -130.852 -0.722849 -0.52048 0.454636 
112.924 82.4567 -129.558 -0.720588 -0.526169 0.451667 
113.962 82.1403 -130.635 -0.722706 -0.520904 0.454377 
112.896 82.3916 -129.48 -0.720689 -0.525958 0.451752 
113.806 82.0939 -130.418 -0.7226 -0.521246 0.454154 
112.845 82.3266 -129.374 -0.720756 -0.525831 0.451792 
113.659 82.0374 -130.208 -0.722528 -0.521508 0.453967 
112.776 82.264 -129.247 -0.720792 -0.525781 0.451793 
113.524 81.9744 -130.009 -0.722486 -0.521698 0.453817 
112.693 82.2047 -129.105 -0.720802 -0.525796 0.45176 
113.402 81.9074 -129.825 -0.72247 -0.521821 0.4537 
112.599 82.1496 -128.954 -0.720787 -0.525868 0.451699 
113.295 81.8382 -129.657 -0.722479 -0.521882 0.453616 
112.498 82.0995 -128.796 -0.720751 -0.525992 0.451614 
113.201 81.768 -129.507 -0.72251 -0.521885 0.453563 
112.392 82.0555 -128.636 -0.720692 -0.526163 0.451507 
113.124 81.6974 -129.377 -0.722563 -0.521831 0.45354 
112.283 82.018 -128.475 -0.720615 -0.526379 0.45138 
113.062 81.6274 -129.267 -0.722637 -0.521721 0.453548 
112.171 81.9885 -128.316 -0.720514 -0.526641 0.451234 
113.019 81.5578 -129.18 -0.722737 -0.521548 0.453589 
112.058 81.9677 -128.161 -0.720392 -0.526948 0.45107 
112.995 81.4898 -129.119 -0.72286 -0.521312 0.453664 
111.946 81.9577 -128.012 -0.720245 -0.527306 0.450887 
112.994 81.4233 -129.088 -0.723011 -0.521003 0.453778 
111.835 81.9592 -127.872 -0.720074 -0.527711 0.450687 
113.017 81.3603 -129.09 -0.72319 -0.52062 0.453932 
111.729 81.9748 -127.744 -0.719875 -0.528168 0.450468 
113.07 81.3023 -129.132 -0.723398 -0.520156 0.454132 
111.63 82.0058 -127.635 -0.719652 -0.52867 0.450236 
113.155 81.2521 -129.219 -0.723633 -0.519614 0.454379 
111.545 82.0535 -127.552 -0.71941 -0.529204 0.449996 
113.275 81.2134 -129.357 -0.72389 -0.518998 0.454674 
111.48 82.119 -127.505 -0.719157 -0.529749 0.449759 
113.433 81.1925 -129.55 -0.724155 -0.518334 0.455008 
111.445 82.2016 -127.506 -0.71891 -0.530268 0.449541 
113.626 81.1958 -129.801 -0.724412 -0.517657 0.455371 
111.45 82.298 -127.568 -0.718696 -0.530706 0.449367 
113.849 81.2313 -130.102 -0.724631 -0.517027 0.455737 
111.506 82.4031 -127.702 -0.718543 -0.531003 0.449262 
114.088 81.3045 -130.441 -0.724784 -0.516515 0.456074 
111.62 82.5079 -127.913 -0.718482 -0.53109 0.449255 
114.324 81.4173 -130.791 -0.724839 -0.516203 0.45634 
111.791 82.6022 -128.192 -0.718536 -0.530927 0.449363 
114.532 81.5643 -131.119 -0.724776 -0.516153 0.456496 
112.006 82.6759 -128.518 -0.718707 -0.530505 0.449587 
114.686 81.7321 -131.386 -0.724597 -0.516389 0.456515 
112.245 82.7224 -128.858 -0.718975 -0.529871 0.449906 
114.77 81.9005 -131.562 -0.724323 -0.51688 0.456393 
112.481 82.7384 -129.175 -0.719304 -0.529103 0.450284 
114.776 82.0497 -131.63 -0.723992 -0.517559 0.456148 
112.69 82.7261 -129.438 -0.71965 -0.528297 0.450677 
114.709 82.1649 -131.592 -0.723644 -0.518338 0.455817 
112.856 82.6896 -129.628 -0.719981 -0.527529 0.451048 
114.585 82.2383 -131.464 -0.723314 -0.519128 0.455442 
112.972 82.6351 -129.74 -0.720272 -0.526856 0.45137 
114.421 82.2711 -131.271 -0.723023 -0.519867 0.45506 
113.037 82.5688 -129.78 -0.720512 -0.526305 0.451629 
114.237 82.2694 -131.038 -0.722781 -0.520521 0.454697 
113.058 82.4962 -129.758 -0.7207 -0.525883 0.451821 
114.047 82.2406 -130.786 -0.722591 -0.521069 0.454371 
113.041 82.4206 -129.688 -0.720841 -0.525578 0.451951 
113.861 82.193 -130.531 -0.722447 -0.521515 0.454088 
112.996 82.3454 -129.581 -0.720938 -0.525381 0.452025 
113.685 82.1326 -130.283 -0.722344 -0.521864 0.45385 
112.928 82.272 -129.449 -0.721 -0.525273 0.452052 
113.522 82.0649 -130.047 -0.722275 -0.522131 0.453654 
112.844 82.2016 -129.299 -0.721033 -0.525238 0.45204 
113.374 81.9929 -129.828 -0.722234 -0.522325 0.453496 
112.748 82.1349 -129.137 -0.721041 -0.525263 0.451998 
113.241 81.9189 -129.626 -0.722218 -0.522456 0.453372 
112.645 82.0726 -128.969 -0.721028 -0.52534 0.45193 
113.122 81.8441 -129.441 -0.722222 -0.522531 0.453278 
112.535 82.0151 -128.797 -0.720996 -0.52546 0.451841 
113.017 81.7698 -129.274 -0.722245 -0.522557 0.453212 
112.422 81.963 -128.624 -0.720947 -0.52562 0.451733 
112.926 81.6955 -129.125 -0.722287 -0.522531 0.453173 
112.305 81.9173 -128.451 -0.720879 -0.52582 0.451609 
112.85 81.6222 -128.995 -0.722348 -0.522458 0.453161 
112.188 81.8782 -128.28 -0.720793 -0.526059 0.451468 
112.79 81.549 -128.884 -0.722431 -0.522329 0.453177 
112.068 81.8473 -128.111 -0.720685 -0.526341 0.451311 
112.747 81.4767 -128.796 -0.722536 -0.522142 0.453224 
111.948 81.8255 -127.946 -0.720555 -0.526671 0.451134 
112.723 81.4049 -128.733 -0.722668 -0.521889 0.453306 
111.827 81.8144 -127.786 -0.720397 -0.527054 0.450938 
112.721 81.3337 -128.699 -0.722831 -0.521558 0.453428 
111.706 81.8157 -127.633 -0.720211 -0.527495 0.45072 
112.745 81.2643 -128.699 -0.723027 -0.521141 0.453595 
111.588 81.8322 -127.49 -0.719991 -0.528001 0.450478 
112.801 81.1978 -128.74 -0.723259 -0.520628 0.453813 
111.474 81.866 -127.362 -0.719737 -0.528573 0.450214 
112.892 81.137 -128.831 -0.72353 -0.52001 0.45409 
111.37 81.9199 -127.258 -0.71945 -0.529204 0.449932 
113.025 81.086 -128.981 -0.723836 -0.519289 0.454427 
111.283 81.9957 -127.188 -0.719139 -0.529875 0.44964 
113.206 81.0516 -129.198 -0.724166 -0.518479 0.454826 
111.227 82.0944 -127.169 -0.718819 -0.530547 0.449358 
113.435 81.043 -129.489 -0.724501 -0.517618 0.455273 
111.215 82.2139 -127.221 -0.718522 -0.531157 0.449113 
113.708 81.0713 -129.854 -0.724808 -0.516771 0.455747 
111.265 82.348 -127.363 -0.718291 -0.531612 0.448944 
114.014 81.1487 -130.28 -0.72504 -0.516044 0.456202 
111.391 82.486 -127.608 -0.718173 -0.531812 0.448895 
114.326 81.2816 -130.738 -0.725149 -0.515554 0.456582 
111.598 82.6137 -127.954 -0.718209 -0.531675 0.449 
114.611 81.4672 -131.18 -0.725098 -0.515412 0.456823 
111.874 82.7149 -128.377 -0.718416 -0.531167 0.449271 
114.829 81.6883 -131.551 -0.724878 -0.515672 0.456879 
112.188 82.7793 -128.828 -0.718765 -0.530347 0.449681 
114.952 81.9156 -131.8 -0.724521 -0.516301 0.456735 
112.503 82.8021 -129.253 -0.719201 -0.529334 0.450177 
114.966 82.1176 -131.9 -0.724083 -0.517195 0.456418 
112.779 82.7865 -129.602 -0.719658 -0.528271 0.450694 
114.881 82.2705 -131.853 -0.723626 -0.518215 0.455985 
112.995 82.74 -129.849 -0.720085 -0.527278 0.451176 
114.72 82.3647 -131.687 -0.723202 -0.519234 0.455498 
113.142 82.6716 -129.991 -0.72045 -0.526427 0.451586 
114.51 82.4034 -131.438 -0.722838 -0.520166 0.455012 
113.222 82.5902 -130.038 -0.720744 -0.525748 0.451909 
114.279 82.3977 -131.145 -0.722544 -0.520969 0.454561 
113.248 82.5023 -130.011 -0.72097 -0.525234 0.452146 
114.046 82.3597 -130.836 -0.722317 -0.521628 0.454165 
113.23 82.4127 -129.928 -0.721136 -0.52487 0.452304 
113.823 82.3014 -130.531 -0.722147 -0.522157 0.453827 
113.179 82.3248 -129.806 -0.721252 -0.52463 0.452396 
113.617 82.2307 -130.241 -0.722025 -0.52257 0.453547 
113.105 82.2399 -129.658 -0.72133 -0.524489 0.452436 
113.428 82.1544 -129.969 -0.721938 -0.522891 0.453315 
113.015 82.1581 -129.494 -0.72138 -0.52442 0.452436 
113.257 82.076 -129.718 -0.721878 -0.523139 0.453124 
112.914 82.0804 -129.32 -0.721407 -0.524409 0.452406 
113.101 81.9977 -129.486 -0.721839 -0.523329 0.452967 
112.808 82.0069 -129.143 -0.721416 -0.524441 0.452353 
112.96 81.9207 -129.273 -0.721816 -0.523473 0.452837 
112.698 81.9368 -128.964 -0.721414 -0.524502 0.452286 
112.832 81.8457 -129.075 -0.721805 -0.523582 0.452729 
112.587 81.8705 -128.787 -0.721402 -0.524587 0.452207 
112.714 81.7733 -128.892 -0.721803 -0.523662 0.452639 
112.476 81.8084 -128.613 -0.721381 -0.524691 0.45212 
112.607 81.7027 -128.722 -0.721811 -0.523715 0.452565 
112.365 81.7499 -128.442 -0.721353 -0.52481 0.452026 
112.509 81.6344 -128.565 -0.721827 -0.523744 0.452506 
112.256 81.6959 -128.276 -0.721316 -0.524947 0.451926 
112.42 81.5678 -128.421 -0.721852 -0.523749 0.452461 
112.148 81.6463 -128.113 -0.721271 -0.525101 0.45182 
112.34 81.5026 -128.288 -0.721887 -0.523727 0.45243 
112.041 81.6015 -127.954 -0.721215 -0.525274 0.451707 
112.27 81.4383 -128.169 -0.721934 -0.523674 0.452416 
111.934 81.562 -127.799 -0.721148 -0.525472 0.451585 
112.211 81.3745 -128.063 -0.721996 -0.523586 0.45242 
111.827 81.5285 -127.646 -0.721065 -0.525699 0.451452 
112.163 81.3106 -127.973 -0.722074 -0.523456 0.452445 
111.719 81.5019 -127.494 -0.720965 -0.525963 0.451305 
112.128 81.246 -127.899 -0.722175 -0.523273 0.452496 
111.608 81.4835 -127.345 -0.720841 -0.526274 0.45114 
112.11 81.1802 -127.846 -0.722302 -0.523027 0.452578 
111.495 81.4749 -127.195 -0.720688 -0.526644 0.450953 
112.111 81.1129 -127.817 -0.722461 -0.522703 0.452698 
111.377 81.4786 -127.047 -0.7205 -0.527086 0.450737 
112.137 81.0433 -127.819 -0.722662 -0.52228 0.452865 
111.255 81.4969 -126.9 -0.72027 -0.527613 0.450489 
112.193 80.9717 -127.859 -0.722911 -0.521739 0.453091 
111.13 81.5341 -126.759 -0.719988 -0.528242 0.450201 
112.287 80.8998 -127.949 -0.723216 -0.521058 0.453388 
111.004 81.594 -126.628 -0.719651 -0.528982 0.449873 
112.43 80.83 -128.102 -0.723585 -0.520212 0.453771 
110.884 81.682 -126.519 -0.719254 -0.529833 0.449505 
112.632 80.7687 -128.337 -0.724017 -0.519192 0.45425 
110.782 81.8033 -126.451 -0.718806 -0.530777 0.449108 
112.906 80.7274 -128.673 -0.724498 -0.518013 0.454829 
110.719 81.9598 -126.453 -0.718335 -0.531746 0.448714 
113.258 80.723 -129.126 -0.724995 -0.516729 0.455498 
110.725 82.1494 -126.565 -0.717898 -0.532623 0.448374 
113.684 80.7798 -129.701 -0.725442 -0.515471 0.45621 
110.836 82.3603 -126.829 -0.717583 -0.533221 0.448168 
114.16 80.9229 -130.375 -0.725745 -0.514448 0.456882 
111.083 82.5689 -127.272 -0.717496 -0.533323 0.448186 
114.633 81.1671 -131.085 -0.725803 -0.513914 0.457391 
111.467 82.7455 -127.883 -0.71771 -0.53278 0.448488 
115.03 81.4989 -131.731 -0.725558 -0.514059 0.457616 
111.949 82.8637 -128.591 -0.718213 -0.531614 0.449066 
115.281 81.8695 -132.201 -0.725038 -0.514903 0.457491 
112.453 82.9128 -129.284 -0.718895 -0.530048 0.449825 
115.349 82.2109 -132.423 -0.724354 -0.516259 0.457047 
112.902 82.8975 -129.858 -0.719618 -0.528377 0.450635 
115.242 82.4678 -132.389 -0.723639 -0.517839 0.456392 
113.245 82.8338 -130.259 -0.720272 -0.526847 0.451381 
115.008 82.6202 -132.152 -0.722992 -0.519389 0.455655 
113.472 82.739 -130.483 -0.720807 -0.525583 0.452 
114.703 82.678 -131.792 -0.722463 -0.520753 0.454937 
113.596 82.6288 -130.563 -0.721219 -0.524609 0.452474 
114.376 82.6665 -131.379 -0.722056 -0.521874 0.454298 
113.641 82.5146 -130.538 -0.721522 -0.523898 0.452814 
114.061 82.6124 -130.963 -0.721757 -0.522756 0.45376 
113.63 82.4034 -130.446 -0.72174 -0.523401 0.453041 
113.773 82.536 -130.573 -0.72154 -0.523435 0.453321 
113.581 82.2985 -130.313 -0.721893 -0.52307 0.45318 
113.519 82.4512 -130.219 -0.721383 -0.523957 0.452967 
113.509 82.2001 -130.157 -0.722001 -0.522854 0.453257 
113.295 82.3652 -129.902 -0.721268 -0.524362 0.452682 
113.423 82.108 -129.991 -0.72208 -0.522718 0.453289 
113.097 82.2832 -129.618 -0.721178 -0.524689 0.452446 
113.332 82.0209 -129.822 -0.72214 -0.52263 0.453294 
112.921 82.2068 -129.362 -0.721102 -0.524967 0.452245 
113.239 81.9377 -129.657 -0.722193 -0.522565 0.453284 
112.76 82.137 -129.127 -0.721032 -0.525216 0.452067 
113.15 81.8575 -129.5 -0.722245 -0.522504 0.453272 
112.612 82.0744 -128.91 -0.720961 -0.525456 0.451902 
113.067 81.7796 -129.354 -0.722303 -0.522432 0.453263 
112.472 82.0197 -128.706 -0.720882 -0.525702 0.451741 
112.993 81.7035 -129.221 -0.72237 -0.522337 0.453266 
112.338 81.9725 -128.513 -0.720794 -0.525961 0.45158 
112.93 81.6291 -129.104 -0.72245 -0.522209 0.453286 
112.208 81.9342 -128.33 -0.72069 -0.526247 0.451412 
112.881 81.5556 -129.007 -0.722549 -0.522035 0.453328 
112.081 81.9049 -128.154 -0.720569 -0.526565 0.451235 
112.849 81.4835 -128.932 -0.722669 -0.521809 0.453397 
111.957 81.8864 -127.987 -0.720426 -0.526926 0.451044 
112.836 81.4127 -128.883 -0.722814 -0.521519 0.4535 
111.835 81.8798 -127.829 -0.720256 -0.527334 0.450836 
112.847 81.3434 -128.865 -0.722989 -0.521152 0.453643 
111.716 81.8866 -127.681 -0.72006 -0.527795 0.45061 
112.885 81.2774 -128.885 -0.723195 -0.520702 0.45383 
111.603 81.9095 -127.548 -0.719833 -0.528314 0.450365 
112.955 81.2166 -128.947 -0.723435 -0.520162 0.454067 
111.498 81.9502 -127.436 -0.719577 -0.528885 0.450104 
113.062 81.1641 -129.062 -0.723706 -0.51953 0.454359 
111.408 82.0106 -127.354 -0.719298 -0.529494 0.449834 
113.21 81.1254 -129.235 -0.724002 -0.518815 0.454704 
111.343 82.0916 -127.315 -0.719007 -0.530115 0.449568 
113.401 81.1071 -129.474 -0.724308 -0.518042 0.455098 
111.314 82.1919 -127.334 -0.718728 -0.530696 0.449328 
113.634 81.1192 -129.779 -0.724598 -0.517264 0.455521 
111.334 82.3081 -127.427 -0.718492 -0.531172 0.449144 
113.9 81.171 -130.143 -0.724838 -0.516556 0.455943 
111.419 82.4318 -127.609 -0.71834 -0.531455 0.449052 
114.181 81.2696 -130.547 -0.724987 -0.516016 0.456318 
111.574 82.5519 -127.882 -0.71831 -0.531468 0.449084 
114.451 81.4162 -130.954 -0.725007 -0.515743 0.456594 
111.794 82.655 -128.233 -0.718424 -0.531166 0.449259 
114.677 81.6012 -131.32 -0.72488 -0.515807 0.456723 
112.062 82.7297 -128.629 -0.718677 -0.530561 0.44957 
114.829 81.8036 -131.598 -0.724618 -0.516213 0.45668 
112.347 82.7689 -129.025 -0.719032 -0.52973 0.449981 
114.89 81.9971 -131.755 -0.724259 -0.516902 0.456471 
112.614 82.7726 -129.375 -0.719435 -0.528792 0.45044 
114.858 82.1579 -131.779 -0.723853 -0.51777 0.456131 
112.838 82.7445 -129.646 -0.719837 -0.527857 0.450894 
114.747 82.2706 -131.683 -0.723452 -0.518697 0.455713 
113.004 82.692 -129.825 -0.7202 -0.527013 0.451301 
114.578 82.3323 -131.494 -0.72309 -0.519591 0.455269 
113.109 82.6228 -129.913 -0.720505 -0.526307 0.451639 
114.376 82.3485 -131.247 -0.722786 -0.52039 0.454838 
113.159 82.544 -129.923 -0.720748 -0.525752 0.451898 
114.162 82.3296 -130.969 -0.722542 -0.521072 0.454445 
113.162 82.4613 -129.871 -0.72093 -0.525344 0.45208 
113.95 82.2851 -130.682 -0.722357 -0.521627 0.454103 
113.129 82.3775 -129.774 -0.721064 -0.525062 0.452197 
113.748 82.2248 -130.402 -0.722219 -0.522071 0.453812 
113.068 82.2958 -129.645 -0.721154 -0.524886 0.452256 
113.561 82.1546 -130.136 -0.722122 -0.522414 0.453572 
112.988 82.2168 -129.494 -0.72121 -0.524796 0.452271 
113.39 82.0798 -129.888 -0.722057 -0.522676 0.453374 
112.894 82.1415 -129.329 -0.721241 -0.524772 0.45225 
113.235 82.0031 -129.658 -0.722016 -0.522872 0.453213 
112.791 82.07 -129.156 -0.72125 -0.524801 0.452202 
113.095 81.9261 -129.446 -0.721996 -0.523012 0.453083 
112.683 82.0026 -128.98 -0.721243 -0.52487 0.452133 
112.969 81.8502 -129.251 -0.721991 -0.523108 0.45298 
112.57 81.9395 -128.802 -0.721221 -0.524974 0.452048 
112.856 81.7752 -129.072 -0.722003 -0.523161 0.4529 
112.456 81.8815 -128.625 -0.721184 -0.525109 0.451949 
112.755 81.7014 -128.91 -0.722028 -0.523176 0.452843 
112.341 81.828 -128.45 -0.721136 -0.52527 0.451838 
112.666 81.6292 -128.763 -0.722067 -0.523155 0.452805 
112.225 81.7804 -128.277 -0.721074 -0.525462 0.451715 
112.589 81.5579 -128.632 -0.722121 -0.523094 0.452789 
112.108 81.7389 -128.108 -0.720996 -0.525684 0.45158 
112.525 81.4869 -128.518 -0.722193 -0.522987 0.452797 
111.991 81.704 -127.94 -0.720902 -0.525941 0.451432 
112.476 81.4164 -128.422 -0.722285 -0.522831 0.452831 
111.872 81.6775 -127.776 -0.720785 -0.526242 0.451267 
112.443 81.3458 -128.347 -0.722401 -0.522616 0.452894 
111.752 81.6604 -127.614 -0.720644 -0.526594 0.451083 
112.429 81.2748 -128.297 -0.722546 -0.52233 0.452993 
111.63 81.6547 -127.456 -0.720472 -0.527006 0.450875 
112.437 81.2033 -128.277 -0.722726 -0.521959 0.453134 
111.507 81.6625 -127.302 -0.720266 -0.527488 0.450641 
112.474 81.1318 -128.292 -0.722945 -0.521488 0.453326 
111.383 81.6871 -127.156 -0.720017 -0.528053 0.450377 
112.545 81.0619 -128.351 -0.723209 -0.520902 0.453578 
111.261 81.7312 -127.023 -0.719726 -0.528701 0.450082 
112.657 80.9955 -128.467 -0.723524 -0.520184 0.4539 
111.148 81.7989 -126.913 -0.719389 -0.529434 0.449759 
112.818 80.9382 -128.65 -0.723886 -0.519331 0.4543 
111.051 81.8934 -126.839 -0.719015 -0.530231 0.449418 
113.037 80.8981 -128.915 -0.724286 -0.518354 0.454778 
110.987 82.0165 -126.823 -0.718625 -0.531046 0.449079 
113.319 80.8878 -129.274 -0.724699 -0.517296 0.455325 
110.976 82.1666 -126.892 -0.718256 -0.531795 0.448782 
113.659 80.9239 -129.728 -0.725078 -0.516248 0.455909 
111.045 82.3357 -127.077 -0.717971 -0.532351 0.448581 
114.041 81.0236 -130.264 -0.725361 -0.515351 0.456475 
111.214 82.5084 -127.398 -0.717842 -0.53256 0.448539 
114.432 81.1988 -130.84 -0.725474 -0.514782 0.456936 
111.49 82.6638 -127.853 -0.717928 -0.532303 0.448706 
114.781 81.4447 -131.389 -0.725366 -0.514697 0.457204 
111.855 82.781 -128.403 -0.718242 -0.531553 0.449092 
115.033 81.734 -131.831 -0.725034 -0.515154 0.457215 
112.26 82.8463 -128.975 -0.718734 -0.530414 0.449652 
115.152 82.0215 -132.098 -0.724536 -0.516077 0.456964 
112.649 82.8582 -129.49 -0.719309 -0.529084 0.450298 
115.129 82.2625 -132.164 -0.723961 -0.517288 0.456505 
112.973 82.8242 -129.888 -0.719876 -0.527765 0.45094 
114.985 82.4293 -132.048 -0.723398 -0.518584 0.455928 
113.209 82.7564 -130.146 -0.720375 -0.526597 0.451508 
114.758 82.5175 -131.797 -0.722903 -0.519809 0.455318 
113.356 82.6675 -130.273 -0.720781 -0.525645 0.451969 
114.489 82.539 -131.468 -0.7225 -0.520873 0.454741 
113.427 82.5683 -130.293 -0.721095 -0.524915 0.452317 
114.211 82.5125 -131.108 -0.722189 -0.52175 0.454229 
113.438 82.4663 -130.237 -0.721327 -0.524386 0.452561 
113.943 82.456 -130.748 -0.721955 -0.522451 0.453795 
113.405 82.3664 -130.127 -0.721493 -0.524022 0.452717 
113.696 82.3826 -130.408 -0.721786 -0.522997 0.453436 
113.342 82.27 -129.985 -0.72161 -0.523784 0.452806 
113.473 82.3022 -130.093 -0.721661 -0.523424 0.453141 
113.26 82.1785 -129.822 -0.721691 -0.52364 0.452844 
113.272 82.2197 -129.805 -0.721571 -0.523758 0.452899 
113.166 82.0913 -129.65 -0.721748 -0.52356 0.452846 
113.092 82.1392 -129.542 -0.721501 -0.524029 0.452696 
113.066 82.0079 -129.474 -0.721788 -0.523522 0.452825 
112.928 82.0621 -129.3 -0.721445 -0.524256 0.452523 
112.963 81.9279 -129.3 -0.72182 -0.523508 0.45279 
112.777 81.9897 -129.075 -0.721395 -0.524457 0.452369 
112.862 81.8508 -129.129 -0.721848 -0.523504 0.45275 
112.637 81.9216 -128.865 -0.721349 -0.524641 0.452229 
112.764 81.7763 -128.966 -0.721876 -0.523502 0.452708 
112.505 81.8584 -128.667 -0.721302 -0.524819 0.452097 
112.672 81.7036 -128.812 -0.721909 -0.523488 0.452672 
112.378 81.8008 -128.479 -0.72125 -0.525002 0.451968 
112.586 81.6328 -128.667 -0.721947 -0.523461 0.452644 
112.256 81.7486 -128.298 -0.721191 -0.525195 0.451838 
112.509 81.5629 -128.535 -0.721995 -0.523408 0.452627 
112.137 81.7019 -128.124 -0.721124 -0.525402 0.451705 
112.441 81.4942 -128.415 -0.722055 -0.523327 0.452626 
112.02 81.6618 -127.955 -0.721042 -0.525636 0.451564 
112.384 81.4259 -128.31 -0.72213 -0.523208 0.452643 
111.903 81.6289 -127.79 -0.720944 -0.5259 0.451412 
112.34 81.3576 -128.222 -0.722225 -0.523041 0.452684 
111.786 81.6041 -127.629 -0.720826 -0.526206 0.451245 
112.312 81.2887 -128.154 -0.722344 -0.522817 0.452754 
111.667 81.5888 -127.47 -0.720682 -0.526562 0.451059 
112.302 81.2189 -128.11 -0.722492 -0.522521 0.452858 
111.546 81.585 -127.314 -0.720507 -0.526981 0.450849 
112.315 81.148 -128.094 -0.722676 -0.522138 0.453006 
111.423 81.5954 -127.161 -0.720294 -0.527475 0.450611 
112.355 81.0767 -128.115 -0.722902 -0.521653 0.453205 
111.298 81.6224 -127.015 -0.720038 -0.528055 0.450341 
112.431 81.0053 -128.181 -0.723178 -0.521041 0.453469 
111.173 81.6702 -126.881 -0.719733 -0.52873 0.450036 
112.55 80.9369 -128.304 -0.723508 -0.520288 0.453806 
111.056 81.7428 -126.767 -0.719379 -0.5295 0.449698 
112.722 80.8766 -128.499 -0.723892 -0.519386 0.454227 
110.954 81.8445 -126.69 -0.718979 -0.53035 0.449336 
112.955 80.8336 -128.781 -0.72432 -0.518344 0.454736 
110.885 81.9772 -126.673 -0.718557 -0.531227 0.448974 
113.256 80.8211 -129.165 -0.724766 -0.517203 0.455323 
110.873 82.1397 -126.746 -0.718156 -0.532042 0.448652 
113.623 80.8582 -129.654 -0.72518 -0.516064 0.455956 
110.946 82.3233 -126.945 -0.717843 -0.532648 0.448432 
114.039 80.9653 -130.236 -0.72549 -0.515084 0.456571 
111.131 82.5116 -127.295 -0.717703 -0.532876 0.448386 
114.464 81.157 -130.864 -0.72561 -0.514469 0.457073 
111.436 82.6799 -127.795 -0.717806 -0.532577 0.448575 
114.843 81.4284 -131.462 -0.725481 -0.514398 0.457358 
111.838 82.8046 -128.4 -0.718165 -0.531728 0.449009 
115.112 81.7477 -131.937 -0.725102 -0.514935 0.457354 
112.283 82.8711 -129.026 -0.718717 -0.530453 0.449632 
115.232 82.0618 -132.215 -0.724544 -0.515982 0.457059 
112.704 82.8789 -129.58 -0.719351 -0.528989 0.450343 
115.193 82.32 -132.269 -0.723912 -0.517325 0.456541 
113.048 82.8377 -129.999 -0.719964 -0.527563 0.451036 
115.025 82.493 -132.124 -0.723305 -0.518735 0.455904 
113.294 82.7618 -130.263 -0.720492 -0.526324 0.45164 
114.773 82.579 -131.84 -0.722781 -0.520041 0.455245 
113.442 82.6653 -130.385 -0.720914 -0.52533 0.452123 
114.481 82.5939 -131.48 -0.722363 -0.521158 0.454632 
113.51 82.5598 -130.398 -0.721235 -0.524579 0.452482 
114.185 82.56 -131.095 -0.722045 -0.522065 0.454097 
113.517 82.4531 -130.332 -0.721471 -0.524041 0.452731 
113.905 82.4967 -130.719 -0.72181 -0.522778 0.453649 
113.481 82.3496 -130.216 -0.721639 -0.523672 0.452889 
113.65 82.4187 -130.367 -0.721639 -0.523331 0.453283 
113.416 82.2514 -130.068 -0.721756 -0.523433 0.452978 
113.422 82.3355 -130.046 -0.721514 -0.523763 0.452984 
113.332 82.158 -129.904 -0.72184 -0.523283 0.453018 
113.219 82.2525 -129.754 -0.72142 -0.524105 0.452738 
113.239 82.0697 -129.732 -0.7219 -0.523196 0.453024 
113.037 82.1725 -129.489 -0.721346 -0.524385 0.452531 
113.141 81.9853 -129.558 -0.721947 -0.523144 0.453009 
112.871 82.0973 -129.246 -0.721283 -0.524626 0.452352 
113.043 81.9041 -129.389 -0.721988 -0.52311 0.452983 
112.719 82.0274 -129.021 -0.721224 -0.524846 0.452191 
112.948 81.8259 -129.226 -0.722028 -0.523079 0.452955 
112.577 81.9635 -128.81 -0.721165 -0.525058 0.45204 
112.858 81.7494 -129.072 -0.722073 -0.523038 0.452931 
112.441 81.9061 -128.61 -0.721099 -0.525274 0.451893 
112.776 81.6745 -128.93 -0.722126 -0.522977 0.452917 
112.311 81.8549 -128.42 -0.721026 -0.525502 0.451746 
112.704 81.6011 -128.802 -0.722189 -0.522889 0.452917 
112.184 81.8111 -128.237 -0.720939 -0.525752 0.451593 
112.643 81.5285 -128.689 -0.722269 -0.522764 0.452935 
112.059 81.7751 -128.06 -0.720836 -0.526032 0.45143 
112.595 81.456 -128.595 -0.722368 -0.52259 0.452978 
111.935 81.7475 -127.889 -0.720715 -0.526349 0.451256 
112.564 81.3841 -128.522 -0.722489 -0.52236 0.453048 
111.811 81.7304 -127.722 -0.720568 -0.526715 0.451063 
112.553 81.3123 -128.474 -0.722639 -0.522061 0.453154 
111.686 81.7251 -127.562 -0.720392 -0.527137 0.45085 
112.565 81.2407 -128.457 -0.722823 -0.521679 0.453302 
111.562 81.7339 -127.408 -0.720182 -0.527627 0.450613 
112.605 81.1701 -128.477 -0.723044 -0.5212 0.4535 
111.44 81.7594 -127.265 -0.719935 -0.528189 0.450349 
112.679 81.1022 -128.543 -0.723309 -0.52061 0.453756 
111.323 81.8047 -127.138 -0.719647 -0.528828 0.450058 
112.795 81.04 -128.664 -0.723617 -0.5199 0.454078 
111.216 81.8729 -127.038 -0.719322 -0.529536 0.449746 
112.959 80.9891 -128.853 -0.723966 -0.51907 0.454472 
111.131 81.9665 -126.979 -0.718969 -0.530288 0.449425 
113.176 80.958 -129.12 -0.724341 -0.51814 0.454934 
111.081 82.0861 -126.981 -0.718611 -0.531033 0.449118 
113.45 80.9588 -129.474 -0.724716 -0.517161 0.455451 
111.088 82.2285 -127.069 -0.718288 -0.531685 0.448862 
113.774 81.0062 -129.912 -0.725045 -0.516225 0.455988 
111.172 82.3851 -127.267 -0.718058 -0.532126 0.448709 
114.129 81.1139 -130.414 -0.725271 -0.515466 0.456488 
111.348 82.5407 -127.589 -0.717981 -0.532227 0.448711 
114.48 81.2889 -130.94 -0.725333 -0.515036 0.456875 
111.619 82.6767 -128.025 -0.718101 -0.531902 0.448904 
114.783 81.5222 -131.424 -0.725194 -0.515054 0.457074 
111.96 82.7758 -128.533 -0.718417 -0.531151 0.449288 
114.992 81.7862 -131.799 -0.724864 -0.515549 0.45704 
112.328 82.8277 -129.047 -0.718878 -0.530081 0.449814 
115.078 82.0411 -132.012 -0.724398 -0.516435 0.456779 
112.674 82.8321 -129.501 -0.719402 -0.528867 0.450405 
115.039 82.2504 -132.045 -0.723874 -0.517554 0.456342 
112.959 82.7961 -129.847 -0.719913 -0.527677 0.450983 
114.895 82.3928 -131.92 -0.723366 -0.518734 0.455808 
113.165 82.7304 -130.067 -0.720363 -0.526627 0.451493 
114.681 82.4661 -131.679 -0.72292 -0.519845 0.45525 
113.292 82.646 -130.171 -0.72073 -0.52577 0.451906 
114.431 82.4809 -131.37 -0.722555 -0.520814 0.454721 
113.35 82.5521 -130.18 -0.721014 -0.525112 0.452217 
114.171 82.4531 -131.033 -0.722271 -0.521616 0.454252 
113.353 82.4557 -130.118 -0.721225 -0.524637 0.452433 
113.921 82.3982 -130.696 -0.722058 -0.52226 0.453851 
113.316 82.3601 -130.007 -0.721377 -0.524309 0.45257 
113.688 82.3272 -130.374 -0.721902 -0.522764 0.453518 
113.251 82.268 -129.865 -0.721482 -0.5241 0.452644 
113.477 82.249 -130.074 -0.721789 -0.523159 0.453243 
113.167 82.1795 -129.703 -0.721554 -0.523978 0.452671 
113.286 82.1685 -129.798 -0.721707 -0.523469 0.453016 
113.071 82.0954 -129.53 -0.721601 -0.52392 0.452663 
113.113 82.0886 -129.544 -0.721647 -0.523715 0.452828 
112.968 82.0149 -129.353 -0.721632 -0.523905 0.452632 
112.956 82.0111 -129.31 -0.721602 -0.523915 0.452668 
112.863 81.9379 -129.176 -0.721652 -0.523917 0.452586 
112.812 81.9368 -129.093 -0.721566 -0.524084 0.452529 
112.757 81.8644 -129.001 -0.721664 -0.523948 0.45253 
112.678 81.866 -128.89 -0.721537 -0.524231 0.452406 
112.653 81.7934 -128.832 -0.721675 -0.523984 0.452471 
112.553 81.7993 -128.7 -0.721509 -0.524366 0.452293 
112.552 81.7253 -128.668 -0.721683 -0.524024 0.452411 
112.435 81.7361 -128.52 -0.721484 -0.524491 0.452189 
112.455 81.6593 -128.512 -0.721694 -0.524059 0.452355 
112.323 81.677 -128.349 -0.721456 -0.524614 0.452089 
112.363 81.5959 -128.364 -0.721706 -0.524088 0.452302 
112.216 81.6217 -128.186 -0.721427 -0.524738 0.451992 
112.277 81.5343 -128.224 -0.721721 -0.524107 0.452255 
112.113 81.5703 -128.03 -0.721394 -0.524867 0.451896 
112.197 81.4745 -128.093 -0.721742 -0.524112 0.452216 
112.013 81.5229 -127.879 -0.721356 -0.525003 0.451798 
112.123 81.416 -127.971 -0.72177 -0.524099 0.452187 
111.915 81.4796 -127.734 -0.721311 -0.525152 0.451698 
112.057 81.3584 -127.86 -0.721806 -0.524064 0.452168 
111.818 81.441 -127.592 -0.721257 -0.525317 0.451592 
111.999 81.3014 -127.759 -0.721854 -0.524003 0.452164 
111.722 81.4073 -127.453 -0.721191 -0.525504 0.451479 
111.95 81.2443 -127.67 -0.721915 -0.523909 0.452175 
111.625 81.3797 -127.317 -0.72111 -0.525722 0.451354 
111.912 81.187 -127.595 -0.721993 -0.523774 0.452207 
111.526 81.3584 -127.181 -0.721011 -0.525977 0.451215 
111.886 81.1281 -127.535 -0.722093 -0.523586 0.452264 
111.425 81.3451 -127.045 -0.720888 -0.526281 0.451058 
111.876 81.0675 -127.495 -0.722221 -0.523335 0.452352 
111.319 81.3417 -126.908 -0.720734 -0.526648 0.450875 
111.885 81.0038 -127.479 -0.722384 -0.522999 0.452479 
111.207 81.3501 -126.769 -0.720543 -0.527091 0.450662 
111.919 80.9372 -127.492 -0.72259 -0.522561 0.452655 
111.089 81.3741 -126.63 -0.720305 -0.527631 0.450412 
111.984 80.8669 -127.544 -0.722851 -0.521994 0.452894 
110.965 81.4174 -126.493 -0.72001 -0.528285 0.450117 
112.088 80.7945 -127.647 -0.723174 -0.521272 0.45321 
110.838 81.485 -126.363 -0.71965 -0.529068 0.449773 
112.245 80.7225 -127.818 -0.72357 -0.520366 0.453619 
110.713 81.5835 -126.252 -0.719219 -0.529987 0.44938 
112.467 80.6569 -128.076 -0.724042 -0.519255 0.454139 
110.604 81.7184 -126.182 -0.718725 -0.53102 0.448949 
112.769 80.6104 -128.446 -0.724576 -0.517948 0.454778 
110.535 81.8944 -126.186 -0.718196 -0.532105 0.448511 
113.161 80.6038 -128.95 -0.725135 -0.51651 0.455522 
110.542 82.1088 -126.311 -0.717699 -0.533097 0.448129 
113.64 80.6658 -129.596 -0.725643 -0.515087 0.456325 
110.669 82.3482 -126.611 -0.717342 -0.533771 0.447898 
114.179 80.8289 -130.361 -0.725983 -0.513932 0.457085 
110.955 82.5841 -127.123 -0.717258 -0.533857 0.447931 
114.714 81.113 -131.169 -0.726028 -0.513364 0.457652 
111.404 82.7795 -127.831 -0.717537 -0.533169 0.448303 
115.157 81.4999 -131.894 -0.725713 -0.513609 0.457876 
111.964 82.904 -128.646 -0.718151 -0.531758 0.448994 
115.421 81.9274 -132.403 -0.725081 -0.514672 0.457684 
112.537 82.9471 -129.427 -0.718956 -0.529918 0.449881 
115.468 82.3092 -132.613 -0.72428 -0.516289 0.45713 
113.031 82.919 -130.052 -0.719775 -0.528025 0.450798 
115.318 82.5834 -132.53 -0.723472 -0.518103 0.456357 
113.394 82.8401 -130.466 -0.720487 -0.526351 0.451617 
115.034 82.7327 -132.229 -0.722768 -0.519818 0.455521 
113.624 82.7313 -130.683 -0.721052 -0.525008 0.452278 
114.685 82.7772 -131.809 -0.722211 -0.521278 0.454735 
113.743 82.61 -130.746 -0.721476 -0.523998 0.452773 
114.326 82.7504 -131.352 -0.721797 -0.522443 0.454056 
113.781 82.4889 -130.707 -0.721781 -0.523277 0.45312 
113.992 82.6843 -130.909 -0.721497 -0.523341 0.453498 
113.764 82.3746 -130.604 -0.721995 -0.522783 0.453348 
113.695 82.5999 -130.505 -0.721285 -0.524018 0.453054 
113.713 82.269 -130.466 -0.722146 -0.522455 0.453487 
113.438 82.5109 -130.148 -0.721134 -0.524528 0.452703 
113.642 82.1723 -130.312 -0.72225 -0.522245 0.453563 
113.217 82.4248 -129.836 -0.721022 -0.524924 0.452422 
113.56 82.0825 -130.151 -0.722328 -0.522107 0.453597 
113.024 82.3448 -129.56 -0.720934 -0.525242 0.452193 
113.474 81.9987 -129.992 -0.72239 -0.522014 0.453606 
112.855 82.2721 -129.314 -0.720859 -0.525513 0.451998 
113.389 81.919 -129.839 -0.722446 -0.521937 0.453605 
112.701 82.2078 -129.091 -0.720786 -0.525764 0.451824 
113.31 81.8425 -129.696 -0.722505 -0.521857 0.453603 
112.56 82.1523 -128.886 -0.720707 -0.526011 0.45166 
113.239 81.7684 -129.567 -0.722571 -0.52176 0.453609 
112.427 82.1051 -128.695 -0.720621 -0.526267 0.4515 
113.179 81.6963 -129.455 -0.72265 -0.521633 0.45363 
112.301 82.0669 -128.517 -0.720523 -0.526542 0.451337 
113.132 81.6263 -129.362 -0.722744 -0.521467 0.453671 
112.179 82.0387 -128.348 -0.720407 -0.526847 0.451166 
113.103 81.558 -129.291 -0.722858 -0.521251 0.453739 
112.062 82.0207 -128.191 -0.720273 -0.527183 0.450986 
113.092 81.4924 -129.247 -0.722992 -0.520979 0.453836 
111.949 82.0144 -128.044 -0.720117 -0.52756 0.450794 
113.103 81.4298 -129.233 -0.723152 -0.520641 0.453969 
111.842 82.0207 -127.912 -0.719941 -0.527976 0.45059 
113.14 81.3722 -129.253 -0.723336 -0.520237 0.45414 
111.744 82.0414 -127.797 -0.719742 -0.52843 0.450374 
113.205 81.3215 -129.314 -0.723543 -0.519764 0.454351 
111.657 82.077 -127.706 -0.719527 -0.528912 0.450152 
113.301 81.2807 -129.42 -0.723771 -0.519225 0.454605 
111.587 82.1289 -127.646 -0.719299 -0.529409 0.449932 
113.43 81.2547 -129.574 -0.724009 -0.518639 0.454895 
111.542 82.1964 -127.627 -0.719074 -0.529891 0.449725 
113.591 81.2485 -129.779 -0.724244 -0.518031 0.455213 
111.531 82.2773 -127.659 -0.718869 -0.530317 0.44955 
113.781 81.2686 -130.031 -0.724455 -0.517447 0.455542 
111.561 82.3678 -127.751 -0.718709 -0.530636 0.449429 
113.989 81.3199 -130.321 -0.724618 -0.516942 0.455856 
111.64 82.4618 -127.909 -0.718618 -0.530798 0.449384 
114.202 81.4053 -130.63 -0.724705 -0.516584 0.456122 
111.77 82.5504 -128.131 -0.718619 -0.530754 0.449433 
114.399 81.5226 -130.932 -0.724698 -0.516432 0.456306 
111.943 82.6251 -128.402 -0.718722 -0.530487 0.449585 
114.559 81.6633 -131.195 -0.724588 -0.51652 0.456381 
112.146 82.6784 -128.7 -0.718919 -0.530014 0.449828 
114.665 81.8126 -131.392 -0.724386 -0.516845 0.456333 
112.358 82.7066 -128.993 -0.719183 -0.529391 0.450139 
114.704 81.9541 -131.5 -0.724116 -0.517368 0.456169 
112.557 82.7084 -129.252 -0.719485 -0.528688 0.450484 
114.678 82.0719 -131.514 -0.723814 -0.518016 0.455913 
112.725 82.6866 -129.456 -0.719788 -0.527982 0.450826 
114.593 82.1572 -131.441 -0.723509 -0.51872 0.455597 
112.853 82.6462 -129.593 -0.720068 -0.527333 0.451138 
114.464 82.2061 -131.298 -0.723228 -0.51941 0.455257 
112.935 82.5915 -129.663 -0.720311 -0.526775 0.451402 
114.307 82.2213 -131.107 -0.722985 -0.520043 0.454919 
112.976 82.5279 -129.672 -0.720509 -0.526328 0.451609 
114.137 82.2088 -130.886 -0.722786 -0.520596 0.454605 
112.978 82.46 -129.631 -0.720661 -0.525993 0.451757 
113.965 82.1744 -130.654 -0.722631 -0.521054 0.454325 
112.95 82.3904 -129.549 -0.720771 -0.525761 0.45185 
113.798 82.1251 -130.421 -0.722516 -0.521424 0.454084 
112.897 82.3211 -129.438 -0.720845 -0.52562 0.451897 
113.64 82.0655 -130.197 -0.722437 -0.521709 0.453882 
112.825 82.2543 -129.305 -0.720887 -0.525559 0.451901 
113.496 81.9996 -129.985 -0.722388 -0.521918 0.453719 
112.739 82.1908 -129.157 -0.720901 -0.525564 0.451872 
113.365 81.9298 -129.788 -0.722367 -0.52206 0.453591 
112.643 82.1314 -129 -0.720892 -0.525626 0.451813 
113.249 81.8582 -129.609 -0.722368 -0.52214 0.453495 
112.539 82.0768 -128.836 -0.720862 -0.525738 0.451731 
113.147 81.7857 -129.447 -0.722392 -0.522164 0.45343 
112.43 82.0281 -128.67 -0.720811 -0.525898 0.451627 
113.06 81.7131 -129.303 -0.722437 -0.522134 0.453394 
112.318 81.9853 -128.503 -0.720741 -0.526099 0.451505 
112.989 81.641 -129.18 -0.722502 -0.52205 0.453387 
112.203 81.9499 -128.337 -0.720651 -0.526343 0.451364 
112.934 81.5692 -129.078 -0.72259 -0.521906 0.453411 
112.087 81.9231 -128.174 -0.720538 -0.526634 0.451205 
112.898 81.4985 -128.999 -0.722702 -0.521702 0.453468 
111.97 81.9059 -128.016 -0.720401 -0.526974 0.451027 
112.883 81.4286 -128.948 -0.722842 -0.521426 0.453562 
111.853 81.8997 -127.864 -0.720239 -0.527364 0.450829 
112.891 81.3609 -128.929 -0.72301 -0.521076 0.453696 
111.739 81.9069 -127.722 -0.720048 -0.527811 0.450612 
112.926 81.2963 -128.945 -0.72321 -0.520643 0.453876 
111.629 81.9292 -127.593 -0.719828 -0.528313 0.450375 
112.993 81.2369 -129.005 -0.723442 -0.520121 0.454105 
111.528 81.9687 -127.485 -0.71958 -0.528865 0.450123 
113.096 81.1861 -129.115 -0.723704 -0.51951 0.454386 
111.441 82.0266 -127.406 -0.719312 -0.529451 0.449863 
113.239 81.1483 -129.283 -0.723989 -0.518819 0.45472 
111.378 82.1045 -127.368 -0.719032 -0.530048 0.449607 
113.423 81.1313 -129.512 -0.724283 -0.518077 0.455099 
111.35 82.201 -127.386 -0.718764 -0.530606 0.449376 
113.647 81.1432 -129.806 -0.72456 -0.517332 0.455504 
111.37 82.312 -127.476 -0.718539 -0.53106 0.4492 
113.902 81.1927 -130.155 -0.724791 -0.516653 0.455908 
111.451 82.4307 -127.649 -0.718392 -0.531335 0.449111 
114.171 81.2867 -130.54 -0.724934 -0.516135 0.456268 
111.598 82.5457 -127.909 -0.718361 -0.531352 0.449139 
114.429 81.426 -130.93 -0.724956 -0.515869 0.456534 
111.807 82.645 -128.242 -0.718466 -0.531071 0.449303 
114.646 81.6016 -131.281 -0.724839 -0.515919 0.456661 
112.062 82.7173 -128.62 -0.718703 -0.530503 0.449596 
114.794 81.7944 -131.55 -0.724594 -0.516295 0.456626 
112.333 82.7568 -128.998 -0.719037 -0.529721 0.449985 
114.857 81.9795 -131.704 -0.724255 -0.516941 0.456433 
112.59 82.7618 -129.335 -0.719421 -0.528827 0.450422 
114.83 82.1345 -131.734 -0.72387 -0.517761 0.456115 
112.807 82.7365 -129.599 -0.719806 -0.527931 0.450858 
114.728 82.245 -131.648 -0.723485 -0.518647 0.455719 
112.969 82.6875 -129.776 -0.720157 -0.527116 0.451251 
114.569 82.3076 -131.473 -0.723134 -0.519509 0.455293 
113.074 82.6217 -129.865 -0.720454 -0.526428 0.451579 
114.376 82.3261 -131.237 -0.722837 -0.520286 0.454877 
113.125 82.5459 -129.879 -0.720693 -0.525883 0.451834 
114.17 82.3098 -130.97 -0.722598 -0.520951 0.454495 
113.13 82.4655 -129.833 -0.720875 -0.525477 0.452015 
113.964 82.2687 -130.693 -0.722414 -0.521499 0.45416 
113.099 82.3843 -129.74 -0.721006 -0.525198 0.452131 
113.767 82.2106 -130.421 -0.722278 -0.521934 0.453875 
113.041 82.3044 -129.615 -0.721095 -0.525023 0.452191 
113.584 82.1429 -130.16 -0.722181 -0.522275 0.453638 
112.963 82.2269 -129.468 -0.721152 -0.524932 0.452206 
113.416 82.0696 -129.917 -0.722117 -0.522533 0.453443 
112.871 82.1532 -129.307 -0.721181 -0.52491 0.452185 
113.265 81.9939 -129.691 -0.722078 -0.522723 0.453286 
112.77 82.0834 -129.136 -0.721188 -0.524942 0.452137 
113.128 81.9175 -129.483 -0.722061 -0.522856 0.45316 
112.661 82.0181 -128.961 -0.721176 -0.52502 0.452065 
113.005 81.8415 -129.292 -0.722062 -0.52294 0.453062 
112.549 81.957 -128.785 -0.72115 -0.525133 0.451977 
112.895 81.7667 -129.118 -0.722078 -0.522981 0.452989 
112.435 81.9009 -128.608 -0.721108 -0.525278 0.451874 
112.798 81.6925 -128.96 -0.72211 -0.52298 0.452939 
112.318 81.8505 -128.433 -0.721052 -0.525457 0.451757 
112.714 81.6197 -128.82 -0.722158 -0.522937 0.452912 
112.201 81.8057 -128.26 -0.72098 -0.525666 0.451627 
112.643 81.5472 -128.696 -0.722224 -0.522849 0.452909 
112.083 81.7681 -128.09 -0.720891 -0.525914 0.451482 
112.587 81.4755 -128.591 -0.722309 -0.522712 0.452932 
111.963 81.7382 -127.923 -0.720781 -0.526202 0.451322 
112.547 81.404 -128.507 -0.722417 -0.522517 0.452984 
111.843 81.7174 -127.758 -0.720648 -0.526537 0.451143 
112.525 81.3324 -128.447 -0.722552 -0.522255 0.45307 
111.721 81.7073 -127.597 -0.720486 -0.526929 0.450943 
112.526 81.2609 -128.416 -0.722719 -0.521915 0.453196 
111.598 81.7101 -127.442 -0.720293 -0.527386 0.450718 
112.552 81.1896 -128.418 -0.722923 -0.521481 0.45337 
111.475 81.7283 -127.294 -0.720062 -0.527915 0.450467 
112.611 81.1199 -128.462 -0.723169 -0.52094 0.453599 
111.355 81.7648 -127.159 -0.719791 -0.528524 0.450187 
112.707 81.0539 -128.557 -0.72346 -0.52028 0.453893 
111.241 81.8231 -127.044 -0.719478 -0.529209 0.449881 
112.85 80.9962 -128.716 -0.723796 -0.519494 0.454257 
111.143 81.9061 -126.963 -0.71913 -0.529957 0.449558 
113.045 80.9536 -128.948 -0.724168 -0.518592 0.454695 
111.074 82.0158 -126.933 -0.718763 -0.530728 0.449234 
113.297 80.937 -129.267 -0.724555 -0.517608 0.455198 
111.051 82.1509 -126.978 -0.71841 -0.531452 0.448943 
113.605 80.9605 -129.674 -0.724921 -0.516616 0.455743 
111.096 82.3058 -127.124 -0.718121 -0.532023 0.448729 
113.956 81.0394 -130.16 -0.725212 -0.515733 0.456281 
111.23 82.4676 -127.393 -0.717961 -0.532306 0.44865 
114.322 81.1858 -130.693 -0.725361 -0.515114 0.456742 
111.464 82.6187 -127.788 -0.717987 -0.532184 0.448753 
114.662 81.3992 -131.218 -0.725316 -0.514908 0.457045 
111.784 82.7394 -128.281 -0.718222 -0.531608 0.44906 
114.925 81.66 -131.662 -0.725064 -0.515195 0.457123 
112.155 82.8151 -128.814 -0.718636 -0.530641 0.449541 
115.073 81.9309 -131.961 -0.72464 -0.515937 0.456958 
112.526 82.8413 -129.315 -0.719154 -0.529441 0.450126 
115.09 82.171 -132.078 -0.724119 -0.517001 0.456581 
112.849 82.8219 -129.723 -0.719692 -0.528193 0.450733 
114.987 82.3491 -132.019 -0.723583 -0.518201 0.456069 
113.097 82.767 -130.006 -0.720184 -0.527045 0.451291 
114.796 82.4548 -131.819 -0.723095 -0.519381 0.455501 
113.262 82.6882 -130.163 -0.720596 -0.52608 0.451758 
114.552 82.4944 -131.529 -0.722685 -0.520439 0.454944 
113.35 82.596 -130.212 -0.720922 -0.525321 0.452121 
114.289 82.483 -131.194 -0.722362 -0.521331 0.454437 
113.377 82.4985 -130.179 -0.721168 -0.524758 0.452383 
114.029 82.4374 -130.848 -0.722116 -0.522052 0.453999 
113.356 82.4009 -130.087 -0.721347 -0.524362 0.452556 
113.785 82.3712 -130.514 -0.721934 -0.522622 0.453631 
113.302 82.3063 -129.956 -0.721473 -0.5241 0.452658 
113.561 82.2947 -130.201 -0.721801 -0.523069 0.453328 
113.226 82.2152 -129.8 -0.721561 -0.523938 0.452706 
113.359 82.2143 -129.912 -0.721705 -0.523418 0.453078 
113.134 82.1286 -129.631 -0.721619 -0.523852 0.452714 
113.177 82.1336 -129.646 -0.721634 -0.523695 0.452871 
113.034 82.0459 -129.455 -0.721658 -0.523815 0.452694 
113.012 82.0549 -129.402 -0.721581 -0.523919 0.452696 
112.93 81.9667 -129.278 -0.721685 -0.523811 0.452655 
112.861 81.9795 -129.176 -0.721539 -0.524107 0.452546 
112.825 81.891 -129.103 -0.721703 -0.523829 0.452606 
112.722 81.9077 -128.966 -0.721504 -0.52427 0.452413 
112.721 81.8179 -128.932 -0.721719 -0.523854 0.452552 
112.591 81.8403 -128.768 -0.72147 -0.524421 0.452291 
112.621 81.7473 -128.768 -0.721734 -0.52388 0.452498 
112.469 81.7766 -128.582 -0.721439 -0.524562 0.452178 
112.525 81.6793 -128.611 -0.72175 -0.523903 0.452446 
112.352 81.7174 -128.405 -0.721404 -0.524703 0.452069 
112.434 81.6134 -128.463 -0.721769 -0.523917 0.4524 
112.239 81.6625 -128.236 -0.721367 -0.524847 0.451962 
112.349 81.5488 -128.324 -0.721794 -0.523915 0.452361 
112.131 81.6116 -128.073 -0.721324 -0.524997 0.451855 
112.271 81.486 -128.194 -0.721826 -0.523897 0.452332 
112.025 81.5656 -127.916 -0.721274 -0.525161 0.451745 
112.202 81.4242 -128.076 -0.721867 -0.523855 0.452315 
111.921 81.5247 -127.763 -0.721214 -0.525343 0.451629 
112.14 81.3629 -127.969 -0.721919 -0.523785 0.452312 
111.817 81.4895 -127.614 -0.721141 -0.525551 0.451505 
112.089 81.3021 -127.875 -0.721986 -0.523681 0.452327 
111.713 81.4603 -127.467 -0.721053 -0.525787 0.45137 
112.05 81.2404 -127.796 -0.722072 -0.52353 0.452363 
111.607 81.4383 -127.322 -0.720945 -0.526064 0.451219 
112.024 81.1776 -127.735 -0.722182 -0.523324 0.452427 
111.499 81.4249 -127.177 -0.720812 -0.526392 0.451049 
112.016 81.1129 -127.695 -0.72232 -0.523048 0.452524 
111.386 81.4224 -127.032 -0.720647 -0.526786 0.450854 
112.028 81.0463 -127.681 -0.722494 -0.522688 0.452663 
111.269 81.4325 -126.887 -0.720444 -0.527257 0.450628 
112.066 80.9768 -127.699 -0.722714 -0.522219 0.452853 
111.147 81.4592 -126.744 -0.720192 -0.527825 0.450365 
112.138 80.9053 -127.76 -0.722986 -0.521621 0.453108 
111.021 81.506 -126.607 -0.719886 -0.528503 0.450059 
112.252 80.8329 -127.875 -0.723322 -0.520865 0.453441 
110.895 81.5786 -126.481 -0.719517 -0.529304 0.449709 
112.42 80.7642 -128.062 -0.723724 -0.519934 0.453868 
110.777 81.6818 -126.383 -0.719086 -0.53022 0.449318 
112.655 80.7062 -128.34 -0.724193 -0.518815 0.4544 
110.683 81.821 -126.335 -0.718607 -0.53122 0.448903 
112.967 80.6733 -128.729 -0.724708 -0.517535 0.455039 
110.638 81.9981 -126.372 -0.718115 -0.532223 0.448502 
113.364 80.687 -129.247 -0.725221 -0.516179 0.455761 
110.678 82.2072 -126.538 -0.717686 -0.53307 0.448183 
113.833 80.7741 -129.891 -0.725653 -0.514911 0.456508 
110.842 82.4315 -126.88 -0.717426 -0.53354 0.448039 
114.34 80.9619 -130.624 -0.72589 -0.513987 0.45717 
111.156 82.6429 -127.416 -0.717445 -0.533412 0.448161 
114.819 81.2571 -131.362 -0.725836 -0.513673 0.45761 
111.608 82.8076 -128.111 -0.717797 -0.532571 0.448597 
115.187 81.6312 -131.986 -0.725457 -0.514119 0.45771 
112.137 82.9036 -128.867 -0.718422 -0.531136 0.449298 
115.379 82.0205 -132.386 -0.72482 -0.51526 0.457436 
112.654 82.9262 -129.56 -0.71918 -0.529397 0.450138 
115.372 82.3511 -132.508 -0.724066 -0.516828 0.45686 
113.085 82.8869 -130.094 -0.719922 -0.527674 0.450974 
115.198 82.5768 -132.375 -0.723334 -0.518505 0.456119 
113.394 82.8046 -130.435 -0.720557 -0.526177 0.451707 
114.913 82.692 -132.062 -0.722706 -0.520061 0.455343 
113.584 82.6977 -130.601 -0.721059 -0.524987 0.45229 
114.58 82.7175 -131.654 -0.72221 -0.521377 0.454624 
113.675 82.5812 -130.634 -0.721435 -0.524097 0.452723 
114.243 82.683 -131.22 -0.72184 -0.522429 0.454004 
113.696 82.4649 -130.577 -0.721707 -0.523462 0.453024 
113.929 82.6148 -130.802 -0.721572 -0.523241 0.453495 
113.668 82.3544 -130.464 -0.7219 -0.523028 0.453219 
113.65 82.5314 -130.419 -0.72138 -0.52386 0.453085 
113.609 82.2516 -130.32 -0.722034 -0.522743 0.453334 
113.405 82.4445 -130.076 -0.721241 -0.524335 0.452757 
113.532 82.1557 -130.16 -0.722131 -0.522558 0.453393 
113.192 82.3598 -129.773 -0.721136 -0.524708 0.452492 
113.445 82.0663 -129.995 -0.722202 -0.52244 0.453416 
113.004 82.2801 -129.502 -0.721053 -0.525012 0.452272 
113.356 81.9817 -129.831 -0.72226 -0.522358 0.453417 
112.835 82.2077 -129.257 -0.720978 -0.525279 0.452081 
113.267 81.9007 -129.673 -0.722315 -0.522289 0.45341 
112.681 82.1427 -129.032 -0.720906 -0.525527 0.451908 
113.184 81.8224 -129.525 -0.722372 -0.522215 0.453403 
112.538 82.0859 -128.824 -0.720828 -0.525775 0.451744 
113.109 81.7463 -129.391 -0.722438 -0.522122 0.453406 
112.403 82.037 -128.629 -0.720742 -0.526032 0.451582 
113.045 81.6722 -129.272 -0.722515 -0.522 0.453423 
112.273 81.9967 -128.444 -0.720642 -0.52631 0.451417 
112.994 81.5992 -129.172 -0.72261 -0.521836 0.453461 
112.147 81.9661 -128.269 -0.720525 -0.526619 0.451242 
112.96 81.5281 -129.094 -0.722724 -0.521623 0.453525 
112.024 81.9455 -128.103 -0.720389 -0.526964 0.451057 
112.944 81.4583 -129.042 -0.722862 -0.521348 0.453621 
111.904 81.9369 -127.947 -0.720229 -0.527355 0.450857 
112.951 81.3911 -129.02 -0.723026 -0.521005 0.453753 
111.789 81.9413 -127.802 -0.720043 -0.527793 0.450641 
112.983 81.3275 -129.033 -0.723219 -0.520586 0.453926 
111.679 81.9607 -127.673 -0.719831 -0.528279 0.450409 
113.046 81.269 -129.088 -0.723442 -0.520083 0.454146 
111.579 81.9962 -127.565 -0.719596 -0.528808 0.450165 
113.143 81.2195 -129.19 -0.723692 -0.519502 0.454415 
111.495 82.0501 -127.486 -0.719339 -0.52937 0.449915 
113.277 81.1833 -129.347 -0.723962 -0.518848 0.454731 
111.433 82.1226 -127.447 -0.719075 -0.529936 0.44967 
113.45 81.1662 -129.562 -0.72424 -0.518147 0.455089 
111.405 82.2123 -127.462 -0.718823 -0.530463 0.449452 
113.66 81.1768 -129.837 -0.724501 -0.517445 0.45547 
111.422 82.3161 -127.543 -0.71861 -0.530895 0.449283 
113.898 81.2221 -130.163 -0.724719 -0.516805 0.455851 
111.494 82.4268 -127.702 -0.71847 -0.531158 0.449196 
114.15 81.309 -130.523 -0.724856 -0.516313 0.45619 
111.629 82.5348 -127.941 -0.718435 -0.531188 0.449216 
114.393 81.4371 -130.889 -0.724884 -0.51605 0.456444 
111.821 82.6291 -128.25 -0.718524 -0.530945 0.449361 
114.599 81.5987 -131.22 -0.724786 -0.516073 0.456573 
112.056 82.6994 -128.6 -0.718734 -0.530437 0.449626 
114.743 81.7777 -131.478 -0.724567 -0.516399 0.456552 
112.309 82.7391 -128.955 -0.719038 -0.529721 0.449982 
114.809 81.9514 -131.633 -0.724257 -0.51698 0.456385 
112.552 82.7474 -129.275 -0.719393 -0.528894 0.450388 
114.792 82.0998 -131.672 -0.723899 -0.517735 0.456098 
112.759 82.7264 -129.53 -0.719755 -0.528051 0.450798 
114.703 82.2081 -131.602 -0.723537 -0.518561 0.455733 
112.918 82.6822 -129.705 -0.720091 -0.527273 0.451173 
114.559 82.2719 -131.446 -0.723203 -0.519377 0.455335 
113.023 82.6213 -129.799 -0.720379 -0.526607 0.451491 
114.38 82.2943 -131.229 -0.722915 -0.520123 0.45494 
113.076 82.5504 -129.82 -0.720611 -0.526075 0.45174 
114.186 82.2831 -130.979 -0.72268 -0.52077 0.454573 
113.086 82.4738 -129.781 -0.720791 -0.525674 0.45192 
113.989 82.2464 -130.715 -0.722499 -0.521305 0.454248 
113.06 82.396 -129.697 -0.720922 -0.525394 0.452036 
113.799 82.1928 -130.453 -0.722363 -0.521736 0.45397 
113.006 82.3186 -129.579 -0.721013 -0.525216 0.452099 
113.622 82.1284 -130.201 -0.722267 -0.522071 0.453737 
112.932 82.2439 -129.438 -0.721068 -0.525125 0.452116 
113.459 82.0573 -129.964 -0.722204 -0.522323 0.453546 
112.843 82.1726 -129.281 -0.721096 -0.525104 0.452096 
113.311 81.9834 -129.744 -0.722167 -0.522507 0.453393 
112.743 82.1051 -129.115 -0.721101 -0.525139 0.452047 
113.178 81.9085 -129.542 -0.722152 -0.522633 0.453271 
112.637 82.042 -128.943 -0.721086 -0.525222 0.451975 
113.059 81.8331 -129.357 -0.722158 -0.522705 0.45318 
112.525 81.9836 -128.768 -0.721054 -0.525345 0.451884 
112.954 81.7581 -129.189 -0.722181 -0.522729 0.453115 
112.411 81.9309 -128.594 -0.721004 -0.525506 0.451775 
112.862 81.6842 -129.038 -0.722222 -0.522709 0.453074 
112.294 81.8838 -128.42 -0.720939 -0.525701 0.451652 
112.785 81.6106 -128.906 -0.722281 -0.522639 0.45306 
112.176 81.8436 -128.248 -0.720855 -0.525936 0.451512 
112.722 81.5379 -128.793 -0.722359 -0.52252 0.453073 
112.057 81.8111 -128.078 -0.720752 -0.526212 0.451357 
112.676 81.4653 -128.701 -0.722461 -0.522342 0.453115 
111.936 81.787 -127.912 -0.720626 -0.526531 0.451184 
112.648 81.3933 -128.633 -0.722588 -0.522101 0.45319 
111.815 81.7736 -127.75 -0.720474 -0.526905 0.450991 
112.642 81.3218 -128.592 -0.722745 -0.521786 0.453304 
111.693 81.7724 -127.594 -0.720291 -0.527339 0.450775 
112.661 81.2512 -128.585 -0.722935 -0.521384 0.453462 
111.572 81.7857 -127.446 -0.720075 -0.527839 0.450535 
112.709 81.1826 -128.617 -0.723164 -0.520884 0.453672 
111.454 81.8162 -127.311 -0.719823 -0.52841 0.45027 
112.793 81.1182 -128.697 -0.723434 -0.520275 0.453941 
111.343 81.8667 -127.196 -0.719533 -0.529048 0.449982 
112.92 81.0618 -128.834 -0.723743 -0.519554 0.454274 
111.247 81.9398 -127.113 -0.719213 -0.529741 0.44968 
113.094 81.0196 -129.041 -0.724084 -0.518729 0.454673 
111.177 82.0371 -127.076 -0.718876 -0.530455 0.449377 
113.32 81.0008 -129.324 -0.72444 -0.517829 0.455131 
111.149 82.1578 -127.106 -0.718549 -0.53113 0.449103 
113.596 81.0174 -129.687 -0.72478 -0.516916 0.455628 
111.18 82.2967 -127.226 -0.718276 -0.531675 0.448895 
113.913 81.0823 -130.123 -0.725057 -0.51609 0.456123 
111.29 82.4443 -127.454 -0.718108 -0.53198 0.448801 
114.247 81.2061 -130.605 -0.725217 -0.51548 0.456559 
111.487 82.5849 -127.794 -0.718099 -0.531939 0.448864 
114.563 81.3898 -131.087 -0.725211 -0.515218 0.456864 
111.764 82.7016 -128.228 -0.718274 -0.531499 0.449107 
114.818 81.6192 -131.509 -0.72502 -0.515385 0.456978 
112.094 82.7803 -128.708 -0.718616 -0.530692 0.449513 
114.977 81.8645 -131.812 -0.724669 -0.515969 0.456876 
112.433 82.8151 -129.174 -0.719067 -0.529644 0.450027 
115.02 82.0906 -131.957 -0.724212 -0.516875 0.456576 
112.741 82.8072 -129.569 -0.719557 -0.528508 0.45058 
114.952 82.2674 -131.942 -0.723724 -0.517947 0.456136 
112.986 82.7643 -129.857 -0.720021 -0.527427 0.451105 
114.795 82.3813 -131.789 -0.723262 -0.51904 0.455625 
113.158 82.6964 -130.031 -0.720422 -0.52649 0.451558 
114.582 82.4337 -131.541 -0.722863 -0.520051 0.455105 
113.257 82.613 -130.101 -0.720747 -0.525734 0.45192 
114.341 82.4356 -131.239 -0.722539 -0.520924 0.454621 
113.295 82.5221 -130.088 -0.720998 -0.52516 0.452187 
114.096 82.4012 -130.917 -0.722289 -0.521644 0.454193 
113.286 82.4296 -130.013 -0.721182 -0.52475 0.452369 
113.861 82.3439 -130.597 -0.722101 -0.522221 0.453828 
113.24 82.338 -129.895 -0.721314 -0.524473 0.452481 
113.643 82.2728 -130.292 -0.721964 -0.522673 0.453525 
113.17 82.2497 -129.749 -0.721404 -0.524303 0.452535 
113.444 82.1956 -130.009 -0.721866 -0.523027 0.453274 
113.082 82.1652 -129.585 -0.721463 -0.524212 0.452546 
113.264 82.1162 -129.746 -0.721796 -0.523302 0.453068 
112.984 82.0841 -129.412 -0.7215 -0.524179 0.452526 
113.101 82.0372 -129.504 -0.721747 -0.523518 0.452896 
112.879 82.0074 -129.234 -0.721519 -0.52419 0.452483 
112.952 81.9601 -129.281 -0.721714 -0.523688 0.452752 
112.771 81.9339 -129.056 -0.721527 -0.524228 0.452425 
112.816 81.8855 -129.074 -0.721691 -0.523826 0.45263 
112.662 81.8639 -128.88 -0.721527 -0.524285 0.452358 
112.691 81.814 -128.882 -0.721675 -0.52394 0.452523 
112.554 81.7975 -128.708 -0.721521 -0.524358 0.452284 
112.575 81.7451 -128.702 -0.721666 -0.524032 0.452431 
112.448 81.734 -128.541 -0.721512 -0.524437 0.452207 
112.467 81.6794 -128.533 -0.721661 -0.524109 0.452349 
112.345 81.674 -128.379 -0.721497 -0.524525 0.452128 
112.366 81.6162 -128.375 -0.72166 -0.524173 0.452277 
112.244 81.6173 -128.222 -0.72148 -0.524618 0.452047 
112.272 81.5555 -128.226 -0.721664 -0.524223 0.452213 
112.146 81.5638 -128.071 -0.72146 -0.524717 0.451966 
112.185 81.4966 -128.087 -0.721672 -0.524259 0.452158 
112.051 81.5133 -127.926 -0.721436 -0.524819 0.451884 
112.104 81.4403 -127.957 -0.721684 -0.524284 0.45211 
111.959 81.4669 -127.785 -0.721407 -0.524933 0.4518 
112.029 81.3852 -127.836 -0.721702 -0.524292 0.452072 
111.868 81.4238 -127.649 -0.721373 -0.525054 0.451713 
111.961 81.3315 -127.724 -0.721727 -0.524282 0.452044 
111.779 81.3844 -127.517 -0.721332 -0.525188 0.451623 
111.9 81.2785 -127.622 -0.721761 -0.52425 0.452027 
111.691 81.3492 -127.388 -0.721282 -0.525338 0.451527 
111.847 81.226 -127.53 -0.721805 -0.524193 0.452023 
111.603 81.319 -127.261 -0.72122 -0.525513 0.451422 
111.802 81.1737 -127.449 -0.721861 -0.524105 0.452034 
111.514 81.2938 -127.135 -0.721145 -0.525715 0.451307 
111.768 81.1203 -127.381 -0.721936 -0.523975 0.452066 
111.423 81.2751 -127.009 -0.72105 -0.525956 0.451177 
111.746 81.0657 -127.327 -0.722031 -0.523797 0.45212 
111.328 81.2636 -126.883 -0.720934 -0.526244 0.451029 
111.738 81.0085 -127.292 -0.722154 -0.523553 0.452206 
111.228 81.2617 -126.755 -0.720786 -0.526595 0.450855 
111.748 80.9485 -127.278 -0.722312 -0.523229 0.452329 
111.122 81.271 -126.624 -0.720601 -0.527022 0.450651 
111.782 80.8846 -127.294 -0.722512 -0.522804 0.452501 
111.009 81.2954 -126.491 -0.720368 -0.527549 0.450408 
111.846 80.8162 -127.346 -0.722768 -0.522247 0.452735 
110.888 81.3387 -126.356 -0.720076 -0.528193 0.450119 
111.95 80.7444 -127.447 -0.723089 -0.521533 0.453046 
110.76 81.4064 -126.227 -0.719716 -0.528975 0.449776 
112.104 80.6711 -127.615 -0.723487 -0.520627 0.453453 
110.633 81.5047 -126.112 -0.71928 -0.529905 0.449379 
112.325 80.6016 -127.869 -0.723968 -0.519502 0.453975 
110.516 81.6412 -126.032 -0.71877 -0.530973 0.448934 
112.628 80.5484 -128.238 -0.724522 -0.518159 0.454625 
110.435 81.8207 -126.021 -0.718212 -0.532119 0.44847 
113.026 80.5311 -128.746 -0.725118 -0.516645 0.455397 
110.425 82.0436 -126.128 -0.717666 -0.533211 0.448047 
113.522 80.5816 -129.409 -0.725677 -0.515107 0.456247 
110.537 82.2971 -126.414 -0.717249 -0.534008 0.447766 
114.092 80.736 -130.21 -0.726079 -0.513803 0.457078 
110.817 82.5525 -126.928 -0.717109 -0.534207 0.447753 
114.671 81.0222 -131.076 -0.726177 -0.513088 0.457725 
111.279 82.7689 -127.665 -0.717361 -0.533572 0.448105 
115.164 81.4279 -131.874 -0.725883 -0.513244 0.458017 
111.872 82.9104 -128.536 -0.717995 -0.532119 0.448818 
115.471 81.8891 -132.452 -0.725227 -0.514313 0.457855 
112.492 82.9634 -129.385 -0.718855 -0.530159 0.449759 
115.542 82.309 -132.707 -0.724372 -0.516021 0.457288 
113.031 82.9381 -130.072 -0.719739 -0.528119 0.450746 
115.396 82.6136 -132.64 -0.7235 -0.517965 0.45647 
113.429 82.8574 -130.531 -0.720507 -0.526313 0.45163 
115.099 82.7807 -132.33 -0.722742 -0.519805 0.455577 
113.681 82.7443 -130.772 -0.721112 -0.524869 0.452343 
114.731 82.8318 -131.89 -0.722147 -0.521365 0.454739 
113.814 82.6181 -130.848 -0.721564 -0.523788 0.452876 
114.354 82.806 -131.409 -0.721705 -0.522602 0.454019 
113.859 82.4932 -130.814 -0.721886 -0.52302 0.45325 
114.004 82.7375 -130.947 -0.721391 -0.523544 0.453432 
113.848 82.3763 -130.716 -0.722112 -0.522494 0.453496 
113.697 82.6512 -130.531 -0.72117 -0.524249 0.452969 
113.801 82.2703 -130.582 -0.722267 -0.522148 0.453647 
113.435 82.5605 -130.168 -0.721016 -0.524773 0.452608 
113.734 82.1741 -130.431 -0.722376 -0.521925 0.453731 
113.212 82.4735 -129.854 -0.720904 -0.525171 0.452324 
113.655 82.0864 -130.275 -0.722453 -0.521784 0.45377 
113.021 82.3938 -129.581 -0.720817 -0.525487 0.452095 
113.573 82.0051 -130.122 -0.722514 -0.521688 0.453783 
112.854 82.3225 -129.34 -0.720743 -0.525754 0.451903 
113.493 81.9281 -129.975 -0.72257 -0.52161 0.453784 
112.705 82.2598 -129.123 -0.720672 -0.525997 0.451733 
113.417 81.8548 -129.839 -0.722627 -0.521532 0.453784 
112.568 82.2058 -128.926 -0.720598 -0.526234 0.451576 
113.349 81.7844 -129.716 -0.72269 -0.521439 0.45379 
112.441 82.1607 -128.744 -0.720516 -0.526479 0.451422 
113.293 81.7158 -129.61 -0.722766 -0.521315 0.453812 
112.321 82.1247 -128.574 -0.720421 -0.526742 0.451266 
113.25 81.6493 -129.523 -0.722857 -0.521153 0.453854 
112.206 82.0986 -128.415 -0.72031 -0.527033 0.451104 
113.224 81.5852 -129.459 -0.722966 -0.520944 0.45392 
112.097 82.0824 -128.268 -0.720183 -0.527352 0.450934 
113.216 81.5243 -129.42 -0.723093 -0.520684 0.454014 
111.992 82.0776 -128.133 -0.720037 -0.527705 0.450754 
113.229 81.467 -129.411 -0.723243 -0.520365 0.454142 
111.895 82.0846 -128.014 -0.719873 -0.528089 0.450565 
113.266 81.4156 -129.435 -0.723413 -0.519989 0.454303 
111.807 82.1048 -127.913 -0.719692 -0.528503 0.450369 
113.329 81.3715 -129.496 -0.723601 -0.519553 0.4545 
111.732 82.1384 -127.836 -0.7195 -0.528933 0.450171 
113.42 81.3384 -129.598 -0.723803 -0.519071 0.45473 
111.674 82.1861 -127.79 -0.719302 -0.529366 0.449979 
113.539 81.3196 -129.743 -0.724009 -0.518555 0.45499 
111.642 82.2464 -127.782 -0.719112 -0.529771 0.449806 
113.684 81.3202 -129.929 -0.724206 -0.518037 0.455267 
111.64 82.3174 -127.821 -0.718946 -0.530115 0.449666 
113.851 81.3439 -130.154 -0.724377 -0.517551 0.455547 
111.675 82.3955 -127.913 -0.718823 -0.530359 0.449576 
114.03 81.3946 -130.405 -0.724502 -0.517149 0.455806 
111.751 82.4744 -128.059 -0.718762 -0.530459 0.449555 
114.209 81.473 -130.667 -0.72456 -0.51688 0.456018 
111.868 82.5477 -128.255 -0.718779 -0.530387 0.449613 
114.37 81.5759 -130.917 -0.724539 -0.516787 0.456157 
112.019 82.6084 -128.489 -0.718877 -0.530135 0.449753 
114.498 81.6956 -131.131 -0.724435 -0.516891 0.456204 
112.191 82.6509 -128.739 -0.719049 -0.52972 0.449967 
114.58 81.8202 -131.286 -0.724258 -0.517185 0.456151 
112.369 82.6726 -128.983 -0.719274 -0.529189 0.450232 
114.607 81.9363 -131.369 -0.72403 -0.517633 0.456005 
112.534 82.6724 -129.197 -0.719528 -0.528596 0.450523 
114.58 82.0334 -131.374 -0.723774 -0.518186 0.455785 
112.674 82.653 -129.365 -0.719783 -0.528002 0.450811 
114.505 82.1032 -131.308 -0.723517 -0.518781 0.455516 
112.781 82.617 -129.479 -0.720022 -0.52745 0.451075 
114.394 82.1437 -131.184 -0.723278 -0.519369 0.455225 
112.85 82.5694 -129.536 -0.72023 -0.526975 0.451299 
114.259 82.1566 -131.018 -0.723068 -0.519915 0.454935 
112.883 82.5135 -129.542 -0.720401 -0.526589 0.451476 
114.111 82.1452 -130.826 -0.722896 -0.520393 0.454663 
112.883 82.4535 -129.504 -0.720534 -0.5263 0.451602 
113.96 82.1152 -130.622 -0.72276 -0.520795 0.454418 
112.856 82.3913 -129.43 -0.72063 -0.526099 0.451682 
113.812 82.0711 -130.416 -0.72266 -0.521118 0.454206 
112.807 82.3299 -129.328 -0.720693 -0.525982 0.451719 
113.673 82.0169 -130.216 -0.722593 -0.521364 0.45403 
112.74 82.2705 -129.206 -0.720725 -0.525938 0.451717 
113.544 81.9564 -130.027 -0.722555 -0.52154 0.453889 
112.66 82.2143 -129.069 -0.720732 -0.525959 0.451684 
113.429 81.8918 -129.852 -0.722543 -0.521651 0.45378 
112.569 82.1623 -128.923 -0.720714 -0.526036 0.451622 
113.327 81.8247 -129.693 -0.722555 -0.521701 0.453704 
112.471 82.1153 -128.771 -0.720674 -0.526164 0.451536 
113.24 81.7569 -129.552 -0.722589 -0.521694 0.453657 
112.368 82.0743 -128.616 -0.720614 -0.526339 0.451429 
113.169 81.6883 -129.43 -0.722647 -0.521627 0.453643 
112.262 82.0406 -128.461 -0.720531 -0.526562 0.451301 
113.114 81.6201 -129.33 -0.722727 -0.521501 0.45366 
112.153 82.0146 -128.308 -0.720427 -0.526829 0.451155 
113.078 81.553 -129.253 -0.72283 -0.521315 0.453709 
112.044 81.9982 -128.16 -0.7203 -0.527144 0.45099 
113.062 81.4873 -129.204 -0.722959 -0.521062 0.453794 
111.936 81.9921 -128.018 -0.720151 -0.527504 0.450807 
113.068 81.4244 -129.184 -0.723114 -0.52074 0.453917 
111.831 81.9984 -127.887 -0.719976 -0.527912 0.450608 
113.101 81.3656 -129.2 -0.723295 -0.520345 0.454081 
111.732 82.0182 -127.772 -0.719779 -0.528363 0.450395 
113.162 81.3127 -129.255 -0.723504 -0.519874 0.454289 
111.643 82.0534 -127.677 -0.71956 -0.528852 0.450171 
113.255 81.2694 -129.356 -0.723733 -0.519334 0.45454 
111.569 82.1048 -127.611 -0.719328 -0.52936 0.449945 
113.382 81.2396 -129.507 -0.723978 -0.518737 0.454833 
111.519 82.172 -127.584 -0.719094 -0.52986 0.449729 
113.543 81.2294 -129.709 -0.724222 -0.518111 0.455157 
111.501 82.2542 -127.608 -0.718876 -0.530315 0.449542 
113.735 81.2447 -129.962 -0.724448 -0.517497 0.455497 
111.525 82.347 -127.693 -0.7187 -0.530669 0.449405 
113.949 81.2921 -130.257 -0.724627 -0.516955 0.455827 
111.598 82.4445 -127.846 -0.718592 -0.530868 0.449344 
114.17 81.3747 -130.577 -0.724733 -0.516553 0.456115 
111.724 82.5384 -128.066 -0.718576 -0.530861 0.449378 
114.379 81.4917 -130.894 -0.724742 -0.516356 0.456322 
111.898 82.6187 -128.341 -0.718667 -0.530618 0.449519 
114.554 81.6352 -131.177 -0.724644 -0.516408 0.456419 
112.106 82.6781 -128.649 -0.718857 -0.530157 0.449759 
114.673 81.7904 -131.393 -0.724447 -0.516711 0.456389 
112.326 82.7113 -128.956 -0.719125 -0.529526 0.450074 
114.725 81.9402 -131.52 -0.724174 -0.51723 0.456235 
112.537 82.7169 -129.232 -0.719435 -0.528801 0.45043 
114.706 82.0671 -131.549 -0.723862 -0.517891 0.45598 
112.717 82.6975 -129.453 -0.719752 -0.528064 0.450788 
114.626 82.1603 -131.485 -0.723545 -0.518616 0.455659 
112.855 82.6579 -129.605 -0.720047 -0.527381 0.451117 
114.497 82.2162 -131.345 -0.723249 -0.519338 0.455307 
112.947 82.6031 -129.686 -0.720303 -0.526791 0.451397 
114.338 82.2361 -131.152 -0.722992 -0.520002 0.454956 
112.994 82.5386 -129.704 -0.720513 -0.526313 0.451619 
114.164 82.2264 -130.927 -0.722781 -0.520583 0.454627 
113.001 82.4692 -129.667 -0.720675 -0.525954 0.451779 
113.986 82.1934 -130.689 -0.722616 -0.521067 0.454334 
112.976 82.3975 -129.589 -0.720795 -0.525701 0.451883 
113.813 82.1444 -130.449 -0.722493 -0.521459 0.454081 
112.925 82.3267 -129.479 -0.720875 -0.525545 0.451937 
113.65 82.0843 -130.218 -0.722408 -0.521761 0.45387 
112.854 82.2579 -129.346 -0.720923 -0.52547 0.451948 
113.5 82.0177 -129.999 -0.722353 -0.521987 0.453697 
112.769 82.1923 -129.197 -0.720942 -0.525464 0.451924 
113.365 81.9473 -129.796 -0.722325 -0.522144 0.45356 
112.673 82.1307 -129.038 -0.720938 -0.525515 0.45187 
113.243 81.8749 -129.609 -0.722322 -0.52224 0.453455 
112.569 82.0737 -128.873 -0.720913 -0.525617 0.451792 
113.136 81.8021 -129.44 -0.722338 -0.522281 0.453381 
112.46 82.022 -128.705 -0.720869 -0.525763 0.451693 
113.044 81.7288 -129.29 -0.722377 -0.522267 0.453336 
112.347 81.9767 -128.536 -0.720804 -0.525953 0.451574 
112.966 81.6558 -129.158 -0.722436 -0.5222 0.45332 
112.231 81.938 -128.368 -0.720721 -0.526184 0.451438 
112.905 81.5836 -129.047 -0.722515 -0.522079 0.453333 
112.114 81.9074 -128.202 -0.720616 -0.52646 0.451284 
112.862 81.5117 -128.959 -0.722619 -0.521895 0.453378 
111.996 81.8857 -128.04 -0.720488 -0.526782 0.451112 
112.837 81.441 -128.896 -0.722748 -0.521647 0.453457 
111.878 81.875 -127.883 -0.720334 -0.527157 0.45092 
112.836 81.3717 -128.863 -0.722907 -0.521325 0.453576 
111.761 81.8767 -127.734 -0.720152 -0.527587 0.450708 
112.86 81.3046 -128.864 -0.723096 -0.52092 0.453739 
111.647 81.8928 -127.597 -0.71994 -0.528076 0.450474 
112.914 81.241 -128.906 -0.723321 -0.520423 0.453951 
111.539 81.9253 -127.476 -0.719699 -0.528619 0.450223 
113.004 81.1844 -128.996 -0.723577 -0.519835 0.454216 
111.442 81.9769 -127.381 -0.719429 -0.529212 0.449957 
113.132 81.1387 -129.141 -0.723863 -0.519157 0.454537 
111.365 82.0487 -127.321 -0.719142 -0.529831 0.449688 
113.304 81.1102 -129.35 -0.724166 -0.518407 0.45491 
111.318 82.1408 -127.311 -0.718853 -0.530438 0.449433 
113.518 81.1073 -129.625 -0.724467 -0.517623 0.455322 
111.314 82.2505 -127.369 -0.718593 -0.530972 0.449219 
113.771 81.1393 -129.964 -0.724737 -0.516869 0.45575 
111.368 82.3724 -127.508 -0.718396 -0.531357 0.449079 
114.048 81.2156 -130.353 -0.724933 -0.516237 0.456154 
111.49 82.4959 -127.74 -0.718305 -0.531504 0.44905 
114.327 81.341 -130.764 -0.725016 -0.515831 0.456482 
111.682 82.6087 -128.058 -0.718352 -0.531349 0.449159 
114.578 81.51 -131.156 -0.724958 -0.515731 0.456685 
111.932 82.6979 -128.439 -0.718543 -0.530878 0.44941 
114.768 81.7079 -131.48 -0.724755 -0.515984 0.456723 
112.213 82.754 -128.842 -0.718858 -0.530137 0.449781 
114.872 81.9095 -131.696 -0.724433 -0.516556 0.456587 
112.493 82.774 -129.219 -0.719246 -0.529233 0.450225 
114.883 82.088 -131.782 -0.724042 -0.517356 0.456301 
112.74 82.7597 -129.53 -0.719655 -0.528282 0.450688 
114.805 82.224 -131.739 -0.723634 -0.518269 0.455913 
112.934 82.7175 -129.752 -0.720039 -0.527387 0.451122 
114.66 82.3091 -131.589 -0.72325 -0.519188 0.455475 
113.067 82.6551 -129.881 -0.720373 -0.526613 0.451494 
114.471 82.3454 -131.365 -0.722918 -0.520037 0.455033 
113.141 82.58 -129.925 -0.720645 -0.525987 0.451789 
114.26 82.3416 -131.097 -0.722646 -0.520777 0.45462 
113.165 82.4987 -129.9 -0.720854 -0.525513 0.452007 
114.045 82.3076 -130.812 -0.722434 -0.521389 0.454254 
113.147 82.4148 -129.823 -0.72101 -0.525174 0.452153 
113.837 82.2539 -130.528 -0.722275 -0.521884 0.453939 
113.098 82.3321 -129.707 -0.721118 -0.524952 0.452237 
113.643 82.1874 -130.255 -0.722161 -0.522271 0.453676 
113.027 82.2517 -129.565 -0.72119 -0.524825 0.452271 
113.465 82.1145 -129.998 -0.722081 -0.52257 0.453458 
112.939 82.1743 -129.406 -0.721233 -0.52477 0.452266 
113.303 82.0384 -129.759 -0.722029 -0.522796 0.453281 
112.84 82.1009 -129.236 -0.721251 -0.524775 0.45223 
113.156 81.9614 -129.539 -0.722 -0.522961 0.453137 
112.733 82.0319 -129.061 -0.72125 -0.524828 0.45217 
113.024 81.8848 -129.336 -0.721989 -0.523076 0.453022 
112.622 81.9668 -128.884 -0.721235 -0.524916 0.452093 
112.904 81.8093 -129.15 -0.721993 -0.523148 0.452932 
112.509 81.9062 -128.707 -0.721206 -0.525035 0.452 
112.798 81.7354 -128.98 -0.722011 -0.523183 0.452863 
112.394 81.8506 -128.531 -0.721164 -0.525184 0.451895 
112.703 81.6624 -128.826 -0.722043 -0.523179 0.452816 
112.279 81.8 -128.357 -0.721109 -0.525359 0.451779 
112.62 81.5908 -128.687 -0.722089 -0.523138 0.45279 
112.163 81.7554 -128.186 -0.721039 -0.525566 0.45165 
112.55 81.52 -128.564 -0.722152 -0.523056 0.452785 
112.046 81.7173 -128.018 -0.720953 -0.525805 0.451509 
112.493 81.4496 -128.46 -0.722233 -0.522927 0.452805 
111.928 81.6867 -127.853 -0.720848 -0.526083 0.451353 
112.451 81.3793 -128.374 -0.722336 -0.522743 0.452853 
111.809 81.6647 -127.69 -0.72072 -0.526408 0.451179 
112.427 81.3086 -128.311 -0.722465 -0.522494 0.452933 
111.689 81.653 -127.53 -0.720565 -0.526788 0.450984 
112.424 81.2375 -128.275 -0.722627 -0.522168 0.453052 
111.566 81.6536 -127.374 -0.720377 -0.527233 0.450764 
112.446 81.166 -128.271 -0.722825 -0.52175 0.453217 
111.443 81.6692 -127.224 -0.720151 -0.527753 0.450516 
112.499 81.0949 -128.307 -0.723066 -0.521224 0.453438 
111.319 81.7028 -127.083 -0.719882 -0.528358 0.450237 
112.589 81.0262 -128.393 -0.723355 -0.520574 0.453723 
111.201 81.7581 -126.96 -0.719568 -0.529049 0.449927 
112.724 80.9635 -128.54 -0.723694 -0.519789 0.454082 
111.094 81.8386 -126.865 -0.719211 -0.529817 0.449593 
112.913 80.9132 -128.762 -0.724077 -0.518871 0.454521 
111.011 81.9472 -126.816 -0.718825 -0.530632 0.449249 
113.163 80.8858 -129.072 -0.724488 -0.517846 0.455036 
110.97 82.0842 -126.838 -0.718439 -0.531429 0.448925 
113.474 80.8959 -129.478 -0.724892 -0.516777 0.455607 
110.994 82.2452 -126.961 -0.718101 -0.532103 0.448667 
113.839 80.9612 -129.976 -0.725234 -0.515781 0.456192 
111.11 82.4189 -127.21 -0.717882 -0.53251 0.448534 
114.231 81.0972 -130.54 -0.725443 -0.51502 0.456719 
111.332 82.5862 -127.6 -0.717853 -0.532503 0.44859 
114.609 81.3091 -131.113 -0.725452 -0.514671 0.457097 
111.656 82.7255 -128.109 -0.718053 -0.532 0.448866 
114.917 81.5814 -131.621 -0.725231 -0.514851 0.457245 
112.049 82.8184 -128.681 -0.718464 -0.531038 0.449347 
115.108 81.8762 -131.984 -0.724808 -0.515553 0.457125 
112.453 82.8573 -129.236 -0.71901 -0.529777 0.449962 
115.157 82.1463 -132.154 -0.724259 -0.516644 0.456762 
112.816 82.8455 -129.699 -0.719592 -0.528428 0.450618 
115.07 82.3534 -132.127 -0.72368 -0.517922 0.456233 
113.099 82.7933 -130.03 -0.720132 -0.527168 0.45123 
114.88 82.4814 -131.937 -0.723144 -0.5192 0.455629 
113.291 82.7136 -130.222 -0.720587 -0.5261 0.45175 
114.628 82.535 -131.641 -0.722693 -0.520355 0.455029 
113.399 82.6185 -130.294 -0.720948 -0.525257 0.452156 
114.351 82.5307 -131.292 -0.722335 -0.52133 0.45448 
113.438 82.5175 -130.273 -0.721219 -0.52463 0.452451 
114.076 82.4877 -130.929 -0.722063 -0.52212 0.454005 
113.426 82.4159 -130.188 -0.721418 -0.524185 0.45265 
113.817 82.4214 -130.577 -0.721863 -0.52274 0.453609 
113.378 82.3174 -130.061 -0.721559 -0.523885 0.452772 
113.582 82.3438 -130.248 -0.721717 -0.523226 0.453282 
113.304 82.2235 -129.907 -0.721656 -0.523697 0.452834 
113.37 82.2617 -129.947 -0.721611 -0.523603 0.453015 
113.215 82.1342 -129.739 -0.721724 -0.523588 0.452852 
113.18 82.1801 -129.671 -0.721531 -0.523905 0.452793 
113.118 82.049 -129.565 -0.721772 -0.52353 0.452842 
113.008 82.1012 -129.419 -0.721469 -0.524153 0.452606 
113.016 81.9673 -129.389 -0.721808 -0.523505 0.452814 
112.851 82.0262 -129.186 -0.721417 -0.524365 0.452443 
112.915 81.8888 -129.217 -0.721838 -0.523497 0.452776 
112.706 81.9561 -128.969 -0.721369 -0.524557 0.452296 
112.815 81.8129 -129.05 -0.721866 -0.523493 0.452735 
112.569 81.8905 -128.765 -0.721322 -0.524738 0.45216 
112.72 81.7395 -128.891 -0.721896 -0.523487 0.452696 
112.44 81.8301 -128.572 -0.721273 -0.524918 0.45203 
112.631 81.6675 -128.742 -0.721931 -0.523465 0.452664 
112.316 81.7752 -128.388 -0.721218 -0.525105 0.451901 
112.549 81.5974 -128.603 -0.721974 -0.523426 0.452641 
112.196 81.726 -128.211 -0.721154 -0.525307 0.451769 
112.477 81.5283 -128.477 -0.722028 -0.523359 0.452632 
112.077 81.6829 -128.039 -0.721078 -0.525528 0.451631 
112.414 81.4595 -128.365 -0.722097 -0.523257 0.452641 
111.96 81.6462 -127.872 -0.720989 -0.525776 0.451485 
112.364 81.3911 -128.269 -0.722182 -0.523113 0.45267 
111.843 81.6174 -127.709 -0.720881 -0.526062 0.451326 
112.328 81.3225 -128.191 -0.722289 -0.522917 0.452726 
111.725 81.5975 -127.549 -0.72075 -0.526393 0.451149 
112.309 81.2535 -128.135 -0.722422 -0.522658 0.452813 
111.605 81.5884 -127.391 -0.720589 -0.526783 0.450951 
112.311 81.1832 -128.106 -0.722589 -0.522318 0.452939 
111.483 81.5917 -127.237 -0.720395 -0.52724 0.450727 
112.338 81.1118 -128.109 -0.722795 -0.521882 0.453114 
111.359 81.6104 -127.088 -0.72016 -0.527777 0.450472 
112.397 81.0403 -128.153 -0.723047 -0.521331 0.453346 
111.234 81.6479 -126.947 -0.71988 -0.528406 0.450184 
112.494 80.9702 -128.247 -0.723351 -0.520647 0.453647 
111.113 81.7086 -126.823 -0.719548 -0.529132 0.449861 
112.64 80.906 -128.407 -0.723708 -0.519818 0.454027 
111.002 81.796 -126.727 -0.719169 -0.529945 0.44951 
112.843 80.8537 -128.646 -0.724117 -0.51884 0.454494 
110.916 81.9136 -126.679 -0.718756 -0.530813 0.449146 
113.111 80.8252 -128.98 -0.724557 -0.517741 0.455045 
110.875 82.0621 -126.707 -0.718341 -0.531667 0.4488 
113.448 80.837 -129.419 -0.724991 -0.516592 0.45566 
110.905 82.2368 -126.843 -0.717979 -0.532386 0.448526 
113.842 80.9094 -129.959 -0.725356 -0.515522 0.456289 
111.035 82.4244 -127.12 -0.717751 -0.532806 0.448393 
114.267 81.0604 -130.57 -0.725572 -0.514718 0.456853 
111.284 82.6043 -127.551 -0.717735 -0.532764 0.448468 
114.672 81.2958 -131.19 -0.725563 -0.514381 0.457248 
111.644 82.7506 -128.112 -0.717978 -0.532166 0.448789 
114.997 81.5966 -131.73 -0.725297 -0.514636 0.457382 
112.075 82.8447 -128.736 -0.718449 -0.531072 0.449332 
115.189 81.9179 -132.104 -0.724814 -0.515461 0.457219 
112.512 82.8791 -129.331 -0.719055 -0.529675 0.450011 
115.222 82.2056 -132.26 -0.724207 -0.516688 0.456796 
112.894 82.8593 -129.815 -0.719684 -0.528216 0.450719 
115.11 82.4189 -132.203 -0.723582 -0.518084 0.456205 
113.186 82.7982 -130.15 -0.720254 -0.526884 0.451368 
114.893 82.5437 -131.977 -0.723018 -0.519447 0.45555 
113.377 82.7101 -130.334 -0.720724 -0.525778 0.451907 
114.616 82.5892 -131.647 -0.722552 -0.520652 0.454913 
113.48 82.6081 -130.394 -0.72109 -0.52492 0.452321 
114.32 82.5757 -131.271 -0.72219 -0.521652 0.454341 
113.513 82.5016 -130.361 -0.721362 -0.524289 0.452617 
114.032 82.5243 -130.889 -0.721919 -0.52245 0.453855 
113.495 82.3966 -130.266 -0.721559 -0.523848 0.452815 
113.765 82.4521 -130.526 -0.721721 -0.523072 0.453453 
113.442 82.2962 -130.131 -0.721697 -0.523555 0.452933 
113.525 82.3709 -130.191 -0.721577 -0.523556 0.453125 
113.366 82.2007 -129.973 -0.721795 -0.523367 0.452994 
113.312 82.2874 -129.886 -0.72147 -0.523935 0.452856 
113.277 82.1104 -129.804 -0.721864 -0.523255 0.453013 
113.121 82.2055 -129.61 -0.721389 -0.524238 0.452634 
113.18 82.0244 -129.631 -0.721916 -0.52319 0.453006 
112.948 82.1279 -129.357 -0.721322 -0.524494 0.452443 
113.081 81.9419 -129.459 -0.721958 -0.523151 0.452983 
112.79 82.0557 -129.124 -0.721262 -0.524723 0.452275 
112.984 81.8623 -129.292 -0.721998 -0.523121 0.452955 
112.644 81.9888 -128.907 -0.721204 -0.524935 0.452121 
112.891 81.785 -129.133 -0.722039 -0.523087 0.452928 
112.506 81.9278 -128.703 -0.721143 -0.525145 0.451974 
112.805 81.7099 -128.985 -0.722086 -0.523041 0.452907 
112.373 81.8735 -128.509 -0.721075 -0.525364 0.451828 
112.727 81.6359 -128.849 -0.722143 -0.522969 0.452898 
112.245 81.8256 -128.323 -0.720997 -0.525599 0.45168 
112.66 81.5632 -128.728 -0.722213 -0.522867 0.452905 
112.12 81.7852 -128.144 -0.720904 -0.52586 0.451524 
112.604 81.4911 -128.623 -0.7223 -0.522724 0.452933 
111.996 81.753 -127.97 -0.720793 -0.526154 0.451358 
112.564 81.4193 -128.538 -0.722407 -0.522529 0.452987 
111.872 81.7301 -127.801 -0.720661 -0.526491 0.451176 
112.541 81.3476 -128.476 -0.72254 -0.522271 0.453072 
111.748 81.7179 -127.637 -0.720503 -0.526879 0.450976 
112.539 81.2756 -128.441 -0.722705 -0.521936 0.453195 
111.624 81.7184 -127.48 -0.720313 -0.527329 0.450753 
112.562 81.2047 -128.438 -0.722903 -0.521516 0.453362 
111.501 81.734 -127.33 -0.720088 -0.527849 0.450504 
112.616 81.1349 -128.477 -0.723143 -0.520991 0.453584 
111.38 81.7677 -127.193 -0.719823 -0.528446 0.450228 
112.708 81.0687 -128.565 -0.723426 -0.520349 0.453868 
111.266 81.8226 -127.075 -0.719517 -0.529119 0.449927 
112.843 81.0101 -128.714 -0.723754 -0.519584 0.454222 
111.166 81.9016 -126.99 -0.719176 -0.529854 0.449607 
113.03 80.9658 -128.935 -0.724119 -0.518703 0.454647 
111.093 82.0069 -126.953 -0.718814 -0.530616 0.449285 
113.273 80.9459 -129.24 -0.724502 -0.517736 0.455139 
111.064 82.1377 -126.987 -0.718462 -0.531342 0.448991 
113.571 80.9637 -129.633 -0.724869 -0.516751 0.455674 
111.1 82.2884 -127.119 -0.718168 -0.531927 0.44877 
113.914 81.0351 -130.105 -0.725166 -0.515862 0.456209 
111.221 82.4484 -127.37 -0.717991 -0.532246 0.448673 
114.276 81.1716 -130.628 -0.725332 -0.515213 0.456677 
111.44 82.5997 -127.745 -0.717993 -0.532178 0.448752 
114.616 81.3748 -131.15 -0.725313 -0.514956 0.456997 
111.747 82.7233 -128.223 -0.718199 -0.531664 0.44903 
114.887 81.6278 -131.601 -0.725088 -0.515177 0.457104 
112.109 82.804 -128.747 -0.718589 -0.530752 0.449486 
115.049 81.8957 -131.916 -0.724689 -0.515858 0.45697 
112.477 82.8359 -129.249 -0.719092 -0.529587 0.450055 
115.082 82.1377 -132.055 -0.724184 -0.516873 0.456623 
112.805 82.8224 -129.665 -0.719623 -0.528355 0.450655 
114.995 82.3222 -132.018 -0.723654 -0.518049 0.456131 
113.06 82.7718 -129.961 -0.720117 -0.527201 0.451215 
114.815 82.4359 -131.836 -0.723163 -0.519223 0.455574 
113.233 82.6967 -130.132 -0.720536 -0.526223 0.451689 
114.579 82.4834 -131.559 -0.722746 -0.52029 0.455018 
113.33 82.6067 -130.193 -0.720869 -0.525445 0.452062 
114.321 82.4781 -131.231 -0.722414 -0.521196 0.454508 
113.363 82.5104 -130.17 -0.721123 -0.524863 0.452333 
114.062 82.4367 -130.889 -0.722161 -0.521933 0.454065 
113.348 82.4133 -130.085 -0.721309 -0.52445 0.452516 
113.817 82.3732 -130.555 -0.721973 -0.522517 0.453692 
113.298 82.3189 -129.959 -0.72144 -0.524175 0.452625 
113.592 82.2983 -130.241 -0.721835 -0.522975 0.453382 
113.224 82.2278 -129.807 -0.721531 -0.524003 0.452679 
113.389 82.2185 -129.95 -0.721736 -0.523333 0.453128 
113.135 82.1411 -129.639 -0.721592 -0.52391 0.45269 
113.205 82.1379 -129.683 -0.721663 -0.523615 0.452917 
113.035 82.0583 -129.464 -0.721632 -0.523871 0.452672 
113.039 82.0589 -129.437 -0.721609 -0.523843 0.45274 
112.931 81.9791 -129.287 -0.721659 -0.523866 0.452634 
112.887 81.9829 -129.21 -0.721568 -0.524031 0.452589 
112.826 81.9032 -129.111 -0.721677 -0.523884 0.452585 
112.747 81.9103 -128.999 -0.721534 -0.524192 0.452456 
112.721 81.8305 -128.939 -0.721689 -0.523915 0.452529 
112.617 81.8416 -128.801 -0.721504 -0.524337 0.452336 
112.619 81.7602 -128.773 -0.721702 -0.523948 0.452472 
112.494 81.777 -128.615 -0.721474 -0.524473 0.452225 
112.521 81.6927 -128.613 -0.721713 -0.52398 0.452416 
112.378 81.7165 -128.438 -0.721445 -0.524605 0.45212 
112.428 81.6271 -128.462 -0.721728 -0.524004 0.452364 
112.267 81.6595 -128.269 -0.721414 -0.524735 0.452018 
112.34 81.5637 -128.319 -0.721746 -0.524019 0.452318 
112.16 81.6069 -128.108 -0.721378 -0.524872 0.451917 
112.258 81.502 -128.185 -0.721769 -0.52402 0.45228 
112.056 81.5586 -127.952 -0.721337 -0.525016 0.451815 
112.184 81.4416 -128.061 -0.721799 -0.524003 0.452252 
111.954 81.5146 -127.802 -0.721288 -0.525173 0.451709 
112.117 81.3822 -127.948 -0.721839 -0.523962 0.452236 
111.854 81.4755 -127.656 -0.72123 -0.525349 0.451598 
112.058 81.3232 -127.846 -0.72189 -0.523893 0.452234 
111.755 81.4416 -127.512 -0.72116 -0.525548 0.451479 
112.009 81.2645 -127.756 -0.721955 -0.52379 0.452249 
111.654 81.4141 -127.371 -0.721073 -0.525779 0.451347 
111.972 81.2049 -127.681 -0.72204 -0.523642 0.452286 
111.552 81.3934 -127.231 -0.720968 -0.52605 0.451201 
111.948 81.144 -127.623 -0.722148 -0.523438 0.452349 
111.447 81.3811 -127.09 -0.720837 -0.526371 0.451035 
111.941 81.0814 -127.585 -0.722284 -0.523167 0.452446 
111.337 81.3794 -126.95 -0.720673 -0.526759 0.450843 
111.954 81.0158 -127.573 -0.722458 -0.522808 0.452583 
111.223 81.3902 -126.808 -0.720472 -0.527226 0.45062 
111.993 80.9476 -127.593 -0.722675 -0.522343 0.452773 
111.102 81.4175 -126.667 -0.720221 -0.527791 0.450359 
112.065 80.8763 -127.654 -0.722949 -0.521744 0.453027 
110.976 81.4649 -126.53 -0.719914 -0.52847 0.450054 
112.18 80.8039 -127.77 -0.723285 -0.520987 0.453361 
110.849 81.5382 -126.404 -0.719541 -0.529277 0.449701 
112.349 80.7335 -127.957 -0.723694 -0.520044 0.453792 
110.729 81.643 -126.303 -0.719102 -0.530211 0.449303 
112.585 80.6734 -128.236 -0.724171 -0.518908 0.45433 
110.63 81.7845 -126.25 -0.71861 -0.531238 0.448878 
112.902 80.6368 -128.63 -0.724701 -0.517595 0.454982 
110.58 81.9653 -126.281 -0.718099 -0.532279 0.448461 
113.306 80.6459 -129.157 -0.725238 -0.516188 0.455725 
110.614 82.1808 -126.443 -0.717645 -0.533177 0.448121 
113.79 80.7302 -129.817 -0.725695 -0.514858 0.456502 
110.775 82.4142 -126.786 -0.717359 -0.5337 0.447956 
114.316 80.9185 -130.575 -0.725957 -0.513867 0.4572 
111.094 82.6353 -127.333 -0.717364 -0.5336 0.448068 
114.818 81.2209 -131.346 -0.725916 -0.513504 0.457673 
111.56 82.8092 -128.052 -0.717718 -0.532752 0.44851 
115.208 81.6095 -132.004 -0.725531 -0.513942 0.457792 
112.11 82.9107 -128.841 -0.718367 -0.531265 0.449234 
115.414 82.0167 -132.429 -0.724871 -0.515117 0.457517 
112.651 82.9354 -129.566 -0.719157 -0.529453 0.450108 
115.411 82.3639 -132.563 -0.724086 -0.516748 0.456921 
113.101 82.8956 -130.125 -0.71993 -0.527659 0.450979 
115.232 82.6009 -132.428 -0.723322 -0.518495 0.45615 
113.424 82.811 -130.481 -0.720589 -0.526105 0.45174 
114.937 82.721 -132.104 -0.72267 -0.52011 0.455345 
113.62 82.7011 -130.654 -0.721108 -0.524874 0.452345 
114.593 82.747 -131.683 -0.722159 -0.521468 0.454601 
113.716 82.5815 -130.689 -0.721495 -0.523955 0.452793 
114.247 82.7108 -131.236 -0.72178 -0.522546 0.453965 
113.739 82.4636 -130.633 -0.721772 -0.523304 0.453103 
113.926 82.6412 -130.809 -0.721506 -0.523377 0.453443 
113.712 82.3519 -130.521 -0.721968 -0.522859 0.453305 
113.642 82.5564 -130.42 -0.721311 -0.524006 0.453026 
113.655 82.2484 -130.378 -0.722106 -0.522565 0.453425 
113.395 82.4682 -130.075 -0.721172 -0.524484 0.452695 
113.579 82.1531 -130.219 -0.722202 -0.522378 0.453487 
113.181 82.3834 -129.771 -0.721066 -0.524859 0.452428 
113.494 82.064 -130.056 -0.722276 -0.522254 0.453513 
112.993 82.3046 -129.501 -0.720982 -0.525166 0.452207 
113.406 81.9802 -129.895 -0.722335 -0.522168 0.453517 
112.826 82.2331 -129.258 -0.720906 -0.525433 0.452017 
113.32 81.9002 -129.741 -0.722391 -0.522095 0.453512 
112.674 82.1694 -129.037 -0.720833 -0.525682 0.451845 
113.24 81.8231 -129.598 -0.72245 -0.522016 0.453509 
112.532 82.114 -128.832 -0.720755 -0.525929 0.451681 
113.168 81.7485 -129.468 -0.722517 -0.521919 0.453515 
112.399 82.0671 -128.64 -0.720667 -0.526188 0.45152 
113.108 81.6754 -129.355 -0.722597 -0.521788 0.453537 
112.271 82.0294 -128.46 -0.720565 -0.526471 0.451354 
113.062 81.6039 -129.261 -0.722695 -0.521616 0.45358 
112.148 82.001 -128.289 -0.720447 -0.526781 0.45118 
113.032 81.5345 -129.19 -0.722811 -0.521394 0.45365 
112.028 81.9835 -128.128 -0.720308 -0.52713 0.450995 
113.022 81.467 -129.146 -0.722952 -0.52111 0.453751 
111.913 81.9775 -127.979 -0.720147 -0.527518 0.450797 
113.034 81.4027 -129.132 -0.723117 -0.520761 0.453889 
111.802 81.9849 -127.842 -0.719962 -0.527951 0.450585 
113.072 81.3429 -129.155 -0.723309 -0.520339 0.454067 
111.699 82.007 -127.723 -0.719754 -0.528427 0.45036 
113.141 81.2893 -129.219 -0.723528 -0.51984 0.454289 
111.608 82.0449 -127.628 -0.719526 -0.528936 0.450127 
113.242 81.2462 -129.33 -0.723768 -0.519272 0.454556 
111.534 82.1002 -127.563 -0.719284 -0.529465 0.449892 
113.378 81.2177 -129.493 -0.724023 -0.518648 0.454864 
111.485 82.1723 -127.541 -0.719041 -0.529983 0.44967 
113.55 81.2097 -129.71 -0.724277 -0.517994 0.455204 
111.471 82.2592 -127.573 -0.718819 -0.530445 0.449481 
113.753 81.2297 -129.98 -0.724506 -0.517361 0.455559 
111.502 82.357 -127.671 -0.718642 -0.530797 0.449347 
113.978 81.2834 -130.291 -0.724685 -0.516809 0.455899 
111.586 82.4588 -127.84 -0.718541 -0.530979 0.449295 
114.209 81.3748 -130.626 -0.724783 -0.516416 0.45619 
111.726 82.555 -128.079 -0.718541 -0.530935 0.449347 
114.423 81.5019 -130.954 -0.724776 -0.516248 0.456392 
111.914 82.636 -128.374 -0.718653 -0.530644 0.449511 
114.597 81.6551 -131.241 -0.724655 -0.516346 0.456473 
112.135 82.6934 -128.697 -0.718869 -0.530125 0.449777 
114.711 81.8181 -131.453 -0.724433 -0.516704 0.456419 
112.365 82.723 -129.016 -0.71916 -0.529443 0.450117 
114.752 81.9719 -131.569 -0.724137 -0.51728 0.456237 
112.581 82.7239 -129.295 -0.719488 -0.528677 0.450492 
114.721 82.0991 -131.58 -0.723808 -0.517989 0.455955 
112.762 82.6993 -129.513 -0.719817 -0.527913 0.450862 
114.626 82.1892 -131.497 -0.723479 -0.518749 0.455611 
112.897 82.6549 -129.657 -0.720116 -0.527218 0.451197 
114.485 82.24 -131.339 -0.723178 -0.519492 0.455243 
112.983 82.5959 -129.729 -0.720373 -0.526627 0.451477 
114.316 82.254 -131.131 -0.722921 -0.520166 0.454882 
113.024 82.5279 -129.736 -0.720581 -0.526156 0.451695 
114.133 82.2386 -130.894 -0.722712 -0.520749 0.454547 
113.025 82.4557 -129.689 -0.720739 -0.525807 0.451849 
113.95 82.2007 -130.647 -0.722551 -0.521229 0.454252 
112.993 82.3819 -129.602 -0.720854 -0.525565 0.451947 
113.774 82.1478 -130.402 -0.722431 -0.521615 0.454 
112.937 82.3094 -129.484 -0.720931 -0.52542 0.451994 
113.609 82.0846 -130.166 -0.72235 -0.521911 0.45379 
112.862 82.2393 -129.345 -0.720975 -0.525354 0.451999 
113.458 82.0158 -129.944 -0.722298 -0.522132 0.453618 
112.773 82.1726 -129.191 -0.720993 -0.525355 0.45197 
113.321 81.9437 -129.739 -0.722272 -0.522285 0.453483 
112.674 82.1099 -129.028 -0.720987 -0.525412 0.451913 
113.198 81.8702 -129.551 -0.72227 -0.522378 0.453379 
112.568 82.0519 -128.86 -0.720961 -0.525516 0.451832 
113.09 81.7965 -129.38 -0.722286 -0.52242 0.453305 
112.457 81.9992 -128.689 -0.720917 -0.525664 0.451732 
112.997 81.7226 -129.227 -0.722324 -0.522407 0.453259 
112.343 81.9527 -128.518 -0.720853 -0.525854 0.451612 
112.918 81.6495 -129.093 -0.722381 -0.522345 0.45324 
112.226 81.9127 -128.348 -0.720772 -0.526082 0.451477 
112.855 81.5766 -128.98 -0.722459 -0.522228 0.453251 
112.108 81.8807 -128.181 -0.720668 -0.526355 0.451323 
112.808 81.5045 -128.888 -0.72256 -0.522053 0.453292 
111.989 81.8577 -128.016 -0.720542 -0.526675 0.451152 
112.781 81.4328 -128.821 -0.722687 -0.521811 0.453368 
111.87 81.8447 -127.857 -0.720392 -0.527044 0.450961 
112.776 81.3625 -128.783 -0.722842 -0.521496 0.453482 
111.751 81.8444 -127.705 -0.720212 -0.527472 0.450749 
112.796 81.2939 -128.778 -0.72303 -0.521099 0.453639 
111.634 81.8583 -127.563 -0.72 -0.52796 0.450514 
112.846 81.2284 -128.813 -0.723253 -0.520609 0.453847 
111.522 81.889 -127.436 -0.719757 -0.528509 0.450259 
112.931 81.1686 -128.895 -0.723511 -0.520021 0.454109 
111.419 81.9386 -127.331 -0.719483 -0.529114 0.449987 
113.055 81.1184 -129.034 -0.723802 -0.519336 0.454429 
111.334 82.0092 -127.26 -0.719186 -0.529755 0.449707 
113.224 81.0836 -129.236 -0.724118 -0.518565 0.454807 
111.277 82.101 -127.238 -0.718883 -0.530397 0.449436 
113.439 81.0735 -129.509 -0.724437 -0.517746 0.455231 
111.262 82.213 -127.281 -0.718598 -0.530983 0.449198 
113.696 81.0979 -129.85 -0.724731 -0.51694 0.45568 
111.304 82.3395 -127.408 -0.718371 -0.531432 0.449031 
113.984 81.1671 -130.251 -0.724959 -0.516236 0.456115 
111.416 82.4704 -127.631 -0.718248 -0.531647 0.448973 
114.281 81.2881 -130.683 -0.725075 -0.515746 0.456484 
111.605 82.5928 -127.95 -0.718267 -0.531551 0.449056 
114.554 81.4587 -131.105 -0.725044 -0.515573 0.456728 
111.859 82.6925 -128.343 -0.718442 -0.531113 0.449294 
114.77 81.6644 -131.465 -0.724856 -0.515772 0.456803 
112.153 82.7581 -128.768 -0.718756 -0.530372 0.449667 
114.898 81.8793 -131.717 -0.724534 -0.516322 0.456691 
112.452 82.7856 -129.175 -0.719158 -0.529435 0.450128 
114.926 82.0747 -131.831 -0.724127 -0.517139 0.456412 
112.72 82.7759 -129.518 -0.719591 -0.52843 0.450617 
114.858 82.2268 -131.806 -0.723695 -0.518094 0.456015 
112.934 82.7356 -129.767 -0.720002 -0.527472 0.451082 
114.714 82.3248 -131.664 -0.723285 -0.519067 0.455558 
113.084 82.673 -129.917 -0.720361 -0.526638 0.451484 
114.521 82.3698 -131.438 -0.722928 -0.519972 0.455092 
113.171 82.5963 -129.976 -0.720654 -0.525961 0.451806 
114.302 82.3706 -131.163 -0.722636 -0.52076 0.454655 
113.203 82.5125 -129.96 -0.720881 -0.525445 0.452045 
114.078 82.3391 -130.867 -0.722407 -0.521418 0.454265 
113.191 82.426 -129.887 -0.72105 -0.525072 0.452208 
113.861 82.2853 -130.572 -0.722235 -0.521946 0.453931 
113.145 82.3404 -129.773 -0.721169 -0.524825 0.452305 
113.658 82.2186 -130.288 -0.72211 -0.522364 0.453651 
113.075 82.257 -129.632 -0.72125 -0.524675 0.452349 
113.472 82.1448 -130.021 -0.722021 -0.522687 0.453419 
112.989 82.1772 -129.472 -0.721299 -0.524605 0.452352 
113.303 82.0678 -129.773 -0.721962 -0.522934 0.45323 
112.89 82.1011 -129.302 -0.721325 -0.524594 0.452323 
113.149 81.99 -129.544 -0.721925 -0.523119 0.453074 
112.785 82.0289 -129.126 -0.721333 -0.524629 0.45227 
113.011 81.9131 -129.333 -0.721905 -0.523256 0.452948 
112.675 81.9607 -128.948 -0.721326 -0.524699 0.4522 
112.885 81.8375 -129.139 -0.7219 -0.523351 0.452846 
112.562 81.8969 -128.77 -0.721306 -0.5248 0.452115 
112.771 81.7636 -128.96 -0.721907 -0.523412 0.452764 
112.449 81.8371 -128.595 -0.721276 -0.524922 0.452021 
112.668 81.6917 -128.795 -0.721925 -0.523442 0.452701 
112.336 81.7821 -128.422 -0.721235 -0.525068 0.451916 
112.576 81.6214 -128.645 -0.721954 -0.523441 0.452655 
112.223 81.7317 -128.252 -0.721184 -0.525236 0.451803 
112.495 81.5519 -128.509 -0.721998 -0.523405 0.452628 
112.11 81.6869 -128.085 -0.72112 -0.52543 0.45168 
112.425 81.4836 -128.388 -0.722054 -0.523333 0.45262 
111.997 81.6482 -127.922 -0.721041 -0.525654 0.451546 
112.367 81.4157 -128.283 -0.722128 -0.52322 0.452634 
111.883 81.6163 -127.761 -0.720944 -0.525913 0.451398 
112.323 81.3478 -128.195 -0.722222 -0.523057 0.452673 
111.768 81.5924 -127.602 -0.720827 -0.526215 0.451234 
112.294 81.2792 -128.128 -0.72234 -0.522833 0.452742 
111.651 81.5779 -127.445 -0.720683 -0.526569 0.45105 
112.285 81.2097 -128.085 -0.722489 -0.522537 0.452846 
111.531 81.5748 -127.29 -0.720508 -0.526987 0.450842 
112.299 81.1391 -128.07 -0.722674 -0.522153 0.452995 
111.408 81.5859 -127.139 -0.720294 -0.527483 0.450604 
112.34 81.0679 -128.092 -0.7229 -0.521665 0.453195 
111.283 81.6136 -126.994 -0.720037 -0.528064 0.450333 
112.417 80.9966 -128.16 -0.723178 -0.52105 0.45346 
111.16 81.6622 -126.86 -0.719731 -0.528742 0.450027 
112.538 80.9282 -128.285 -0.72351 -0.520292 0.4538 
111.042 81.7357 -126.747 -0.719374 -0.529517 0.449688 
112.711 80.8683 -128.482 -0.723896 -0.519385 0.454224 
110.94 81.8386 -126.67 -0.718971 -0.530371 0.449324 
112.946 80.825 -128.767 -0.724327 -0.518333 0.454737 
110.872 81.9726 -126.654 -0.718546 -0.531255 0.44896 
113.25 80.8128 -129.154 -0.724777 -0.517184 0.455329 
110.86 82.1367 -126.729 -0.718142 -0.532074 0.448636 
113.621 80.8507 -129.649 -0.725194 -0.516037 0.455967 
110.935 82.3223 -126.931 -0.717828 -0.532684 0.448415 
114.04 80.9595 -130.236 -0.725504 -0.515052 0.456586 
111.123 82.5118 -127.286 -0.71769 -0.532906 0.448373 
114.469 81.1538 -130.869 -0.725622 -0.514437 0.45709 
111.432 82.681 -127.792 -0.717797 -0.532597 0.448567 
114.849 81.4286 -131.471 -0.725489 -0.514374 0.457374 
111.839 82.8059 -128.403 -0.718163 -0.531732 0.449008 
115.119 81.7511 -131.948 -0.725103 -0.514926 0.457365 
112.288 82.8718 -129.034 -0.718723 -0.53044 0.449639 
115.237 82.0676 -132.224 -0.724537 -0.51599 0.457062 
112.711 82.8787 -129.591 -0.719363 -0.528963 0.450356 
115.195 82.3266 -132.274 -0.723899 -0.517349 0.456536 
113.057 82.8364 -130.011 -0.719979 -0.527528 0.451054 
115.024 82.4991 -132.125 -0.723288 -0.518769 0.455893 
113.302 82.7594 -130.273 -0.720509 -0.526284 0.45166 
114.768 82.5839 -131.837 -0.722763 -0.520081 0.45523 
113.45 82.6621 -130.394 -0.720932 -0.525288 0.452144 
114.474 82.5976 -131.473 -0.722345 -0.5212 0.454614 
113.516 82.556 -130.404 -0.721253 -0.524539 0.452503 
114.177 82.5626 -131.086 -0.722027 -0.522107 0.454078 
113.522 82.449 -130.337 -0.721488 -0.524001 0.452751 
113.896 82.4986 -130.709 -0.721793 -0.522819 0.45363 
113.486 82.3453 -130.22 -0.721655 -0.523634 0.452909 
113.64 82.4201 -130.357 -0.721623 -0.523372 0.453264 
113.42 82.2471 -130.072 -0.721773 -0.523396 0.452997 
113.413 82.3368 -130.035 -0.721498 -0.523803 0.452965 
113.337 82.1537 -129.908 -0.721856 -0.523246 0.453037 
113.21 82.2538 -129.744 -0.721404 -0.524144 0.452719 
113.244 82.0655 -129.736 -0.721917 -0.523158 0.453043 
113.028 82.1741 -129.479 -0.721329 -0.524425 0.452513 
113.146 81.9811 -129.564 -0.721964 -0.523105 0.453028 
112.863 82.0991 -129.237 -0.721266 -0.524667 0.452334 
113.049 81.9 -129.395 -0.722006 -0.523069 0.453004 
112.711 82.0298 -129.012 -0.721206 -0.524888 0.452172 
112.954 81.8218 -129.233 -0.722046 -0.523036 0.452977 
112.568 81.9664 -128.801 -0.721145 -0.525102 0.452021 
112.866 81.7453 -129.081 -0.722093 -0.52299 0.452955 
112.433 81.9097 -128.602 -0.721078 -0.525322 0.451873 
112.785 81.6704 -128.941 -0.722148 -0.522925 0.452943 
112.302 81.8593 -128.412 -0.721003 -0.525553 0.451724 
112.714 81.597 -128.814 -0.722214 -0.522831 0.452946 
112.175 81.8165 -128.229 -0.720913 -0.525809 0.451569 
112.655 81.5243 -128.704 -0.722296 -0.522699 0.452968 
112.05 81.7816 -128.053 -0.720808 -0.526095 0.451404 
112.61 81.4518 -128.613 -0.722399 -0.522517 0.453014 
111.926 81.7554 -127.882 -0.720683 -0.526418 0.451227 
112.582 81.3799 -128.543 -0.722524 -0.522277 0.45309 
111.802 81.7399 -127.717 -0.720532 -0.526792 0.451032 
112.574 81.3082 -128.5 -0.722679 -0.521967 0.453202 
111.678 81.7366 -127.557 -0.720352 -0.527223 0.450815 
112.59 81.2369 -128.488 -0.722867 -0.521571 0.453356 
111.554 81.7477 -127.405 -0.720137 -0.527721 0.450575 
112.634 81.167 -128.514 -0.723094 -0.521078 0.453562 
111.433 81.7759 -127.265 -0.719885 -0.528292 0.450308 
112.714 81.1003 -128.588 -0.723363 -0.520474 0.453826 
111.318 81.8241 -127.143 -0.719594 -0.528937 0.450016 
112.836 81.0403 -128.718 -0.723675 -0.519752 0.454157 
111.215 81.8955 -127.049 -0.719267 -0.529646 0.449706 
113.007 80.9929 -128.917 -0.724024 -0.518914 0.454557 
111.136 81.992 -127 -0.718917 -0.530389 0.449389 
113.231 80.9671 -129.195 -0.724396 -0.517986 0.455024 
111.096 82.1137 -127.015 -0.718569 -0.531112 0.449093 
113.51 80.9751 -129.558 -0.724759 -0.517025 0.455538 
111.114 82.2567 -127.119 -0.718264 -0.531724 0.448856 
113.835 81.0314 -130.001 -0.725069 -0.516127 0.456063 
111.211 82.4111 -127.335 -0.718061 -0.532105 0.448729 
114.185 81.1485 -130.502 -0.725266 -0.515428 0.45654 
111.401 82.562 -127.671 -0.718016 -0.53214 0.448761 
114.525 81.3307 -131.014 -0.725295 -0.515074 0.456893 
111.679 82.6906 -128.113 -0.718166 -0.53175 0.448982 
114.809 81.5663 -131.476 -0.725127 -0.515169 0.457053 
112.021 82.7806 -128.616 -0.718502 -0.530955 0.449385 
114.996 81.8257 -131.82 -0.724779 -0.51572 0.456983 
112.381 82.8242 -129.115 -0.718968 -0.529874 0.449915 
115.061 82.0702 -132.002 -0.72431 -0.516634 0.456696 
112.713 82.8223 -129.546 -0.719483 -0.52868 0.450497 
115.005 82.2664 -132.009 -0.723794 -0.517751 0.456248 
112.982 82.782 -129.866 -0.719977 -0.527528 0.451057 
114.852 82.3958 -131.866 -0.723302 -0.518905 0.455716 
113.172 82.714 -130.065 -0.720408 -0.526522 0.451544 
114.634 82.4586 -131.617 -0.722874 -0.519979 0.45517 
113.286 82.629 -130.152 -0.720757 -0.525708 0.451935 
114.385 82.4663 -131.307 -0.722527 -0.520909 0.454657 
113.334 82.5356 -130.149 -0.721027 -0.525087 0.452227 
114.13 82.4343 -130.973 -0.722258 -0.521677 0.454205 
113.331 82.44 -130.08 -0.721226 -0.52464 0.452428 
113.885 82.377 -130.642 -0.722057 -0.52229 0.453819 
113.289 82.3461 -129.965 -0.721368 -0.524337 0.452553 
113.658 82.3057 -130.326 -0.721909 -0.522773 0.453498 
113.221 82.255 -129.82 -0.721467 -0.524144 0.452618 
113.451 82.2275 -130.033 -0.721802 -0.52315 0.453234 
113.135 82.1682 -129.656 -0.721533 -0.524036 0.452638 
113.265 82.147 -129.762 -0.721727 -0.523443 0.453016 
113.038 82.0852 -129.483 -0.721576 -0.523989 0.452625 
113.096 82.0676 -129.514 -0.721671 -0.523677 0.452834 
112.935 82.006 -129.306 -0.721603 -0.523982 0.452589 
112.942 81.9908 -129.284 -0.721629 -0.523869 0.45268 
112.828 81.9302 -129.129 -0.721619 -0.524003 0.452539 
112.801 81.9167 -129.071 -0.721597 -0.524027 0.452547 
112.722 81.8576 -128.954 -0.721629 -0.52404 0.452481 
112.67 81.846 -128.872 -0.721572 -0.524164 0.452429 
112.617 81.7882 -128.784 -0.721634 -0.524088 0.452417 
112.548 81.7792 -128.685 -0.721549 -0.524287 0.452323 
112.515 81.7213 -128.621 -0.721639 -0.524136 0.452354 
112.434 81.7155 -128.509 -0.721529 -0.524399 0.452225 
112.417 81.6573 -128.463 -0.721642 -0.524186 0.452291 
112.325 81.6555 -128.342 -0.721508 -0.524507 0.452132 
112.323 81.5957 -128.313 -0.721647 -0.524231 0.452231 
112.221 81.5991 -128.183 -0.721487 -0.524612 0.452044 
112.234 81.5364 -128.171 -0.721653 -0.52427 0.452176 
112.122 81.546 -128.031 -0.721464 -0.524718 0.451958 
112.15 81.479 -128.037 -0.721663 -0.5243 0.452126 
112.027 81.4963 -127.886 -0.721439 -0.524826 0.451873 
112.072 81.4235 -127.91 -0.721677 -0.524318 0.452083 
111.935 81.4501 -127.746 -0.72141 -0.524939 0.451788 
112 81.3694 -127.792 -0.721695 -0.524323 0.452047 
111.845 81.4075 -127.612 -0.721375 -0.52506 0.451702 
111.933 81.3166 -127.683 -0.721721 -0.524311 0.452021 
111.757 81.3687 -127.481 -0.721335 -0.525194 0.451612 
111.874 81.2645 -127.582 -0.721754 -0.524279 0.452005 
111.67 81.3344 -127.354 -0.721284 -0.525345 0.451516 
111.822 81.2132 -127.492 -0.721797 -0.524222 0.452001 
111.583 81.3044 -127.228 -0.721224 -0.525517 0.451413 
111.778 81.1613 -127.413 -0.721855 -0.524133 0.452014 
111.495 81.2797 -127.105 -0.721149 -0.525717 0.451299 
111.745 81.1089 -127.346 -0.721928 -0.524005 0.452045 
111.405 81.2615 -126.981 -0.721055 -0.525956 0.451171 
111.723 81.0547 -127.294 -0.722024 -0.523825 0.4521 
111.311 81.2507 -126.856 -0.720938 -0.526243 0.451023 
111.716 80.9984 -127.259 -0.722145 -0.523584 0.452185 
111.213 81.2488 -126.729 -0.720792 -0.526591 0.450851 
111.727 80.939 -127.247 -0.722302 -0.523261 0.452308 
111.107 81.2587 -126.599 -0.720607 -0.527018 0.450647 
111.761 80.8753 -127.263 -0.722503 -0.522834 0.452481 
110.995 81.2834 -126.467 -0.720374 -0.527543 0.450405 
111.826 80.8076 -127.316 -0.722758 -0.52228 0.452714 
110.874 81.3266 -126.334 -0.720084 -0.528185 0.450117 
111.929 80.7359 -127.418 -0.723079 -0.521566 0.453025 
110.747 81.3945 -126.204 -0.719723 -0.528967 0.449775 
112.084 80.6622 -127.585 -0.723478 -0.520657 0.453433 
110.619 81.4934 -126.09 -0.719286 -0.5299 0.449376 
112.305 80.5928 -127.84 -0.723959 -0.519531 0.453955 
110.502 81.63 -126.009 -0.718774 -0.530971 0.44893 
112.608 80.5389 -128.209 -0.724517 -0.518183 0.454607 
110.419 81.8106 -125.997 -0.718211 -0.532128 0.448463 
113.008 80.5206 -128.719 -0.725117 -0.516659 0.455383 
110.408 82.0344 -126.102 -0.71766 -0.533229 0.448035 
113.507 80.5696 -129.385 -0.725684 -0.515105 0.456241 
110.518 82.2899 -126.387 -0.717236 -0.534041 0.447748 
114.081 80.7238 -130.191 -0.726092 -0.513784 0.457079 
110.798 82.5481 -126.902 -0.717089 -0.534253 0.44773 
114.666 81.0105 -131.065 -0.726196 -0.513051 0.457736 
111.263 82.7671 -127.644 -0.71734 -0.533621 0.448082 
115.164 81.4195 -131.872 -0.725902 -0.513202 0.458035 
111.861 82.9102 -128.523 -0.717979 -0.532158 0.448799 
115.477 81.8849 -132.458 -0.725244 -0.514273 0.457876 
112.487 82.9641 -129.381 -0.718847 -0.530181 0.449748 
115.55 82.3099 -132.718 -0.724379 -0.515997 0.457305 
113.032 82.9393 -130.075 -0.719738 -0.528122 0.450743 
115.403 82.618 -132.651 -0.723499 -0.517958 0.45648 
113.434 82.8581 -130.539 -0.720513 -0.5263 0.451636 
115.104 82.7865 -132.34 -0.722736 -0.519813 0.45558 
113.689 82.744 -130.783 -0.721124 -0.524843 0.452355 
114.734 82.8385 -131.896 -0.722134 -0.521386 0.454735 
113.822 82.6176 -130.86 -0.721577 -0.523756 0.452892 
114.354 82.8125 -131.412 -0.72169 -0.522632 0.454009 
113.869 82.4922 -130.827 -0.721902 -0.522982 0.453269 
114.002 82.7436 -130.948 -0.721375 -0.523579 0.45342 
113.858 82.3752 -130.729 -0.722129 -0.522453 0.453517 
113.694 82.6566 -130.531 -0.721154 -0.524284 0.452956 
113.812 82.269 -130.595 -0.722285 -0.522104 0.45367 
113.432 82.5662 -130.168 -0.720999 -0.52481 0.452593 
113.745 82.1733 -130.445 -0.722393 -0.521882 0.453754 
113.209 82.4791 -129.854 -0.720888 -0.525207 0.45231 
113.667 82.0858 -130.291 -0.722471 -0.521739 0.453794 
113.018 82.3996 -129.581 -0.720801 -0.525522 0.452081 
113.586 82.005 -130.138 -0.722532 -0.521644 0.453807 
112.852 82.3284 -129.341 -0.720728 -0.525788 0.45189 
113.505 81.9289 -129.992 -0.722586 -0.521568 0.453808 
112.704 82.2659 -129.126 -0.720657 -0.526028 0.451722 
113.43 81.8561 -129.856 -0.722642 -0.521491 0.453808 
112.569 82.2123 -128.931 -0.720584 -0.526263 0.451565 
113.363 81.786 -129.734 -0.722705 -0.521397 0.453814 
112.443 82.1674 -128.75 -0.720502 -0.526506 0.451413 
113.307 81.7181 -129.629 -0.72278 -0.521275 0.453836 
112.324 82.1316 -128.581 -0.720409 -0.526766 0.451259 
113.265 81.6526 -129.543 -0.722869 -0.521117 0.453876 
112.21 82.1054 -128.424 -0.7203 -0.527051 0.451099 
113.238 81.5891 -129.479 -0.722976 -0.52091 0.453942 
112.102 82.0896 -128.279 -0.720174 -0.527368 0.45093 
113.23 81.5287 -129.441 -0.723104 -0.520652 0.454035 
111.999 82.0844 -128.146 -0.720031 -0.527715 0.450753 
113.243 81.4725 -129.432 -0.72325 -0.520339 0.45416 
111.902 82.0915 -128.027 -0.719869 -0.528095 0.450566 
113.28 81.4215 -129.456 -0.723418 -0.519967 0.454319 
111.816 82.1111 -127.928 -0.719692 -0.5285 0.450374 
113.342 81.3786 -129.516 -0.723603 -0.519541 0.454513 
111.742 82.1444 -127.853 -0.719502 -0.528924 0.450179 
113.431 81.346 -129.616 -0.723801 -0.519066 0.45474 
111.686 82.1908 -127.808 -0.719309 -0.529346 0.449992 
113.548 81.3281 -129.758 -0.724002 -0.518563 0.454993 
111.654 82.2501 -127.801 -0.719123 -0.529743 0.449822 
113.69 81.3286 -129.941 -0.724195 -0.518055 0.455265 
111.653 82.3195 -127.839 -0.718962 -0.530078 0.449686 
113.853 81.3521 -130.16 -0.724362 -0.517581 0.455538 
111.687 82.3954 -127.929 -0.718842 -0.530313 0.449599 
114.028 81.4022 -130.406 -0.724482 -0.517192 0.45579 
111.762 82.4724 -128.072 -0.718784 -0.53041 0.449579 
114.202 81.4788 -130.661 -0.724538 -0.51693 0.455997 
111.876 82.5438 -128.264 -0.7188 -0.53034 0.449636 
114.36 81.5792 -130.905 -0.724518 -0.516839 0.456133 
112.023 82.6032 -128.491 -0.718895 -0.530095 0.449772 
114.485 81.6953 -131.114 -0.724418 -0.516938 0.456179 
112.191 82.6451 -128.735 -0.719061 -0.529694 0.449979 
114.564 81.8166 -131.266 -0.724246 -0.517223 0.456128 
112.364 82.6662 -128.973 -0.71928 -0.529176 0.450238 
114.591 81.9302 -131.347 -0.724024 -0.51766 0.455987 
112.525 82.6666 -129.182 -0.719527 -0.5286 0.45052 
114.566 82.0247 -131.353 -0.723775 -0.518195 0.455773 
112.662 82.6476 -129.347 -0.719777 -0.528019 0.450802 
114.494 82.0933 -131.29 -0.723524 -0.518775 0.455511 
112.767 82.6131 -129.459 -0.72001 -0.52748 0.45106 
114.386 82.1337 -131.17 -0.723289 -0.519352 0.455227 
112.835 82.5664 -129.516 -0.720215 -0.527013 0.45128 
114.254 82.1466 -131.008 -0.723084 -0.519885 0.454944 
112.868 82.5121 -129.522 -0.720383 -0.526634 0.451454 
114.109 82.1363 -130.82 -0.722914 -0.520357 0.454676 
112.869 82.4529 -129.486 -0.720514 -0.526347 0.451579 
113.961 82.107 -130.621 -0.72278 -0.520751 0.454436 
112.843 82.3922 -129.414 -0.720609 -0.52615 0.451658 
113.816 82.0641 -130.419 -0.722681 -0.52107 0.454228 
112.795 82.3315 -129.314 -0.720672 -0.526032 0.451695 
113.679 82.0112 -130.222 -0.722615 -0.521314 0.454054 
112.73 82.2731 -129.194 -0.720704 -0.525989 0.451694 
113.553 81.9518 -130.036 -0.722577 -0.521488 0.453914 
112.651 82.2179 -129.06 -0.72071 -0.526009 0.451661 
113.439 81.8881 -129.864 -0.722565 -0.521597 0.453808 
112.561 82.1668 -128.916 -0.720692 -0.526086 0.4516 
113.339 81.8219 -129.707 -0.722578 -0.521644 0.453733 
112.465 82.1211 -128.766 -0.720651 -0.526215 0.451514 
113.254 81.7545 -129.569 -0.722614 -0.521633 0.453689 
112.363 82.081 -128.613 -0.72059 -0.526391 0.451407 
113.184 81.6867 -129.449 -0.722672 -0.521564 0.453676 
112.257 82.048 -128.46 -0.720508 -0.526612 0.45128 
113.131 81.6195 -129.352 -0.722752 -0.521437 0.453694 
112.15 82.0233 -128.309 -0.720403 -0.526881 0.451134 
113.096 81.553 -129.278 -0.722857 -0.521247 0.453746 
112.042 82.0075 -128.163 -0.720276 -0.527194 0.45097 
113.082 81.4885 -129.231 -0.722985 -0.520993 0.453832 
111.936 82.0027 -128.024 -0.720126 -0.527555 0.450789 
113.091 81.4265 -129.214 -0.723141 -0.520668 0.453957 
111.833 82.0097 -127.896 -0.719953 -0.527959 0.450591 
113.125 81.369 -129.233 -0.723322 -0.520273 0.454122 
111.736 82.0307 -127.784 -0.719756 -0.528407 0.45038 
113.188 81.3181 -129.291 -0.723527 -0.519806 0.45433 
111.65 82.0663 -127.693 -0.719542 -0.528887 0.45016 
113.282 81.2765 -129.395 -0.723754 -0.51927 0.454581 
111.58 82.118 -127.632 -0.719314 -0.529384 0.44994 
113.41 81.2494 -129.547 -0.723993 -0.518685 0.454869 
111.533 82.1853 -127.611 -0.719086 -0.529871 0.449731 
113.57 81.2416 -129.75 -0.724231 -0.518072 0.455188 
111.52 82.2663 -127.639 -0.718878 -0.530304 0.449553 
113.76 81.2599 -130.001 -0.724446 -0.51748 0.455519 
111.547 82.3573 -127.728 -0.718712 -0.530636 0.449426 
113.969 81.3091 -130.291 -0.724615 -0.516963 0.455838 
111.624 82.4523 -127.883 -0.718614 -0.530813 0.449374 
114.184 81.3928 -130.602 -0.72471 -0.516588 0.456112 
111.751 82.5425 -128.103 -0.718608 -0.530785 0.449417 
114.385 81.5092 -130.909 -0.72471 -0.516418 0.456305 
111.923 82.6193 -128.374 -0.718704 -0.530531 0.449563 
114.55 81.65 -131.179 -0.724606 -0.51649 0.456389 
112.127 82.6749 -128.674 -0.718897 -0.530066 0.449803 
114.661 81.801 -131.383 -0.724407 -0.516803 0.456349 
112.341 82.7052 -128.971 -0.71916 -0.529446 0.450113 
114.706 81.9447 -131.499 -0.724139 -0.517317 0.456191 
112.543 82.7088 -129.236 -0.719463 -0.528739 0.450459 
114.683 82.0657 -131.52 -0.723835 -0.517966 0.455938 
112.716 82.6887 -129.446 -0.719769 -0.528026 0.450806 
114.601 82.1542 -131.451 -0.723527 -0.518674 0.455622 
112.847 82.6487 -129.589 -0.720055 -0.527365 0.451124 
114.474 82.2059 -131.312 -0.723241 -0.519373 0.45528 
112.934 82.5945 -129.664 -0.720302 -0.526796 0.451394 
114.318 82.2233 -131.121 -0.722994 -0.520015 0.454939 
112.977 82.5313 -129.677 -0.720504 -0.526339 0.451606 
114.147 82.2124 -130.9 -0.72279 -0.520578 0.454619 
112.982 82.4628 -129.639 -0.720661 -0.525992 0.451759 
113.973 82.179 -130.667 -0.722632 -0.521046 0.454335 
112.955 82.3928 -129.56 -0.720774 -0.525752 0.451857 
113.804 82.1303 -130.433 -0.722513 -0.521424 0.45409 
112.904 82.3231 -129.45 -0.720851 -0.525604 0.451907 
113.645 82.0711 -130.206 -0.722431 -0.521716 0.453885 
112.833 82.2557 -129.317 -0.720896 -0.525536 0.451914 
113.499 82.0052 -129.992 -0.72238 -0.521932 0.453718 
112.748 82.1916 -129.17 -0.720913 -0.525536 0.451887 
113.367 81.9355 -129.794 -0.722355 -0.52208 0.453586 
112.652 82.1316 -129.012 -0.720906 -0.525594 0.451831 
113.249 81.8638 -129.612 -0.722355 -0.522167 0.453487 
112.549 82.0762 -128.849 -0.720878 -0.525701 0.451751 
113.145 81.7912 -129.447 -0.722376 -0.522197 0.453418 
112.44 82.0266 -128.682 -0.720829 -0.525856 0.451649 
113.056 81.7185 -129.301 -0.722418 -0.522173 0.453379 
112.328 81.9829 -128.515 -0.720761 -0.526051 0.451529 
112.983 81.6464 -129.175 -0.72248 -0.522096 0.453368 
112.213 81.9463 -128.349 -0.720674 -0.52629 0.45139 
112.926 81.5745 -129.07 -0.722566 -0.521961 0.453389 
112.097 81.9182 -128.185 -0.720564 -0.526575 0.451233 
112.887 81.5036 -128.988 -0.722674 -0.521765 0.453441 
111.98 81.8996 -128.026 -0.720431 -0.526908 0.451058 
112.869 81.4334 -128.933 -0.72281 -0.5215 0.45353 
111.863 81.8916 -127.873 -0.720272 -0.527291 0.450863 
112.873 81.3653 -128.908 -0.722974 -0.521161 0.453658 
111.748 81.8968 -127.728 -0.720085 -0.527731 0.450648 
112.904 81.2999 -128.92 -0.72317 -0.520738 0.453831 
111.636 81.9168 -127.597 -0.719868 -0.528227 0.450413 
112.967 81.2393 -128.973 -0.723398 -0.520228 0.454053 
111.533 81.9537 -127.484 -0.719623 -0.528775 0.450161 
113.064 81.1865 -129.075 -0.723657 -0.519627 0.454328 
111.443 82.0093 -127.399 -0.719355 -0.529363 0.4499 
113.202 81.1459 -129.234 -0.723943 -0.518942 0.454656 
111.375 82.0844 -127.354 -0.719074 -0.529964 0.44964 
113.38 81.1249 -129.455 -0.724238 -0.5182 0.455031 
111.34 82.179 -127.362 -0.7188 -0.530538 0.449402 
113.6 81.1314 -129.741 -0.724524 -0.517443 0.455438 
111.352 82.2891 -127.439 -0.718563 -0.531019 0.449212 
113.853 81.1744 -130.085 -0.724767 -0.51674 0.455849 
111.422 82.4085 -127.6 -0.718399 -0.531332 0.449105 
114.124 81.2617 -130.471 -0.724929 -0.516183 0.456223 
111.56 82.5261 -127.849 -0.718346 -0.531396 0.449113 
114.389 81.3954 -130.866 -0.724973 -0.515867 0.45651 
111.762 82.6298 -128.176 -0.71843 -0.531161 0.449257 
114.617 81.568 -131.231 -0.724878 -0.515864 0.456664 
112.014 82.7081 -128.553 -0.718649 -0.530631 0.449533 
114.78 81.7619 -131.518 -0.724648 -0.516195 0.456655 
112.288 82.7531 -128.938 -0.718975 -0.529866 0.449914 
114.857 81.9519 -131.694 -0.724317 -0.51681 0.456484 
112.552 82.7634 -129.288 -0.719359 -0.528972 0.450352 
114.844 82.115 -131.743 -0.723931 -0.517621 0.456178 
112.778 82.7425 -129.568 -0.71975 -0.528062 0.450795 
114.751 82.2341 -131.674 -0.723539 -0.518512 0.455787 
112.951 82.6961 -129.76 -0.720112 -0.527222 0.451201 
114.597 82.3043 -131.508 -0.723179 -0.51939 0.455359 
113.066 82.6318 -129.863 -0.720421 -0.526505 0.451544 
114.407 82.3292 -131.278 -0.722871 -0.520189 0.454936 
113.125 82.5566 -129.888 -0.72067 -0.525933 0.451812 
114.2 82.3174 -131.012 -0.722621 -0.520878 0.454545 
113.137 82.4764 -129.85 -0.720861 -0.525506 0.452005 
113.992 82.2793 -130.734 -0.722427 -0.521448 0.454199 
113.111 82.3944 -129.763 -0.721001 -0.525204 0.452132 
113.792 82.2229 -130.458 -0.722284 -0.521902 0.453905 
113.057 82.3138 -129.642 -0.721097 -0.525013 0.452201 
113.606 82.1561 -130.194 -0.722181 -0.522259 0.453659 
112.981 82.2358 -129.497 -0.721159 -0.52491 0.452223 
113.435 82.0832 -129.946 -0.722111 -0.522531 0.453456 
112.891 82.1608 -129.337 -0.721193 -0.524875 0.452208 
113.28 82.0076 -129.716 -0.722068 -0.522733 0.453292 
112.791 82.0902 -129.168 -0.721203 -0.5249 0.452163 
113.14 81.9312 -129.504 -0.722046 -0.522877 0.453161 
112.683 82.0235 -128.993 -0.721196 -0.524967 0.452097 
113.014 81.8551 -129.31 -0.722043 -0.522971 0.453057 
112.572 81.9612 -128.817 -0.721173 -0.525072 0.452012 
112.901 81.7802 -129.132 -0.722055 -0.523024 0.452978 
112.458 81.9037 -128.64 -0.721136 -0.525208 0.451912 
112.801 81.7061 -128.971 -0.722083 -0.523033 0.452922 
112.342 81.8517 -128.465 -0.721084 -0.525377 0.451799 
112.713 81.6333 -128.826 -0.722125 -0.523004 0.452889 
112.225 81.8051 -128.292 -0.721018 -0.525576 0.451674 
112.639 81.561 -128.698 -0.722185 -0.52293 0.452878 
112.108 81.7653 -128.122 -0.720934 -0.52581 0.451534 
112.578 81.4896 -128.587 -0.722263 -0.52281 0.452893 
111.989 81.7329 -127.954 -0.720832 -0.526083 0.45138 
112.533 81.4184 -128.497 -0.722363 -0.522636 0.452935 
111.87 81.709 -127.789 -0.720707 -0.526401 0.451208 
112.505 81.3472 -128.429 -0.722488 -0.522398 0.453009 
111.749 81.6952 -127.627 -0.720556 -0.526772 0.451016 
112.498 81.2758 -128.387 -0.722643 -0.522086 0.453121 
111.626 81.6934 -127.47 -0.720375 -0.527205 0.4508 
112.515 81.2045 -128.377 -0.722834 -0.521686 0.453277 
111.503 81.7061 -127.32 -0.720157 -0.52771 0.450558 
112.562 81.1339 -128.406 -0.723066 -0.521182 0.453487 
111.381 81.7361 -127.179 -0.719899 -0.528292 0.450287 
112.645 81.066 -128.483 -0.723343 -0.520562 0.453758 
111.264 81.7868 -127.055 -0.719598 -0.528956 0.449989 
112.771 81.0043 -128.618 -0.723665 -0.519816 0.454099 
111.158 81.8614 -126.96 -0.719259 -0.52969 0.449667 
112.948 80.9546 -128.824 -0.72403 -0.518945 0.454514 
111.076 81.9625 -126.908 -0.718892 -0.530468 0.449337 
113.181 80.9265 -129.114 -0.72442 -0.517973 0.455001 
111.033 82.0904 -126.922 -0.718523 -0.531231 0.449025 
113.473 80.9333 -129.493 -0.724805 -0.516958 0.455542 
111.05 82.2414 -127.029 -0.718199 -0.531883 0.448773 
113.816 80.9909 -129.959 -0.725135 -0.516004 0.456097 
111.151 82.4048 -127.255 -0.71798 -0.532293 0.448635 
114.186 81.1134 -130.488 -0.725347 -0.515258 0.456604 
111.351 82.5649 -127.61 -0.717931 -0.532333 0.448668 
114.547 81.3065 -131.033 -0.725378 -0.514881 0.456979 
111.648 82.7008 -128.08 -0.718093 -0.531914 0.448905 
114.848 81.5577 -131.522 -0.725196 -0.514989 0.457147 
112.012 82.795 -128.616 -0.718457 -0.531058 0.449336 
115.044 81.8344 -131.885 -0.72482 -0.515589 0.457066 
112.395 82.8393 -129.145 -0.718957 -0.529899 0.449903 
115.109 82.094 -132.072 -0.724316 -0.516573 0.456754 
112.745 82.8349 -129.599 -0.719506 -0.528628 0.450522 
115.044 82.2994 -132.072 -0.723769 -0.517764 0.456273 
113.026 82.7905 -129.932 -0.720027 -0.527414 0.451112 
114.877 82.4326 -131.914 -0.723252 -0.518983 0.455707 
113.222 82.7179 -130.135 -0.720475 -0.526365 0.451621 
114.645 82.4946 -131.646 -0.722807 -0.520107 0.455132 
113.338 82.6285 -130.22 -0.720835 -0.525523 0.452026 
114.383 82.4994 -131.318 -0.722448 -0.521072 0.454597 
113.385 82.5315 -130.213 -0.72111 -0.524889 0.452325 
114.117 82.4635 -130.97 -0.722173 -0.52186 0.454129 
113.379 82.4328 -130.139 -0.721313 -0.524433 0.45253 
113.864 82.4026 -130.627 -0.721969 -0.522486 0.453734 
113.336 82.3361 -130.019 -0.721457 -0.524124 0.452658 
113.631 82.3284 -130.303 -0.721819 -0.522977 0.453406 
113.266 82.2434 -129.87 -0.721558 -0.523929 0.452724 
113.42 82.2482 -130.004 -0.721712 -0.523359 0.453137 
113.179 82.155 -129.705 -0.721626 -0.523817 0.452745 
113.23 82.1671 -129.729 -0.721632 -0.523661 0.452915 
113.082 82.0706 -129.531 -0.721672 -0.523762 0.452734 
113.059 82.0877 -129.477 -0.721572 -0.523905 0.452728 
112.979 81.9898 -129.355 -0.721704 -0.523745 0.452703 
112.903 82.0113 -129.244 -0.721525 -0.524108 0.452569 
112.875 81.9123 -129.179 -0.721727 -0.523751 0.452659 
112.758 81.939 -129.028 -0.721484 -0.524286 0.452427 
112.772 81.8378 -129.008 -0.721747 -0.523767 0.45261 
112.624 81.8705 -128.825 -0.721448 -0.524445 0.4523 
112.671 81.7661 -128.843 -0.721764 -0.523788 0.452558 
112.498 81.8062 -128.634 -0.721413 -0.524597 0.452181 
112.575 81.6963 -128.685 -0.721784 -0.523802 0.45251 
112.378 81.7467 -128.453 -0.721375 -0.524748 0.452066 
112.485 81.6288 -128.536 -0.721807 -0.523807 0.452467 
112.262 81.6916 -128.279 -0.721332 -0.524903 0.451954 
112.4 81.563 -128.397 -0.721836 -0.523798 0.452431 
112.15 81.6413 -128.113 -0.721284 -0.525067 0.45184 
112.324 81.4981 -128.268 -0.721874 -0.523766 0.452407 
112.041 81.5955 -127.952 -0.721228 -0.525244 0.451723 
112.256 81.4345 -128.15 -0.721922 -0.52371 0.452396 
111.933 81.5555 -127.795 -0.721161 -0.525443 0.451599 
112.197 81.3712 -128.046 -0.721983 -0.523622 0.452401 
111.826 81.5218 -127.641 -0.721078 -0.525671 0.451466 
112.149 81.3083 -127.955 -0.722059 -0.523495 0.452426 
111.718 81.4947 -127.49 -0.720979 -0.525933 0.45132 
112.114 81.2443 -127.881 -0.722158 -0.523316 0.452475 
111.608 81.4756 -127.341 -0.720858 -0.526239 0.451156 
112.095 81.1791 -127.827 -0.722282 -0.523076 0.452555 
111.495 81.4661 -127.192 -0.720709 -0.526601 0.450972 
112.095 81.1121 -127.797 -0.722439 -0.522759 0.452671 
111.378 81.4688 -127.044 -0.720524 -0.527036 0.450759 
112.118 81.0433 -127.796 -0.722634 -0.522348 0.452834 
111.257 81.4856 -126.898 -0.720299 -0.527553 0.450514 
112.171 80.9722 -127.832 -0.722878 -0.521819 0.453054 
111.132 81.5207 -126.756 -0.720024 -0.52817 0.450232 
112.261 80.9004 -127.917 -0.723177 -0.521153 0.453343 
111.007 81.5786 -126.624 -0.719691 -0.5289 0.449907 
112.399 80.8302 -128.064 -0.72354 -0.520323 0.453717 
110.885 81.6638 -126.512 -0.719299 -0.529742 0.449542 
112.596 80.7676 -128.29 -0.723967 -0.519319 0.454187 
110.781 81.7819 -126.439 -0.718854 -0.530681 0.449147 
112.862 80.7234 -128.615 -0.724445 -0.518151 0.454758 
110.712 81.9353 -126.433 -0.718382 -0.531656 0.448749 
113.207 80.7139 -129.057 -0.724945 -0.516867 0.455421 
110.709 82.1226 -126.531 -0.717935 -0.532555 0.448398 
113.628 80.7631 -129.622 -0.725404 -0.515592 0.456135 
110.808 82.3331 -126.778 -0.7176 -0.533196 0.448172 
114.103 80.8965 -130.291 -0.72573 -0.514527 0.45682 
111.04 82.5445 -127.204 -0.717484 -0.533361 0.448162 
114.581 81.1314 -131.005 -0.725817 -0.513928 0.457355 
111.413 82.7268 -127.802 -0.717666 -0.532886 0.448435 
114.992 81.457 -131.667 -0.725604 -0.513995 0.457616 
111.89 82.8528 -128.508 -0.718144 -0.531774 0.448989 
115.263 81.8287 -132.163 -0.725107 -0.514776 0.457528 
112.398 82.9091 -129.212 -0.718818 -0.530226 0.44974 
115.35 82.1779 -132.413 -0.72443 -0.516098 0.457111 
112.858 82.9001 -129.805 -0.719546 -0.528546 0.450554 
115.26 82.4469 -132.403 -0.723708 -0.517677 0.456468 
113.215 82.8401 -130.226 -0.720214 -0.526985 0.451314 
115.035 82.6103 -132.183 -0.723049 -0.519245 0.455731 
113.454 82.7474 -130.469 -0.720764 -0.525686 0.45195 
114.733 82.6769 -131.83 -0.722505 -0.520638 0.455004 
113.589 82.6379 -130.562 -0.72119 -0.524679 0.452441 
114.406 82.6712 -131.419 -0.722085 -0.521788 0.454353 
113.641 82.5235 -130.547 -0.721504 -0.523941 0.452795 
114.088 82.6202 -131.001 -0.721774 -0.522695 0.453803 
113.635 82.4117 -130.46 -0.72173 -0.523423 0.453034 
113.797 82.5456 -130.607 -0.721549 -0.523396 0.453353 
113.59 82.3062 -130.33 -0.721889 -0.523076 0.453182 
113.538 82.4609 -130.249 -0.721387 -0.523932 0.452992 
113.52 82.2071 -130.177 -0.722002 -0.522849 0.453264 
113.311 82.3752 -129.928 -0.721268 -0.524349 0.4527 
113.436 82.1146 -130.012 -0.722082 -0.522706 0.4533 
113.111 82.2924 -129.641 -0.721177 -0.524681 0.45246 
113.345 82.0273 -129.844 -0.722145 -0.522614 0.453308 
112.933 82.2156 -129.383 -0.7211 -0.524962 0.452256 
113.253 81.9439 -129.679 -0.722198 -0.522546 0.4533 
112.772 82.1454 -129.147 -0.721029 -0.525214 0.452077 
113.163 81.8637 -129.522 -0.72225 -0.522485 0.453288 
112.622 82.0823 -128.928 -0.720958 -0.525454 0.451911 
113.08 81.7858 -129.375 -0.722307 -0.522414 0.453279 
112.482 82.0271 -128.724 -0.72088 -0.525699 0.45175 
113.005 81.7098 -129.241 -0.722373 -0.52232 0.453281 
112.348 81.9794 -128.531 -0.720793 -0.525957 0.451589 
112.942 81.6355 -129.124 -0.722452 -0.522195 0.4533 
112.218 81.9406 -128.347 -0.720691 -0.52624 0.451422 
112.892 81.5621 -129.026 -0.72255 -0.522025 0.45334 
112.092 81.9107 -128.172 -0.720571 -0.526554 0.451246 
112.859 81.4902 -128.949 -0.722668 -0.521804 0.453408 
111.968 81.8915 -128.005 -0.72043 -0.52691 0.451057 
112.845 81.4197 -128.899 -0.72281 -0.521519 0.453508 
111.846 81.8841 -127.846 -0.720263 -0.527314 0.450851 
112.854 81.3506 -128.879 -0.722982 -0.521159 0.453647 
111.728 81.8899 -127.699 -0.72007 -0.527768 0.450628 
112.89 81.2849 -128.896 -0.723185 -0.520719 0.453829 
111.615 81.9115 -127.566 -0.719847 -0.528279 0.450386 
112.958 81.2242 -128.955 -0.723421 -0.520189 0.454062 
111.51 81.9506 -127.453 -0.719595 -0.528842 0.450128 
113.061 81.1718 -129.065 -0.723687 -0.519569 0.454347 
111.42 82.0091 -127.37 -0.71932 -0.529443 0.449861 
113.205 81.1326 -129.233 -0.723978 -0.518866 0.454686 
111.354 82.0878 -127.329 -0.719033 -0.530056 0.449597 
113.392 81.1132 -129.465 -0.72428 -0.518105 0.455072 
111.323 82.1857 -127.343 -0.718757 -0.530633 0.449359 
113.619 81.1233 -129.762 -0.724568 -0.517337 0.455488 
111.34 82.2995 -127.431 -0.718521 -0.53111 0.449173 
113.88 81.1715 -130.118 -0.724809 -0.516631 0.455906 
111.419 82.4212 -127.604 -0.718365 -0.531403 0.449075 
114.157 81.2661 -130.514 -0.724961 -0.516087 0.456279 
111.567 82.5401 -127.868 -0.718326 -0.531436 0.449098 
114.424 81.4076 -130.917 -0.724991 -0.515799 0.456559 
111.781 82.6433 -128.209 -0.718429 -0.531159 0.449261 
114.65 81.5872 -131.281 -0.724877 -0.515835 0.456698 
112.042 82.7192 -128.597 -0.718668 -0.530584 0.449558 
114.806 81.7862 -131.562 -0.724628 -0.516213 0.456667 
112.322 82.7606 -128.988 -0.719012 -0.52978 0.449957 
114.874 81.978 -131.726 -0.724279 -0.516873 0.456473 
112.588 82.767 -129.338 -0.719407 -0.52886 0.450407 
114.849 82.1395 -131.76 -0.723881 -0.517718 0.456147 
112.812 82.7415 -129.612 -0.719804 -0.527936 0.450856 
114.744 82.2545 -131.674 -0.723485 -0.51863 0.45574 
112.981 82.6914 -129.795 -0.720166 -0.527094 0.451263 
114.582 82.3193 -131.495 -0.723124 -0.519516 0.455303 
113.089 82.6243 -129.889 -0.720472 -0.526385 0.451602 
114.385 82.3389 -131.254 -0.722819 -0.520314 0.454875 
113.142 82.547 -129.905 -0.720717 -0.525824 0.451864 
114.174 82.3229 -130.981 -0.722573 -0.520998 0.454483 
113.149 82.4653 -129.859 -0.720903 -0.525409 0.452051 
113.963 82.2808 -130.698 -0.722385 -0.521558 0.45414 
113.119 82.3824 -129.766 -0.721039 -0.52512 0.452171 
113.762 82.2222 -130.42 -0.722244 -0.522006 0.453849 
113.061 82.3011 -129.64 -0.721131 -0.524938 0.452234 
113.576 82.1533 -130.155 -0.722146 -0.522353 0.453606 
112.983 82.2227 -129.491 -0.72119 -0.524843 0.452251 
113.405 82.0794 -129.907 -0.722078 -0.522619 0.453407 
112.89 82.1477 -129.329 -0.721221 -0.524816 0.452233 
113.25 82.0031 -129.678 -0.722037 -0.522817 0.453245 
112.788 82.0765 -129.157 -0.721231 -0.524842 0.452186 
113.111 81.9264 -129.466 -0.722016 -0.522958 0.453115 
112.68 82.0095 -128.982 -0.721223 -0.524911 0.452118 
112.985 81.8504 -129.272 -0.722013 -0.523052 0.453012 
112.569 81.9469 -128.805 -0.721201 -0.525015 0.452033 
112.872 81.7757 -129.094 -0.722024 -0.523106 0.452932 
112.454 81.8892 -128.628 -0.721164 -0.525152 0.451934 
112.772 81.7019 -128.932 -0.72205 -0.523118 0.452876 
112.339 81.8364 -128.453 -0.721115 -0.525315 0.451822 
112.683 81.6295 -128.786 -0.722091 -0.523093 0.45284 
112.223 81.7894 -128.281 -0.72105 -0.52551 0.451698 
112.608 81.558 -128.656 -0.722147 -0.523028 0.452826 
112.106 81.7483 -128.111 -0.720971 -0.525736 0.451562 
112.545 81.4868 -128.544 -0.722222 -0.522915 0.452837 
111.988 81.7147 -127.944 -0.720873 -0.526 0.451411 
112.498 81.4161 -128.451 -0.722317 -0.522751 0.452874 
111.869 81.6893 -127.779 -0.720753 -0.526308 0.451243 
112.467 81.3453 -128.379 -0.722437 -0.522527 0.452942 
111.749 81.6736 -127.618 -0.720608 -0.526668 0.451056 
112.455 81.2742 -128.332 -0.722586 -0.52223 0.453046 
111.627 81.6695 -127.46 -0.720432 -0.527088 0.450845 
112.468 81.2028 -128.316 -0.72277 -0.521847 0.453194 
111.504 81.6794 -127.308 -0.720221 -0.52758 0.450608 
112.509 81.1317 -128.337 -0.722995 -0.521362 0.453393 
111.381 81.706 -127.164 -0.719969 -0.52815 0.450341 
112.584 81.0625 -128.404 -0.723265 -0.520762 0.453653 
111.261 81.7532 -127.035 -0.719673 -0.528807 0.450044 
112.702 80.9984 -128.527 -0.723582 -0.520034 0.453982 
111.151 81.8237 -126.93 -0.719335 -0.52954 0.449722 
112.87 80.9442 -128.72 -0.723945 -0.519173 0.454388 
111.06 81.9209 -126.865 -0.718964 -0.530329 0.449385 
113.095 80.909 -128.995 -0.724341 -0.518198 0.45487 
111.004 82.046 -126.862 -0.718583 -0.531124 0.449058 
113.381 80.9057 -129.362 -0.724742 -0.517158 0.455415 
111.005 82.1965 -126.947 -0.718232 -0.531833 0.448779 
113.722 80.9503 -129.822 -0.725102 -0.516147 0.455988 
111.087 82.3631 -127.148 -0.717975 -0.532327 0.448604 
114.1 81.0598 -130.355 -0.725355 -0.515313 0.456529 
111.269 82.5304 -127.484 -0.717879 -0.532465 0.448593 
114.478 81.2426 -130.918 -0.725434 -0.514825 0.456954 
111.554 82.6777 -127.945 -0.717998 -0.53214 0.44879 
114.807 81.491 -131.442 -0.725294 -0.514821 0.45718 
111.919 82.7853 -128.49 -0.718333 -0.531345 0.449195 
115.036 81.7749 -131.851 -0.724944 -0.515338 0.457153 
112.315 82.8417 -129.044 -0.718828 -0.530197 0.449758 
115.132 82.0506 -132.084 -0.724443 -0.516288 0.456875 
112.687 82.8467 -129.533 -0.719392 -0.528892 0.450393 
115.091 82.2765 -132.122 -0.72388 -0.51749 0.456407 
112.993 82.8083 -129.903 -0.719939 -0.527618 0.451012 
114.937 82.4289 -131.988 -0.723337 -0.518753 0.455835 
113.212 82.7386 -130.137 -0.720417 -0.526502 0.451555 
114.708 82.5059 -131.73 -0.722863 -0.519933 0.45524 
113.346 82.6496 -130.247 -0.720803 -0.525597 0.451992 
114.442 82.5202 -131.402 -0.72248 -0.520954 0.454682 
113.406 82.5516 -130.256 -0.721099 -0.524909 0.452319 
114.169 82.4901 -131.047 -0.722183 -0.521795 0.454188 
113.41 82.4511 -130.192 -0.721319 -0.524411 0.452546 
113.908 82.4317 -130.695 -0.721963 -0.522462 0.453771 
113.373 82.3525 -130.078 -0.721476 -0.524069 0.452691 
113.667 82.3583 -130.362 -0.721801 -0.522986 0.453426 
113.308 82.258 -129.934 -0.721586 -0.52385 0.45277 
113.449 82.2779 -130.054 -0.721684 -0.523393 0.453142 
113.224 82.1678 -129.77 -0.721662 -0.523719 0.452801 
113.254 82.1963 -129.772 -0.721598 -0.523715 0.452908 
113.128 82.0815 -129.597 -0.721715 -0.523648 0.452798 
113.077 82.1163 -129.513 -0.721532 -0.523974 0.452712 
113.027 81.9993 -129.421 -0.721752 -0.523619 0.452773 
112.917 82.0396 -129.275 -0.72148 -0.524191 0.452544 
112.924 81.9208 -129.247 -0.721779 -0.523615 0.452734 
112.769 81.9669 -129.054 -0.721435 -0.524381 0.452396 
112.822 81.8447 -129.076 -0.721804 -0.523619 0.45269 
112.631 81.899 -128.848 -0.721392 -0.524556 0.452261 
112.723 81.7712 -128.912 -0.721828 -0.523625 0.452645 
112.501 81.8354 -128.652 -0.72135 -0.524723 0.452135 
112.629 81.7 -128.756 -0.721854 -0.523625 0.452603 
112.377 81.777 -128.467 -0.721304 -0.524893 0.452012 
112.542 81.6303 -128.61 -0.721887 -0.523609 0.452568 
112.258 81.7232 -128.29 -0.721253 -0.525068 0.45189 
112.461 81.5623 -128.474 -0.721927 -0.523576 0.452544 
112.142 81.6751 -128.118 -0.721193 -0.525258 0.451764 
112.389 81.4953 -128.351 -0.721977 -0.523517 0.452533 
112.028 81.6327 -127.953 -0.721122 -0.525468 0.451633 
112.328 81.4289 -128.24 -0.72204 -0.523425 0.452538 
111.915 81.5967 -127.791 -0.721037 -0.525705 0.451493 
112.277 81.3626 -128.145 -0.722121 -0.523291 0.452563 
111.801 81.5679 -127.632 -0.720934 -0.525978 0.45134 
112.24 81.2959 -128.067 -0.722222 -0.523107 0.452614 
111.687 81.5475 -127.476 -0.720809 -0.526295 0.45117 
112.22 81.2283 -128.01 -0.72235 -0.522861 0.452695 
111.57 81.537 -127.322 -0.720656 -0.526667 0.45098 
112.219 81.1593 -127.977 -0.72251 -0.522537 0.452814 
111.45 81.539 -127.17 -0.720468 -0.52711 0.450762 
112.242 81.0892 -127.975 -0.722707 -0.522121 0.452979 
111.327 81.5555 -127.021 -0.720241 -0.527632 0.450515 
112.295 81.0176 -128.012 -0.722952 -0.52159 0.453201 
111.202 81.5902 -126.878 -0.719966 -0.528249 0.450231 
112.386 80.9463 -128.098 -0.72325 -0.520923 0.453491 
111.078 81.6473 -126.749 -0.719638 -0.528968 0.44991 
112.524 80.8789 -128.246 -0.723605 -0.520107 0.453862 
110.961 81.7317 -126.643 -0.719257 -0.52979 0.449554 
112.719 80.8207 -128.472 -0.724018 -0.519129 0.454323 
110.865 81.8469 -126.579 -0.718832 -0.530685 0.449177 
112.981 80.7828 -128.794 -0.724474 -0.518007 0.454877 
110.807 81.995 -126.585 -0.718391 -0.531596 0.448806 
113.316 80.7816 -129.226 -0.724938 -0.5168 0.455508 
110.816 82.1732 -126.695 -0.717986 -0.532407 0.448491 
113.718 80.8386 -129.769 -0.725351 -0.515632 0.456175 
110.924 82.3702 -126.947 -0.717699 -0.532951 0.448304 
114.162 80.9754 -130.4 -0.725628 -0.514689 0.456798 
111.156 82.5645 -127.363 -0.717623 -0.533037 0.448325 
114.602 81.2044 -131.062 -0.725679 -0.5142 0.457269 
111.513 82.7295 -127.932 -0.717819 -0.532536 0.448606 
114.972 81.5112 -131.662 -0.725457 -0.514326 0.45748 
111.959 82.8417 -128.587 -0.718276 -0.531472 0.449137 
115.208 81.8537 -132.103 -0.724983 -0.515089 0.457372 
112.428 82.8902 -129.232 -0.718902 -0.530029 0.449838 
115.277 82.1713 -132.317 -0.724353 -0.516329 0.456971 
112.848 82.8792 -129.773 -0.719574 -0.528477 0.450591 
115.186 82.4147 -132.297 -0.723687 -0.517794 0.456369 
113.175 82.8217 -130.157 -0.72019 -0.527036 0.451292 
114.972 82.5628 -132.086 -0.723077 -0.519248 0.455683 
113.395 82.7332 -130.378 -0.720704 -0.525827 0.451883 
114.689 82.6233 -131.753 -0.72257 -0.520548 0.455005 
113.518 82.6289 -130.461 -0.721103 -0.524886 0.452339 
114.381 82.6174 -131.365 -0.722175 -0.521628 0.454394 
113.564 82.5193 -130.442 -0.721401 -0.524192 0.45267 
114.079 82.5688 -130.967 -0.72188 -0.522489 0.453873 
113.555 82.4114 -130.355 -0.721615 -0.523705 0.452892 
113.799 82.4972 -130.589 -0.721664 -0.523159 0.453444 
113.508 82.308 -130.225 -0.721767 -0.523376 0.453029 
113.549 82.4148 -130.241 -0.721509 -0.523676 0.453095 
113.436 82.2106 -130.07 -0.721874 -0.523165 0.453103 
113.327 82.3304 -129.927 -0.721393 -0.52408 0.452812 
113.35 82.1184 -129.903 -0.721951 -0.523032 0.453133 
113.13 82.2481 -129.643 -0.721305 -0.524404 0.452577 
113.256 82.0313 -129.732 -0.722009 -0.522952 0.453134 
112.954 82.1704 -129.385 -0.721232 -0.524675 0.452378 
113.16 81.9478 -129.563 -0.722057 -0.522898 0.453119 
112.793 82.0984 -129.149 -0.721167 -0.524916 0.452203 
113.066 81.8674 -129.399 -0.722103 -0.522853 0.453098 
112.643 82.0326 -128.929 -0.721103 -0.525143 0.452042 
112.976 81.7897 -129.245 -0.722151 -0.522804 0.453079 
112.503 81.9734 -128.723 -0.721034 -0.52537 0.451887 
112.895 81.7134 -129.102 -0.722207 -0.522735 0.453068 
112.369 81.9216 -128.528 -0.720956 -0.525609 0.451733 
112.822 81.6385 -128.973 -0.722274 -0.522639 0.453071 
112.239 81.877 -128.341 -0.720868 -0.525866 0.451576 
112.762 81.5649 -128.86 -0.722356 -0.522508 0.453093 
112.111 81.8408 -128.161 -0.720762 -0.526153 0.45141 
112.715 81.4921 -128.766 -0.722457 -0.522329 0.453138 
111.986 81.8138 -127.988 -0.720637 -0.526478 0.451231 
112.686 81.4195 -128.695 -0.722582 -0.522091 0.453212 
