9.91118 6.55239 -139.486 0.304607 0.201379 0.930955 
-3.80092 3.91867 -139.274 -0.28517 0.294004 0.912281 
-9.16167 25.0608 -141.535 0.205148 -0.561163 0.80189 
5.7189 -51.9202 -149.981 -0.0779892 0.708041 0.701864 
-14.1485 54.9946 -168.091 0.182082 -0.707746 0.682612 
37.3377 -91.5867 -203.348 -0.300444 0.736967 0.6055 
-64.0378 146.496 -228.474 0.344183 -0.78737 0.511472 
93.4922 -181.872 -238.701 -0.407279 0.792289 0.454333 
-94.6578 218.875 -228.508 0.363972 -0.841604 0.399054 
122.99 -168.844 -213.135 -0.535446 0.735077 0.415905 
-49.6178 272.521 -199.247 0.169264 -0.929669 0.327235 
111.56 -22.2111 -171.87 -0.835517 0.166348 0.523695 
-110.231 -197.551 -229.082 0.443825 0.795402 0.412762 
-118.645 -15.585 -241.707 0.787663 0.103466 0.60737 
-97.9695 -3.54296 -243.466 0.759518 0.0274672 0.649919 
-79.3983 -80.9204 -240.107 0.567962 0.578849 0.585124 
-46.768 -133.118 -225.452 0.287456 0.818199 0.497932 
-62.0403 -111.302 -232.019 0.404678 0.726002 0.556034 
-71.0762 -38.6787 -240.112 0.628586 0.342068 0.698489 
-5.44975 49.5605 -171.114 0.0827909 -0.752908 0.652911 
46.499 14.7495 -220.179 -0.590262 -0.187232 0.785208 
-26.5488 -10.1195 -194.878 0.509655 0.194264 0.838171 
16.1521 -5.97279 -176.175 -0.456415 0.168776 0.873623 
-10.9831 57.0789 -147.01 0.134395 -0.698445 0.702944 
0.100969 -48.6436 -145.618 -0.00145403 0.700503 0.71366 
-10.7556 38.7171 -158.342 0.183112 -0.659151 0.729388 
27.7186 -77.0635 -189.509 -0.261357 0.726627 0.635391 
-55.371 127.608 -222.592 0.334835 -0.771661 0.540779 
79.3091 -174.77 -235.325 -0.364958 0.804241 0.469062 
-106.885 190.789 -235.513 0.440981 -0.787151 0.431215 
87.8496 -237.408 -219.22 -0.322158 0.870613 0.371839 
-126.619 117.621 -196.323 0.65531 -0.608741 0.447237 
14.6543 -279.922 -195.156 -0.0493765 0.943177 0.328628 
-49.2946 223.778 -230.047 0.197538 -0.896745 0.396036 
95.8661 -165.782 -237.61 -0.438841 0.758892 0.481164 
-119.892 175.934 -225.616 0.509969 -0.748349 0.424172 
48.8496 -267.089 -210.87 -0.168589 0.92177 0.349191 
-126.232 40.6734 -206.513 0.803572 -0.258921 0.535956 
119.613 149.024 -242.977 -0.5463 -0.680628 0.488178 
34.9475 -134.707 -217.644 -0.216292 0.833712 0.508093 
-78.6566 65.0794 -234.98 0.576592 -0.477064 0.663302 
20.6756 -212.144 -215.992 -0.0880073 0.90301 0.42053 
-120.065 76.3846 -250.101 0.69077 -0.439463 0.574218 
106.95 -56.3978 -243.616 -0.674615 0.355744 0.646806 
-2.07387 258.894 -218.141 0.00745085 -0.930134 0.367168 
129.219 -36.4961 -239.243 -0.783769 0.221364 0.580277 
-102.241 -115.993 -245.908 0.549581 0.623504 0.556076 
0.818267 85.0403 -183.251 -0.00777943 -0.808496 0.588465 
56.5255 -49.451 -223.625 -0.532407 0.465773 0.706834 
-22.4718 141.23 -194.031 0.134559 -0.845675 0.516474 
46.1344 -118.312 -218.348 -0.303467 0.778242 0.549785 
-59.7854 147.158 -222.46 0.323092 -0.79527 0.513005 
111.666 -150.902 -244.441 -0.520481 0.703364 0.484144 
-43.51 232.895 -217.004 0.16851 -0.901979 0.397561 
123.963 -95.6156 -244.057 -0.668962 0.515988 0.535036 
-117.601 45.6419 -246.736 0.715612 -0.277735 0.640921 
-22.5834 -260.533 -215.364 0.0803764 0.927262 0.365707 
-110.713 92.4055 -248.912 0.636256 -0.531044 0.559631 
105.067 19.432 -248.64 -0.717896 -0.132774 0.683384 
-28.7351 140.133 -183.813 0.17127 -0.835237 0.522554 
-19.2557 -78.2821 -173.7 0.182992 0.743937 0.64272 
-7.73195 26.1514 -154.782 0.184948 -0.62554 0.757965 
27.4277 -60.4551 -185.07 -0.302412 0.666566 0.681361 
-40.8986 124.9 -211.189 0.261479 -0.798531 0.542212 
88.1438 -146.805 -241.015 -0.443581 0.738789 0.507389 
-61.3143 220.387 -225.994 0.244321 -0.878181 0.411246 
133.982 -92.122 -230.872 -0.706837 0.485999 0.514007 
-94.0742 189.775 -222.827 0.397312 -0.801492 0.446957 
115.402 -164.816 -234.042 -0.51395 0.734016 0.443951 
-86.99 196.229 -225.035 0.36376 -0.820556 0.44089 
127.498 -122.706 -230.295 -0.631886 0.608135 0.480531 
-112.493 151.103 -232.73 0.518615 -0.696616 0.495763 
120.344 -160.663 -215.651 -0.54335 0.725389 0.422609 
-68.5782 243.09 -213.294 0.251304 -0.890799 0.378602 
126.533 -110.957 -230.897 -0.653749 0.573271 0.493953 
-129.144 50.1258 -245.68 0.735743 -0.28557 0.614124 
-14.5778 -279.636 -210.216 0.0490031 0.939993 0.33768 
-127.384 30.039 -229.038 0.79949 -0.188531 0.570341 
11.1664 219.18 -226.124 -0.046718 -0.917008 0.396146 
107.107 -73.1052 -249.771 -0.650451 0.44396 0.616304 
-2.24825 228.834 -211.5 0.00899357 -0.915392 0.402484 
77.0464 -128.875 -239.569 -0.435367 0.728237 0.529285 
-77.4268 114.917 -227.86 0.458428 -0.680401 0.571766 
93.2732 -193.585 -237.63 -0.391191 0.8119 0.433365 
-75.6589 228.518 -226.294 0.288357 -0.870946 0.397895 
132.721 -90.7358 -214.726 -0.717272 0.490369 0.495052 
-89.0056 215.537 -215.522 0.348253 -0.843335 0.409296 
111.955 -170.917 -233.603 -0.492815 0.752357 0.437161 
-95.069 181.455 -228.66 0.412127 -0.786613 0.459792 
127.502 -128.971 -225.182 -0.621734 0.628894 0.466858 
-99.3379 190.528 -224.514 0.414395 -0.794803 0.443375 
125.154 -135.565 -223.995 -0.603 0.65316 0.458028 
-109.808 170.225 -229.06 0.479118 -0.742733 0.467772 
124.181 -138.13 -213.695 -0.599549 0.666895 0.442504 
-94.9072 210.704 -219.171 0.373785 -0.82984 0.414328 
126.303 -121.113 -220.958 -0.63742 0.611227 0.469163 
-127.648 114.374 -237.274 0.629394 -0.563945 0.534646 
102.872 -199.914 -198.726 -0.425517 0.826924 0.367627 
-70.6317 258.218 -203.957 0.247789 -0.905877 0.343518 
110.575 -33.894 -167.994 -0.821027 0.251665 0.512442 
-145.024 -68.8404 -232.326 0.755602 0.358671 0.548121 
29.8985 -219.269 -193.813 -0.123303 0.904277 0.408774 
74.2061 57.4169 -221.872 -0.566283 -0.438161 0.698108 
-37.4191 50.3264 -178.288 0.405036 -0.544747 0.734312 
-15.7582 -85.7175 -167.35 0.140374 0.763572 0.630293 
-2.90896 27.5734 -142.219 0.0682027 -0.646477 0.75989 
19.5924 -45.838 -174.285 -0.274386 0.641946 0.715985 
-32.8778 103.394 -199.442 0.246726 -0.775901 0.580621 
75.4279 -135.492 -236.073 -0.413296 0.742408 0.527289 
-60.1109 200.968 -225.93 0.257876 -0.862155 0.436126 
131.101 -107.576 -238.464 -0.664848 0.54555 0.510264 
-71.5561 210.169 -217.396 0.291884 -0.857298 0.424099 
101.57 -168.012 -241.37 -0.45975 0.760498 0.458573 
-80.3369 179.567 -226.367 0.361235 -0.807424 0.466468 
124.967 -132.766 -236.989 -0.600886 0.638387 0.481056 
-88.1783 189.922 -224.407 0.376168 -0.810205 0.449536 
122.086 -143.665 -234.724 -0.573029 0.674314 0.465785 
-96.6235 178.804 -227.838 0.421389 -0.779791 0.463006 
125.032 -140.196 -227.638 -0.591497 0.663232 0.458554 
-94.525 195.709 -224.028 0.390919 -0.809376 0.438303 
125.903 -131.164 -226.722 -0.612576 0.638171 0.466374 
-112.792 157.672 -231.578 0.508783 -0.711224 0.485095 
122.081 -150.243 -212.949 -0.569517 0.700898 0.429429 
-77.0659 235.155 -214.053 0.287228 -0.876435 0.386496 
125.806 -119.506 -229.2 -0.635209 0.603396 0.48212 
-128.302 76.6077 -243.206 0.695502 -0.415278 0.586377 
47.8106 -271.723 -205.932 -0.163713 0.930432 0.327888 
-130.049 80.4295 -196.798 0.742308 -0.459083 0.488096 
25.0413 -271.514 -195.974 -0.0863291 0.936039 0.341168 
35.0363 202.01 -223.077 -0.154248 -0.889352 0.430439 
109.256 -31.5063 -253.457 -0.733467 0.211511 0.645993 
-90.2493 -4.59719 -241.828 0.693715 0.035337 0.719394 
2.05593 -142.917 -175.248 -0.0123164 0.856167 0.516568 
21.6639 48.8551 -166.251 -0.274034 -0.617984 0.736897 
0.00428112 3.2354 -117.47 0.000622539 0.470476 0.882422 
-6.68722 15.3301 -142.702 0.224438 -0.514513 0.8276 
10.4859 -54.0634 -156.652 -0.13701 0.706399 0.694439 
-19.1981 70.9883 -179.495 0.199927 -0.739265 0.643066 
49.6936 -107.845 -216.768 -0.342134 0.742499 0.575896 
-67.7482 167.208 -230.363 0.329239 -0.812588 0.480957 
111.197 -170.051 -240.448 -0.486451 0.743918 0.458223 
-58.4012 251.937 -219.689 0.209771 -0.904934 0.370281 
130.823 -55.651 -210.699 -0.782736 0.332969 0.525808 
-137.873 45.513 -240.571 0.761185 -0.251274 0.597893 
-13.9314 -284.895 -200.268 0.0462934 0.946692 0.318823 
-122.341 6.78614 -203.405 0.83252 -0.0461791 0.552082 
-95.556 167.64 -230.413 0.446205 -0.782803 0.433748 
102.809 138.742 -245.697 -0.510624 -0.689092 0.514229 
72.9568 -49.7803 -240.786 -0.614055 0.418986 0.668883 
-41.0788 -84.6517 -211.244 0.34415 0.709193 0.615323 
-43.5348 9.7244 -221.677 0.602699 -0.134625 0.786541 
36.3233 17.5808 -207.111 -0.536863 -0.259845 0.802668 
-17.9137 -3.22028 -184.216 0.485979 0.0873625 0.869603 
14.69 -13.7041 -163.656 -0.382801 0.357108 0.85203 
-4.48677 71.4629 -154.244 0.0472681 -0.75286 0.656494 
6.7244 -49.5557 -155.949 -0.0965049 0.711196 0.696351 
-27.4097 67.5064 -189.54 0.28372 -0.698765 0.656694 
48.0389 -124.633 -215.554 -0.301348 0.781823 0.545856 
-89.6235 158.006 -240.78 0.430162 -0.758373 0.489743 
68.811 -223.273 -227.536 -0.269119 0.873219 0.406301 
-134.094 101.215 -225.353 0.692547 -0.522741 0.497128 
66.4363 -232.316 -212.352 -0.252727 0.883744 0.393881 
-89.4608 186.436 -238.523 0.388928 -0.810523 0.437954 
80.0518 -181.818 -227.713 -0.35716 0.811199 0.463045 
-128.176 124.251 -234.247 0.627787 -0.608565 0.485334 
88.3203 -195.182 -223.037 -0.369884 0.817417 0.441624 
-120.862 146.709 -234.842 0.56364 -0.684175 0.462851 
98.257 -174.879 -228.841 -0.432826 0.770349 0.468233 
-125.091 141.312 -226.289 0.590047 -0.666562 0.455584 
90.7225 -203.823 -222.168 -0.367539 0.825736 0.427892 
-125.791 129.206 -228.554 0.615371 -0.632076 0.470972 
116.742 -141.484 -234.613 -0.548615 0.664883 0.506922 
-117.734 167.894 -210.72 0.52371 -0.746834 0.409858 
60.3794 -255.24 -210.11 -0.214514 0.906806 0.362909 
-127.656 95.475 -227.095 0.690969 -0.516779 0.505488 
132.023 2.82708 -248.115 -0.774921 -0.0165937 0.631854 
61.5496 206.749 -205.741 -0.25719 -0.863917 0.433033 
-75.3976 13.7309 -219.416 0.644256 -0.117328 0.755768 
-46.9334 -142.035 -197.626 0.265554 0.803649 0.532584 
26.186 28.7219 -177.155 -0.400958 -0.439787 0.80364 
-1.49693 -0.211787 -153.607 0.381206 0.0539335 0.922925 
5.84181 -8.46521 -136.155 -0.267077 0.387014 0.882557 
-1.99309 43.3199 -134.033 0.0304214 -0.661212 0.749594 
2.36846 -29.1045 -134.651 -0.0510152 0.626894 0.777443 
-9.02384 35.2791 -151.313 0.165041 -0.645236 0.745955 
20.1965 -67.3048 -178.139 -0.217081 0.723423 0.655402 
-45.6602 109.342 -213.64 0.3162 -0.757198 0.571564 
71.1102 -160.263 -232.171 -0.353348 0.796352 0.490903 
-102.114 185.017 -238.441 0.432862 -0.784291 0.44445 
86.4242 -233.863 -223.655 -0.320414 0.867037 0.381574 
-129.067 123.272 -204.919 0.645608 -0.616622 0.450538 
17.38 -278.198 -198.76 -0.0587664 0.940661 0.334247 
-67.7176 208.745 -233.629 0.281154 -0.866677 0.412116 
88.0859 -169.699 -233.003 -0.40446 0.779199 0.478829 
-127.196 142.896 -229.153 0.590637 -0.66354 0.459217 
49.7431 -247.314 -212.092 -0.182562 0.907667 0.377927 
-110.585 146.293 -242.717 0.528995 -0.699812 0.480046 
105.066 -120.796 -237.998 -0.548252 0.630335 0.54965 
-105.099 204.938 -225.015 0.418786 -0.81661 0.397219 
71.5907 -249.913 -217.116 -0.256174 0.894267 0.366986 
-125.079 53.9451 -194.638 0.7883 -0.339984 0.512846 
142.167 -49.2925 -235.147 -0.769045 0.266645 0.580937 
-3.18787 281.06 -188.245 0.0108038 -0.952523 0.304304 
108.804 -1.61271 -166.746 -0.849264 0.0125879 0.527835 
-7.83459 -266.085 -214.501 0.0277665 0.94303 0.331573 
-129.746 110.259 -245.048 0.645286 -0.54837 0.531895 
30.8518 -277.453 -209.995 -0.10407 0.93591 0.336539 
-125.757 25.1299 -200.866 0.825084 -0.164876 0.540434 
122.377 146.984 -242.332 -0.558265 -0.670517 0.488634 
14.4349 -143.75 -210.737 -0.0870287 0.866674 0.491243 
-77.0541 81.4338 -234.88 0.533252 -0.563562 0.630917 
36.1039 -211.161 -219.948 -0.152779 0.893559 0.422169 
-127.97 82.0938 -245.686 0.701808 -0.450217 0.552075 
106.551 -115.317 -236.591 -0.563247 0.609587 0.55783 
-97.438 215.594 -225.88 0.379248 -0.839136 0.389922 
81.45 -239.736 -220.468 -0.297903 0.876835 0.377401 
-126.119 72.8939 -194.045 0.753312 -0.435396 0.492917 
115.254 -183.541 -217.438 -0.47858 0.762133 0.436041 
-119.969 140.827 -206.345 0.585423 -0.687202 0.430174 
115.662 -177.584 -224.722 -0.48766 0.748738 0.448995 
-121.576 116.306 -197.228 0.646437 -0.618417 0.446873 
118.346 -177.348 -221.199 -0.497331 0.745282 0.44411 
-119.364 116.231 -193.055 0.642602 -0.625734 0.442195 
123.538 -166.457 -221.829 -0.530946 0.715407 0.454208 
-115.454 115.475 -183.744 0.637317 -0.637435 0.433036 
114.955 -191.573 -214.266 -0.466811 0.777945 0.420603 
-117.928 103.257 -188.596 0.671063 -0.587578 0.452155 
138.559 -107.801 -227.904 -0.674981 0.525149 0.518302 
-94.6538 173.403 -168.127 0.44793 -0.820593 0.354969 
62.9556 -260.275 -188.751 -0.222304 0.919061 0.325462 
-100.113 23.6328 -154.456 0.834491 -0.196991 0.514623 
64.7522 250.817 -213.643 -0.234719 -0.909182 0.343964 
138.402 -14.9674 -235.548 -0.811221 0.0877287 0.578136 
-118.613 90.2322 -238.964 0.646061 -0.491475 0.584016 
70.0572 -252.434 -216.561 -0.250367 0.902134 0.351407 
-123.889 173.635 -219.313 0.526726 -0.738226 0.421426 
73.3309 -252.022 -195.359 -0.263564 0.905814 0.331741 
-109.153 62.2221 -157.461 0.764801 -0.435969 0.47437 
60.3921 -257.406 -186.862 -0.21497 0.916253 0.33806 
-6.93932 255.052 -224.278 0.0253336 -0.931127 0.363837 
129.186 -104.298 -246.55 -0.657567 0.530885 0.534587 
-7.63302 252.513 -210.207 0.0280112 -0.926655 0.374891 
66.1941 -162.1 -234.707 -0.332148 0.813384 0.4776 
-75.2822 144.333 -227.797 0.394944 -0.757198 0.520276 
114.8 -161.632 -240.367 -0.513737 0.723315 0.461419 
-49.3356 236.341 -217.024 0.187907 -0.900161 0.39296 
125.575 -97.0612 -241.357 -0.672258 0.51961 0.527344 
-120.888 42.0206 -247.138 0.72726 -0.252796 0.638125 
-29.988 -259.955 -214.68 0.106642 0.924439 0.366137 
-94.0648 125.925 -245.507 0.5096 -0.682205 0.524329 
99.4402 -54.9069 -243.229 -0.658876 0.363805 0.658442 
1.54328 241.624 -216.722 -0.00588776 -0.921816 0.387604 
117.791 -66.2852 -249.731 -0.706158 0.39738 0.586043 
-104.807 -31.4465 -248.38 0.705955 0.211815 0.675854 
49.4147 -109.855 -195.068 -0.332882 0.740037 0.584424 
8.15549 115.345 -186.425 -0.0587568 -0.831008 0.553164 
46.9499 -69.9475 -216.812 -0.42266 0.629693 0.651814 
-45.0938 109.975 -204.389 0.309582 -0.755013 0.578041 
69.9681 -152.774 -234.272 -0.361061 0.788373 0.498116 
-67.331 191.552 -228.099 0.296368 -0.843146 0.448651 
129.774 -122.264 -237.28 -0.633184 0.596539 0.493191 
-51.6434 233.325 -212.893 0.19846 -0.896645 0.395801 
91.9238 -167.042 -241.562 -0.426723 0.775433 0.465432 
-80.8455 163.566 -227.909 0.386224 -0.781405 0.490158 
122.001 -145.674 -237.972 -0.566654 0.676603 0.470243 
-66.7902 217.721 -218.289 0.266836 -0.869826 0.414992 
118.293 -134.501 -241.943 -0.576047 0.654974 0.489077 
-105.567 132.083 -236.077 0.528952 -0.661812 0.531254 
112.47 -188.635 -224.736 -0.467156 0.783514 0.40974 
-59.4482 252.856 -215.297 0.212758 -0.904942 0.368553 
129.188 -59.5682 -216.692 -0.770314 0.355189 0.529597 
-133.531 -60.5314 -247.925 0.732725 0.332153 0.593974 
66.0416 -147.37 -206.777 -0.350139 0.781327 0.51667 
16.7026 142.402 -200.376 -0.100211 -0.854369 0.509929 
66.351 -65.7676 -234.563 -0.536334 0.531618 0.65555 
-61.4476 82.0447 -216.596 0.460235 -0.614504 0.64077 
52.5518 -190.29 -227.166 -0.238236 0.862652 0.446197 
-114.608 151.114 -243.911 0.52857 -0.696936 0.484676 
43.7712 -253.403 -218.154 -0.158013 0.914782 0.371783 
-131.519 52.6328 -225.219 0.778149 -0.311407 0.54546 
129.981 44.4234 -249.255 -0.744345 -0.254395 0.617455 
-23.4173 179.929 -188.398 0.114521 -0.879929 0.461116 
-43.9067 -65.536 -195.472 0.399908 0.59691 0.695549 
7.19846 6.66525 -155.416 -0.348006 -0.322228 0.880385 
5.26651 -1.60617 -143.692 0.336794 -0.102715 0.935968 
6.11425 -12.8734 -132.543 -0.218927 0.460947 0.860009 
-2.49553 40.8767 -135.579 0.0402112 -0.658658 0.751378 
4.37416 -32.362 -140.495 -0.0870583 0.644096 0.759985 
-13.0292 46.4661 -162.286 0.190097 -0.677942 0.710123 
29.159 -84.7367 -193.324 -0.25604 0.744058 0.617121 
-61.1093 130.686 -226.624 0.357482 -0.764495 0.536443 
77.4661 -183.916 -234.042 -0.345341 0.81989 0.456658 
-116.119 175.782 -235.752 0.494347 -0.74835 0.44228 
60.1996 -259.296 -215.835 -0.211221 0.909788 0.357335 
-126.644 48.2572 -198.058 0.797719 -0.303968 0.520831 
141.838 -33.7234 -237.583 -0.782579 0.186066 0.594111 
37.97 278.623 -197.939 -0.127783 -0.937668 0.323213 
123.69 -86.8647 -233.547 -0.695932 0.488737 0.526148 
-103.598 -139.464 -245.233 0.511177 0.688148 0.514944 
-54.3165 81.7463 -226.633 0.437466 -0.658387 0.612509 
69.8861 23.2185 -234.446 -0.637817 -0.211904 0.740475 
-45.383 12.7248 -207.306 0.567971 -0.159252 0.807505 
-1.83408 -109.017 -166.027 0.0137335 0.816319 0.577452 
4.36975 45.2362 -147.697 -0.0666303 -0.689766 0.720971 
10.8026 -29.1662 -158.78 -0.225894 0.609896 0.759615 
-25.4985 74.6601 -184.608 0.247719 -0.725327 0.642303 
50.1429 -121.783 -218.865 -0.318183 0.77278 0.549169 
-74.8888 166.869 -233.624 0.358926 -0.799766 0.48121 
106.48 -185.298 -237.532 -0.447412 0.778594 0.440034 
-80.7714 241.771 -220.979 0.294022 -0.880088 0.372844 
129.1 -98.5741 -199.981 -0.700996 0.535243 0.471314 
-37.3917 267.54 -199.426 0.129838 -0.928995 0.346595 
25.3427 -223.146 -226.397 -0.103448 0.910874 0.399531 
-109.002 136.142 -245.599 0.535296 -0.668574 0.51622 
57.0698 -251.249 -221.597 -0.205693 0.905559 0.37104 
-133.333 68.4188 -214.544 0.761307 -0.390659 0.517508 
119.648 -153.245 -228.128 -0.538562 0.689791 0.483897 
-117.491 162.12 -209.147 0.534523 -0.737561 0.412681 
79.1596 -236.08 -214.028 -0.293546 0.875451 0.38397 
-127.653 102.418 -222.386 0.679317 -0.545031 0.491413 
134.29 -40.3021 -244.476 -0.758374 0.227597 0.610807 
34.2111 275.764 -208.271 -0.115761 -0.933114 0.340462 
115.334 -109.14 -244.431 -0.61871 0.585479 0.52386 
-113.944 -28.7881 -250.669 0.728153 0.183968 0.660277 
39.6435 -142.025 -190.695 -0.229358 0.821689 0.521765 
18.7285 94.703 -180.817 -0.155041 -0.783984 0.601122 
17.8117 -42.0911 -177.891 -0.273288 0.64581 0.712923 
-36.0783 79.1232 -195.789 0.319039 -0.699684 0.639276 
54.628 -144.007 -224.009 -0.304535 0.8028 0.512628 
-87.4429 171.26 -238.214 0.400805 -0.784989 0.472403 
97.1721 -209.522 -231.875 -0.383457 0.826809 0.41154 
-114.797 194.923 -218.623 0.464958 -0.789485 0.40068 
87.2881 -238.833 -200.733 -0.321957 0.88092 0.3469 
-113.939 95.57 -166.641 0.687238 -0.576446 0.442076 
7.90139 -279.216 -182.425 -0.0268499 0.948811 0.314728 
32.9247 236.159 -226.038 -0.127237 -0.912628 0.388507 
126.03 -32.0727 -250.869 -0.76703 0.195198 0.611211 
-105.686 42.1932 -243.295 0.692504 -0.276468 0.666348 
-22.477 -242.776 -216.173 0.0850013 0.918104 0.38714 
-94.4238 104.554 -247.24 0.555203 -0.614768 0.560203 
95.5494 -38.7383 -242.794 -0.675312 0.27379 0.684843 
20.0541 211.615 -209.372 -0.0854537 -0.901726 0.423799 
28.1851 -116.199 -206.653 -0.197903 0.815898 0.543288 
-64.0184 113.06 -224.514 0.404042 -0.713558 0.572364 
84.4563 -186.689 -237.036 -0.36819 0.813877 0.449508 
-96.546 208.763 -232.101 0.38207 -0.826158 0.414129 
119.551 -181.768 -217.569 -0.501221 0.76207 0.409931 
-65.6952 262.075 -201.864 0.229105 -0.913962 0.334964 
110.834 -39.5994 -164.287 -0.813225 0.290553 0.504243 
-144.427 69.1692 -221.394 0.756678 -0.36239 0.544177 
58.8852 -217.927 -156.519 -0.248468 0.919551 0.304477 
-108.555 138.28 -162.607 0.568178 -0.723759 0.391616 
56.3517 -216.945 -146.664 -0.239775 0.923099 0.300688 
-58.0032 21.9317 -84.2378 0.821032 -0.310442 0.479113 
107.875 -171.853 -163.731 -0.491595 0.783149 0.380826 
-95.6021 126.532 -158.745 0.555345 -0.735012 0.389057 
134.246 -142.299 -212.49 -0.60907 0.645609 0.460695 
-91.8613 94.6759 -139.408 0.635118 -0.654577 0.410086 
88.0422 -232.399 -186.659 -0.331595 0.875289 0.352039 
-117.065 128.984 -199.641 0.605413 -0.667055 0.4342 
140.266 -75.3463 -235.585 -0.73012 0.392196 0.559574 
-52.7856 256.579 -183.449 0.191556 -0.931108 0.31042 
118.795 -89.9235 -172.03 -0.710014 0.537454 0.455017 
8.31752 279.269 -181.551 -0.02827 -0.949193 0.313448 
-64.2961 -212.159 -229.99 0.263144 0.868299 0.42051 
-108.749 12.5828 -252.093 0.754983 -0.0873553 0.649912 
35.2262 125.82 -213.562 -0.228707 -0.816888 0.529532 
73.1361 -17.2022 -240.807 -0.665414 0.156511 0.729894 
-60.6147 26.9253 -221.21 0.596393 -0.26492 0.757726 
-6.61583 -149.248 -188.781 0.038222 0.862258 0.505042 
-8.29085 73.5126 -174.187 0.0874418 -0.775321 0.625498 
49.4496 -81.3067 -215.522 -0.402638 0.662031 0.632151 
-45.4339 160.961 -216.562 0.236997 -0.83962 0.488761 
113.921 -124.335 -248.154 -0.576629 0.629342 0.521003 
-49.5365 205.867 -214.584 0.211102 -0.87731 0.431023 
97.6735 -145.547 -244.832 -0.483753 0.720858 0.496351 
-78.5406 156.829 -226.193 0.387541 -0.773838 0.501002 
115.595 -156.045 -240.553 -0.526699 0.711007 0.465912 
-62.2426 217.298 -218.728 0.250385 -0.874133 0.416193 
121.318 -121.608 -242.555 -0.610142 0.611602 0.503673 
-110.601 112.422 -239.137 0.581671 -0.591248 0.55866 
98.4503 -217.886 -221.251 -0.380573 0.842267 0.381796 
-85.0832 241.142 -217.065 0.30916 -0.876216 0.369705 
122.387 -75.1677 -184.517 -0.746654 0.458579 0.481902 
-92.3948 225.6 -205.498 0.349855 -0.854239 0.384569 
108.889 -183.493 -225.936 -0.46472 0.783118 0.413255 
-99.8274 186.773 -228.371 0.421097 -0.787857 0.449417 
128.032 -116.967 -216.114 -0.652461 0.596074 0.467982 
-111.411 176.805 -225.779 0.474677 -0.75329 0.45525 
123.544 -134.707 -211.183 -0.606038 0.660799 0.442808 
-107.145 191.577 -222.717 0.439477 -0.785794 0.435206 
124.941 -119.269 -209.68 -0.643202 0.614003 0.457503 
-124.99 146.573 -229.935 0.566484 -0.664301 0.487666 
116.079 -145.194 -193.002 -0.56921 0.711976 0.411226 
-72.9592 248.978 -206.094 0.262014 -0.894139 0.363153 
125.043 -118.568 -223.555 -0.6385 0.605436 0.475166 
-133.374 49.9104 -244.366 0.745814 -0.279093 0.604885 
-14.4084 -282.933 -206.684 0.0480129 0.942811 0.329878 
-126.586 22.3147 -220.93 0.813114 -0.143336 0.564196 
-34.3429 221.432 -227.424 0.14126 -0.910799 0.387952 
112.364 -58.5449 -249.282 -0.687366 0.358137 0.631888 
11.332 245.74 -214.088 -0.0425417 -0.92254 0.38357 
90.2552 -120.671 -245.081 -0.50536 0.675663 0.536757 
-92.6384 74.5206 -238.569 0.600925 -0.483399 0.636579 
38.5416 -243.765 -223.653 -0.144299 0.912651 0.382443 
-135.397 78.0945 -234.282 0.732795 -0.422661 0.533279 
91.248 -187.64 -222.277 -0.390271 0.802542 0.451256 
-107.491 177.207 -236.722 0.466235 -0.768624 0.438018 
77.6871 -203.371 -223.88 -0.321645 0.84201 0.433106 
-128.525 112.231 -233.547 0.653774 -0.570892 0.496668 
116.711 -127.94 -236.629 -0.572231 0.627288 0.528278 
-111.257 190.407 -214.076 0.46372 -0.793618 0.393892 
61.2816 -258.409 -211.542 -0.215467 0.90857 0.357899 
-126.19 51.823 -206.641 0.786351 -0.322935 0.526671 
131.727 105.337 -245.444 -0.65763 -0.525882 0.539433 
-89.8499 -42.208 -238.937 0.65143 0.306016 0.694269 
44.2048 -80.5279 -187.599 -0.365597 0.666008 0.650223 
11.6638 101.059 -177.766 -0.0929245 -0.805122 0.585799 
20.6638 -53.4019 -182.693 -0.263738 0.681581 0.682573 
-39.8646 93.1529 -202.031 0.312447 -0.730106 0.607732 
68.7488 -149.92 -232.614 -0.359935 0.784907 0.504366 
-76.9532 194.161 -232.581 0.330275 -0.833317 0.443303 
125.886 -152.525 -233.422 -0.56588 0.68563 0.457938 
-32.9838 265.017 -211.435 0.115356 -0.926856 0.357278 
126.668 -85.2723 -236.939 -0.702328 0.472803 0.532175 
-123.201 -35.5805 -250.69 0.739877 0.213677 0.637919 
28.5659 -166.029 -188.284 -0.148596 0.863662 0.481689 
33.0621 76.2151 -185.893 -0.298739 -0.688655 0.660701 
-0.277597 -11.3537 -130.626 0.0141768 0.579831 0.814624 
-12.0053 22.486 -160.633 0.286416 -0.53646 0.793847 
19.1399 -76.4693 -175.99 -0.187259 0.748149 0.636572 
-40.0936 104.505 -209.349 0.292431 -0.762226 0.577506 
65.7646 -149.439 -228.702 -0.346987 0.788473 0.507865 
-101.538 177.338 -240.219 0.442282 -0.772457 0.455757 
75.7917 -238.059 -224.441 -0.280217 0.880151 0.383183 
-132.073 95.3989 -209.703 0.709016 -0.512138 0.484798 
57.836 -250.589 -205.814 -0.20907 0.905848 0.368437 
-65.398 210.938 -233.195 0.269903 -0.870556 0.411462 
86.3597 -180.457 -232.811 -0.382628 0.799541 0.462976 
-129.005 136.623 -227.633 0.608342 -0.644264 0.463531 
46.3551 -250.736 -210.692 -0.168629 0.912119 0.373657 
-102.721 159.592 -242.199 0.478338 -0.743167 0.467881 
96.291 -140.669 -234.05 -0.481666 0.703653 0.522385 
-116.348 175.62 -230.47 0.498693 -0.752746 0.429763 
54.9467 -247.433 -215.826 -0.200738 0.903956 0.377604 
-129.245 82.2319 -231.705 0.717414 -0.456452 0.526294 
128.774 7.58714 -249.05 -0.767676 -0.0452301 0.639253 
52.2567 198.964 -201.082 -0.227689 -0.86691 0.443442 
-68.6364 7.46579 -214.878 0.629476 -0.06847 0.774008 
-40.8879 -126.631 -187.047 0.25427 0.78748 0.561461 
24.9975 17.6462 -174.874 -0.436697 -0.308273 0.845151 
-10.1961 7.30973 -150.573 0.364597 -0.261384 0.893736 
0.161073 -53.6203 -134.637 -0.00206588 0.687722 0.725983 
0.994287 25.2898 -127.975 -0.0232869 -0.592304 0.805389 
4.13231 -18.0872 -134.356 -0.129867 0.568429 0.812429 
-10.5738 42.3803 -154.388 0.166299 -0.666536 0.726699 
20.1202 -71.5333 -179.739 -0.207202 0.736665 0.643746 
-49.2481 110.016 -216.809 0.335359 -0.749166 0.571229 
68.4104 -166.131 -230.595 -0.333496 0.809876 0.482595 
-110.642 171.534 -240.224 0.482259 -0.747674 0.456539 
60.2788 -251.361 -219.932 -0.21661 0.903259 0.370432 
-130.723 57.6723 -209.288 0.780108 -0.344167 0.522492 
137.237 -65.9991 -238.396 -0.734369 0.353167 0.579648 
-37.8514 273.002 -193.37 0.13048 -0.941085 0.31201 
122.05 -58.9423 -178.89 -0.782413 0.377856 0.495048 
-55.0513 259.506 -193.854 0.194641 -0.917519 0.34683 
-11.2965 -235.393 -224.59 0.0441697 0.920393 0.388514 
-125.863 64.9625 -251.154 0.719508 -0.371365 0.586867 
62.4141 -182.035 -213.948 -0.287383 0.838174 0.463564 
-60.5169 177.877 -232.086 0.286247 -0.841362 0.458464 
77.0177 -175.948 -231.373 -0.353901 0.80849 0.470229 
-126.03 144.975 -235.43 0.579934 -0.667111 0.467607 
38.4009 -251.395 -212.237 -0.140011 0.916594 0.374526 
-112.233 133.22 -244.542 0.558701 -0.663177 0.498062 
109.011 -92.4318 -241.854 -0.615029 0.52149 0.591442 
-71.4265 248.377 -221.547 0.257511 -0.895463 0.363114 
127.613 -159.002 -220.678 -0.563427 0.70201 0.435602 
-44.5726 275.206 -200.639 0.15109 -0.932878 0.326998 
114.295 -21.4569 -177.281 -0.835149 0.156785 0.527221 
-101.405 -208.993 -229.338 0.39956 0.823479 0.402805 
-123.002 -36.5622 -240.896 0.77484 0.23032 0.588721 
-101.246 -10.8441 -243.556 0.762665 0.0816859 0.641628 
-81.7159 -87.1627 -240.521 0.560852 0.598236 0.572342 
-50.1893 -138.351 -227.562 0.296908 0.818448 0.49194 
-70.9563 -102.529 -237.07 0.465496 0.67262 0.57525 
-66.9944 -30.461 -238.521 0.638079 0.290122 0.713233 
-6.89026 48.8915 -172.853 0.105783 -0.750607 0.652239 
41.0979 31.5338 -214.062 -0.520896 -0.399676 0.754283 
-3.44509 -12.719 -147.357 0.161409 0.59591 0.786673 
-14.4536 7.52589 -184.892 0.465581 -0.242425 0.851165 
23.2541 -26.4403 -178.336 -0.399668 0.454429 0.796101 
-11.5161 99.5981 -176.937 0.0931035 -0.805217 0.58564 
34.9323 -90.9494 -203.995 -0.286545 0.746046 0.601103 
-54.9474 133.904 -219.811 0.321234 -0.78283 0.532919 
100.433 -159.537 -243.259 -0.466925 0.741708 0.481526 
-54.6285 233.075 -222.327 0.20951 -0.893883 0.396353 
133.027 -70.6798 -229.342 -0.746836 0.396809 0.533663 
-128.719 63.1331 -243.41 0.716878 -0.351609 0.602058 
21.7516 -281.84 -207.34 -0.0727517 0.942656 0.325765 
-127.244 30.3839 -196.903 0.823096 -0.196543 0.532824 
141.999 -16.6184 -238.674 -0.793108 0.0928187 0.601981 
70.6225 255.843 -205.535 -0.248608 -0.90063 0.356478 
-72.0825 -146.582 -229.851 0.377511 0.767681 0.517849 
-26.5273 66.6988 -196.916 0.283876 -0.713763 0.640292 
56.387 -44.4844 -219.847 -0.541515 0.427208 0.724066 
-12.5647 160.955 -199.398 0.0680604 -0.871859 0.485022 
65.9914 -109.539 -232.879 -0.424803 0.70513 0.567759 
-56.9508 136.17 -215.454 0.32646 -0.780571 0.533057 
96.1109 -155.455 -243.578 -0.459401 0.743063 0.486647 
-54.3395 207.277 -219.935 0.229046 -0.873689 0.429212 
125.217 -102.346 -243.752 -0.658231 0.538001 0.526597 
-111.238 105.517 -239.501 0.596596 -0.565911 0.569066 
90.964 -228.626 -221.141 -0.342872 0.861766 0.373919 
-98.7317 225.105 -218.824 0.371311 -0.846575 0.381387 
121.803 -121.018 -187.043 -0.639272 0.635154 0.433505 
-16.2736 280.866 -191.407 0.0547615 -0.945128 0.322105 
72.1773 -218.144 -231.862 -0.288336 0.871448 0.396809 
-92.6923 175.291 -233.249 0.412772 -0.780596 0.469367 
128.606 -135.141 -223.649 -0.612382 0.643499 0.459254 
-57.1327 245.204 -211.579 0.210009 -0.901324 0.37885 
108.536 -157.243 -241.023 -0.502811 0.728457 0.465348 
-100.994 140.644 -235 0.498149 -0.693721 0.520208 
117.084 -175.975 -227.02 -0.501645 0.753962 0.424158 
-55.5033 250.273 -214.787 0.200853 -0.905679 0.37339 
129.136 -82.0894 -230.136 -0.718703 0.456866 0.524173 
-129.563 -15.2369 -249.154 0.766827 0.0901803 0.6355 
-42.7715 -196.546 -195.997 0.190393 0.874903 0.445323 
65.7433 -5.61462 -212.12 -0.621521 0.0530792 0.781608 
38.8509 120.263 -182.732 -0.251603 -0.778835 0.574568 
-24.0456 -14.1634 -173.065 0.44249 0.260636 0.858073 
11.5921 -12.5089 -144.9 -0.329367 0.355415 0.874765 
2.92987 52.2101 -135.088 -0.0381676 -0.680145 0.732095 
-0.260013 -20.2678 -125.642 0.00732673 0.571113 0.820849 
-4.6292 18.7626 -135.456 0.140201 -0.568246 0.810837 
10.5423 -44.2068 -154.81 -0.160725 0.673967 0.721077 
-20.4247 71.7315 -180.371 0.209711 -0.736504 0.643117 
49.8379 -110.8 -217.275 -0.337057 0.749344 0.569994 
-69.076 167.185 -230.965 0.334786 -0.810283 0.481016 
110.646 -172.561 -239.945 -0.48066 0.74963 0.455014 
-61.5601 251.457 -219.899 0.220942 -0.902488 0.369753 
130.483 -58.7772 -207.793 -0.778826 0.35083 0.519966 
-136.546 80.0669 -236.595 0.712002 -0.417499 0.564592 
66.2175 -248.845 -190.061 -0.243475 0.914977 0.321798 
-121.919 148.19 -190.941 0.5789 -0.703637 0.412052 
47.7193 -259.42 -175.389 -0.172223 0.93627 0.306192 
-84.0888 13.2082 -125.891 0.850588 -0.133605 0.508593 
129.568 156.14 -212.497 -0.576174 -0.694337 0.431204 
19.8892 -222.062 -226.746 -0.0819369 0.91482 0.395485 
-101.992 119.32 -244.065 0.542542 -0.634716 0.550274 
70.7185 -241.97 -225.063 -0.259718 0.888648 0.377978 
-133.139 121.021 -218.931 0.653426 -0.593956 0.469328 
17.4252 -272.464 -203.502 -0.0598781 0.93627 0.346164 
-60.1104 200.15 -232.952 0.260336 -0.86684 0.425241 
84.7766 -163.94 -233.08 -0.400982 0.775416 0.487811 
-124.461 152.876 -232.706 0.56216 -0.690505 0.455189 
42.6758 -252.29 -212.679 -0.154758 0.914892 0.372879 
-119.326 119.813 -242.749 0.608523 -0.611007 0.506347 
117.266 -62.4656 -245.762 -0.690666 0.367907 0.622609 
-11.1839 273.535 -215.73 0.0383107 -0.936997 0.347255 
131.509 -25.3757 -221.454 -0.813929 0.157053 0.559349 
-115.489 -129.338 -246.443 0.567028 0.635022 0.524636 
8.84119 112.385 -195.913 -0.0658685 -0.837287 0.542797 
67.376 -52.9302 -233.302 -0.570019 0.447804 0.688887 
-28.2721 139.785 -194.583 0.169229 -0.836714 0.520853 
37.2349 -123.362 -212.251 -0.243509 0.806763 0.538381 
-69.2963 141.458 -229.708 0.375346 -0.766213 0.521584 
99.48 -183.431 -239.129 -0.426267 0.785995 0.447801 
-81.1683 234.181 -225.182 0.302123 -0.871664 0.385927 
131.264 -108.835 -208.814 -0.679595 0.563475 0.469748 
-32.7756 267.545 -201.894 0.113928 -0.929988 0.349513 
39.924 -214.349 -228.531 -0.167078 0.897028 0.409198 
-97.3362 155.35 -240.245 0.461248 -0.736157 0.495318 
103.492 -209.459 -227.671 -0.40578 0.821262 0.401109 
-98.7581 225.864 -214.775 0.37166 -0.850003 0.373338 
119.703 -144.081 -188.65 -0.582404 0.701011 0.411591 
-28.9792 277.989 -186.686 0.0985087 -0.944966 0.312012 
116.709 -38.9962 -190.2 -0.806769 0.269567 0.525808 
-4.68703 -258.228 -220.22 0.0170341 0.938475 0.344951 
-124.002 100.079 -248.013 0.646494 -0.521771 0.556613 
26.7318 -273.122 -213.99 -0.0913842 0.933682 0.346272 
-129.63 29.7401 -213.931 0.814382 -0.186837 0.549446 
119.928 133.094 -245.571 -0.574204 -0.637244 0.51403 
-11.7239 -123.786 -200.903 0.0802267 0.847066 0.525414 
-72.4727 53.4859 -237.092 0.588077 -0.434009 0.682509 
31.2137 -139.836 -195.568 -0.185856 0.832624 0.521739 
-35.4742 126.641 -211.568 0.228338 -0.815156 0.532352 
72.7414 -139.883 -232.057 -0.393032 0.755805 0.523738 
-92.9213 193.864 -236.863 0.388788 -0.81114 0.436935 
101.301 -213.283 -227.6 -0.393086 0.827618 0.400686 
-116.367 187.892 -209.952 0.483594 -0.780838 0.395532 
78.2041 -246.661 -194.244 -0.284802 0.898282 0.334656 
-105.86 62.5138 -152.154 0.760211 -0.448929 0.469637 
56.775 -259.353 -184.023 -0.201635 0.921086 0.333107 
4.71045 255.803 -224.018 -0.0171497 -0.931322 0.363815 
131.859 -80.9436 -246.939 -0.707806 0.434496 0.556993 
-22.6263 231.51 -206.597 0.0892129 -0.912819 0.398522 
13.5341 -157.647 -210.937 -0.0750702 0.874427 0.479332 
-90.8659 105.808 -243.942 0.533108 -0.620772 0.574852 
33.0162 -212.728 -216.158 -0.139102 0.896255 0.421182 
-119.587 91.3959 -248.798 0.661567 -0.505611 0.553809 
107.79 -72.2581 -242.585 -0.649246 0.435229 0.623756 
-34.9981 263.407 -220.264 0.12301 -0.925808 0.357443 
135.922 -64.7719 -223.101 -0.765224 0.364658 0.530541 
-107.277 172.801 -225.216 0.466995 -0.752232 0.464844 
115.821 -172.041 -225.908 -0.505606 0.751024 0.424668 
-82.2162 217.164 -221.044 0.322592 -0.852086 0.412189 
128.809 -106.161 -226.958 -0.671207 0.55319 0.493436 
-128.556 86.8118 -241.348 0.67937 -0.458768 0.572717 
69.6908 -254.018 -203.588 -0.249329 0.908788 0.334597 
-125.563 151.328 -202.093 0.579196 -0.698046 0.421048 
43.2203 -270.706 -185.996 -0.149793 0.938217 0.311974 
-98.088 13.0566 -149.448 0.847799 -0.112851 0.518188 
62.3407 252.887 -212.002 -0.225061 -0.912966 0.340379 
138.819 -18.6268 -234.31 -0.810883 0.108805 0.575019 
-115.077 115.778 -234.909 0.589174 -0.592766 0.549108 
93.0431 -223.486 -221.651 -0.355976 0.855041 0.377097 
-86.3036 236.178 -220.295 0.31758 -0.869088 0.37927 
124.53 -77.1902 -190.057 -0.743487 0.460854 0.484621 
-101.554 211.01 -210.63 0.396884 -0.824645 0.403065 
117.849 -159.248 -220.074 -0.53758 0.72643 0.428164 
-112.499 169.085 -229.946 0.489736 -0.736073 0.467303 
123.895 -130.143 -206.524 -0.618321 0.649499 0.442546 
-94.4648 216.414 -216.136 0.365847 -0.838137 0.404597 
125.473 -123.229 -219.994 -0.631428 0.620135 0.465561 
-129.494 106.498 -238.149 0.648467 -0.533312 0.543217 
95.9945 -213.32 -197.306 -0.383582 0.852398 0.355387 
-85.6038 243.233 -202.339 0.31111 -0.883981 0.349005 
106.048 -55.3859 -154.452 -0.777583 0.406109 0.48006 
-111.905 197.638 -199.237 0.4519 -0.798112 0.398523 
114.789 -141.049 -196.35 -0.573535 0.704742 0.417628 
-128.628 148.691 -226.735 0.575113 -0.664816 0.47674 
111.646 -127.173 -177.585 -0.600733 0.684279 0.4134 
-77.7221 246.729 -200.893 0.280497 -0.890436 0.358416 
122.526 -131.312 -219.51 -0.607196 0.650737 0.45593 
-133.576 75.0257 -241.641 0.711727 -0.399756 0.57763 
45.995 -271.501 -199.079 -0.158262 0.934198 0.319756 
-125.667 71.9939 -186.25 0.757632 -0.434044 0.48746 
30.394 -271.257 -192.889 -0.104822 0.935503 0.337436 
45.5696 204.898 -225.423 -0.196124 -0.881847 0.428834 
107.547 -23.166 -253.017 -0.741097 0.159636 0.652157 
-77.8001 -62.6854 -236.534 0.578771 0.46633 0.669013 
27.186 32.1779 -188.02 -0.409018 -0.484122 0.77353 
3.55782 6.62536 -133.076 0.215558 0.401413 0.890179 
-6.99321 9.60201 -151.39 0.305181 -0.419029 0.855159 
10.356 -57.8414 -155.001 -0.127815 0.713888 0.688509 
-12.9761 64.5805 -169.588 0.148524 -0.739187 0.656933 
40.8522 -90.9982 -207.73 -0.325447 0.724931 0.607105 
-58.5071 151.039 -224.486 0.311822 -0.80498 0.504769 
106.55 -160.924 -243.184 -0.485556 0.733341 0.475882 
-52.8883 242.777 -221.028 0.196519 -0.902095 0.384216 
132.668 -61.6997 -224.618 -0.765469 0.355996 0.536042 
-132.612 27.4407 -245.416 0.765426 -0.158386 0.623742 
-55.0156 -257.186 -211.956 0.194707 0.91021 0.365545 
6.37095 169.258 -213.531 -0.0333334 -0.88557 0.463327 
95.2955 -75.8178 -248.148 -0.613807 0.48835 0.620301 
-29.5502 178.242 -203.612 0.144804 -0.873436 0.464929 
47.371 -137.765 -222.156 -0.27858 0.810171 0.515784 
-66.3411 149.419 -226.278 0.349017 -0.786085 0.510171 
113.773 -157.873 -242.423 -0.515654 0.715528 0.471315 
-44.1452 241.846 -217.237 0.165612 -0.907289 0.386543 
128.084 -81.0924 -239.141 -0.71116 0.450248 0.539949 
-123.194 5.61453 -249.19 0.757266 -0.034512 0.652208 
-54.3817 -203.27 -206.011 0.232304 0.868316 0.438268 
65.1491 21.766 -216.893 -0.606715 -0.202701 0.768652 
-4.78055 99.6091 -150.171 0.0382459 -0.796904 0.602909 
-18.7735 -27.938 -153.094 0.31354 0.466599 0.82704 
-4.88117 -0.915178 -134.21 -0.304 -0.0569975 0.950974 
-1.91052 3.02629 -121.451 0.210282 -0.333089 0.919157 
1.27031 -28.6637 -120.136 -0.0252871 0.570587 0.820858 
-0.439959 18.4377 -120.52 0.0128747 -0.539552 0.841864 
2.83371 -16.818 -126.795 -0.0926395 0.549813 0.830145 
-6.13056 30.9606 -140.71 0.124152 -0.626996 0.769077 
11.2458 -49.3969 -159.312 -0.158016 0.694079 0.702355 
-26.5272 78.5276 -189.74 0.248719 -0.736273 0.629331 
56.3417 -124.852 -222.753 -0.344546 0.763507 0.546225 
-78.916 176.557 -235.198 0.360955 -0.807558 0.466453 
107.397 -189.973 -235.592 -0.443844 0.785109 0.431999 
-86.9441 238.475 -219.019 0.318101 -0.872504 0.370899 
126.763 -114.482 -195.993 -0.662679 0.598473 0.450226 
-15.534 279.169 -195.295 0.0524462 -0.942534 0.329993 
36.17 -226.649 -228.192 -0.144841 0.907604 0.394073 
-102.717 153.131 -241.657 0.483726 -0.721136 0.495973 
97.8172 -220.521 -224.754 -0.373586 0.842219 0.388738 
-112.333 200.472 -212.437 0.450341 -0.803692 0.388959 
98.7189 -212.784 -191.338 -0.393566 0.848311 0.354248 
-105.937 150.778 -165.931 0.531748 -0.756825 0.380101 
56.5071 -238.898 -162.194 -0.219232 0.926856 0.304783 
-67.0234 15.8351 -99.702 0.844822 -0.1996 0.496441 
141.197 12.5078 -194.254 -0.836584 -0.0741079 0.542819 
99.3407 211.173 -175.769 -0.39706 -0.844048 0.360477 
-61.6525 221.53 -188.62 0.246301 -0.88501 0.395108 
-105.495 -2.80389 -232.078 0.715497 0.0190168 0.698369 
-82.4395 -160.324 -216.281 0.395011 0.768197 0.503842 
64.2969 -31.8241 -208.951 -0.587904 0.290986 0.754793 
34.8678 135.577 -194.241 -0.210053 -0.816752 0.537411 
-5.27963 -42.3498 -151.625 0.0860251 0.690039 0.718653 
-15.9535 29.8155 -171.986 0.305795 -0.5715 0.761508 
26.894 -83.8076 -185.964 -0.238877 0.744395 0.623563 
-50.5987 123.291 -220.073 0.318186 -0.775305 0.545598 
70.5498 -166.679 -231.096 -0.34147 0.806746 0.482261 
-113.42 169.58 -239.703 0.494832 -0.73985 0.455829 
54.0998 -254.357 -218.441 -0.193425 0.909412 0.368203 
-130.534 50.685 -213.261 0.788703 -0.306245 0.533084 
137.349 10.0241 -245.123 -0.784188 -0.0572324 0.617892 
73.5851 207.824 -207.591 -0.301333 -0.851044 0.430046 
-79.8539 55.6411 -215.045 0.593428 -0.413493 0.690567 
-43.0353 -152.922 -206.706 0.233267 0.828891 0.508472 
-3.78201 58.2054 -165.554 0.0488682 -0.752085 0.657264 
41.0379 -61.7182 -206.382 -0.406331 0.611095 0.679319 
-36.391 143.218 -207.772 0.211283 -0.831511 0.513776 
99.0114 -124.424 -247.008 -0.526536 0.661681 0.533811 
-49.3789 189.616 -214.804 0.224787 -0.863189 0.452099 
102.747 -135.721 -246.49 -0.519538 0.686274 0.509043 
-77.6119 158.511 -225.108 0.381203 -0.77855 0.498559 
113.136 -157.943 -241.306 -0.515213 0.719257 0.466092 
-63.6528 212.956 -219.516 0.259661 -0.868719 0.421806 
122.205 -120.197 -242.279 -0.615579 0.605463 0.504475 
-110.151 116.677 -238.429 0.572269 -0.606171 0.552342 
102.21 -211.234 -221.649 -0.401578 0.82993 0.387258 
-76.8891 247.692 -216.497 0.275857 -0.888651 0.366359 
122.919 -57.9586 -188.077 -0.781567 0.368525 0.503349 
-138.617 102.761 -227.649 0.683425 -0.506642 0.525605 
93.1755 -183.354 -172.094 -0.424343 0.835037 0.350234 
-69.1109 256.485 -191.595 0.245547 -0.911276 0.330604 
97.9077 -24.2832 -148.88 -0.834493 0.206972 0.510687 
-120.437 -182.77 -221.041 0.500604 0.759699 0.415054 
-116.511 48.8104 -241.679 0.746188 -0.312602 0.587793 
-50.4699 167.921 -229.263 0.256632 -0.853854 0.452869 
95.5941 54.6778 -247.69 -0.653577 -0.373832 0.658106 
-48.5694 -37.2443 -212.394 0.52296 0.401019 0.75214 
18.597 6.15807 -181.353 -0.472204 -0.156362 0.86752 
-12.4189 10.4313 -159.953 0.379573 -0.318824 0.8685 
3.69503 -64.3705 -147.764 -0.0420459 0.732475 0.679507 
-3.27587 41.3804 -145.898 0.0541969 -0.684608 0.726905 
16.618 -49.1515 -170.523 -0.228293 0.675228 0.701403 
-35.4195 96.6788 -201.229 0.276527 -0.754791 0.594845 
70.4233 -142.272 -232.784 -0.379619 0.766923 0.517432 
-76.3138 197.249 -232.491 0.324214 -0.837997 0.438935 
125.789 -153.354 -233.428 -0.564001 0.687594 0.457313 
-33.2036 266.155 -211.416 0.115701 -0.927443 0.355639 
127.728 -77.3738 -234.483 -0.721874 0.437288 0.536371 
-122.88 -58.5271 -250.664 0.710834 0.338566 0.616526 
77.6054 -82.8404 -219.559 -0.526966 0.562513 0.637105 
-8.47512 196.472 -215.576 0.0387867 -0.899161 0.435914 
116.167 -73.3356 -252.307 -0.682624 0.430935 0.5902 
-87.7966 119.37 -229.369 0.490025 -0.666251 0.56214 
88.5847 -204.756 -235.385 -0.360701 0.833731 0.418097 
-80.482 223.145 -227.451 0.310386 -0.860578 0.403835 
132.201 -97.9085 -213.671 -0.702185 0.520041 0.486323 
-74.8917 233.432 -211.177 0.281477 -0.877345 0.388655 
99.0722 -185.843 -236.813 -0.424519 0.796325 0.430891 
-86.7737 183.24 -228.392 0.380057 -0.802566 0.45985 
128.47 -124.565 -229.994 -0.630465 0.611301 0.478374 
-95.5567 190.164 -224.496 0.401859 -0.799726 0.446055 
123.583 -142.51 -229.114 -0.582377 0.671569 0.458093 
-102.596 177.822 -228.165 0.443414 -0.768535 0.461254 
125.556 -136.524 -221.142 -0.603324 0.656026 0.453484 
-99.1495 196.175 -223.316 0.406229 -0.803756 0.434708 
126.127 -127.358 -221.222 -0.623725 0.629814 0.462945 
-118.542 150.698 -231.977 0.538889 -0.685069 0.4902 
119.712 -151.749 -205.314 -0.562421 0.712934 0.418839 
-71.7359 245.549 -210.286 0.260297 -0.890985 0.372032 
125.655 -117.156 -227.914 -0.64053 0.597205 0.482788 
-130.68 55.8474 -244.807 0.731992 -0.312824 0.605265 
-0.967639 -283.742 -207.738 0.00322064 0.944393 0.328828 
-126.313 10.7523 -209.12 0.829375 -0.0706001 0.554229 
-4.5104 242.704 -225.172 0.0172833 -0.930012 0.367146 
114.516 -95.6879 -248.424 -0.627362 0.524215 0.575876 
-30.2559 263.55 -217.865 0.10642 -0.926994 0.359687 
132.281 -39.9819 -222.421 -0.798591 0.241374 0.551369 
-130.649 -49.2663 -248.909 0.740023 0.279054 0.611973 
32.0461 -175.567 -190.629 -0.158677 0.869325 0.468094 
40.7088 76.8025 -193.612 -0.350363 -0.661006 0.663577 
-2.86508 -9.88533 -134.807 0.152677 0.526779 0.836188 
-3.34789 5.90724 -143.897 0.25418 -0.448492 0.856892 
12.8697 -47.8053 -156.186 -0.181305 0.673468 0.716649 
-15.5024 72.5502 -174.623 0.1607 -0.752064 0.639212 
46.0484 -99.0251 -213.7 -0.340001 0.731157 0.59146 
-59.3517 158.863 -225.024 0.304423 -0.814831 0.49335 
112.998 -153.162 -243.835 -0.52053 0.705548 0.480903 
-42.0592 243.635 -217.589 0.157041 -0.909686 0.384482 
129.173 -73.366 -237.675 -0.728988 0.414041 0.545127 
-123.883 -9.18429 -249.706 0.757809 0.0561817 0.650066 
-41.4074 -191.492 -196.17 0.188469 0.871589 0.452581 
60.7858 6.98138 -210.391 -0.606714 -0.0696824 0.791871 
21.5905 108.641 -160.815 -0.156624 -0.788113 0.595285 
-19.8 -12.5117 -161.623 0.407149 0.257279 0.876387 
8.93011 -10.1708 -135.528 -0.297757 0.339125 0.892386 
3.18379 43.8889 -126.857 -0.0460029 -0.634155 0.771847 
-0.944509 -14.2582 -118.443 0.03361 0.507372 0.861082 
-1.94444 9.38082 -122.241 0.102812 -0.496012 0.862217 
5.17524 -26.9069 -135.293 -0.11594 0.602792 0.789441 
-7.81498 41.6925 -149.657 0.126203 -0.673285 0.728545 
17.5738 -61.7932 -174.014 -0.203757 0.716455 0.667227 
-42.0295 102.034 -209.372 0.308867 -0.749833 0.585123 
69.0004 -154.466 -231.269 -0.35335 0.791021 0.499446 
-97.2559 186.335 -238.284 0.414157 -0.793494 0.445934 
94.4961 -222.984 -226.163 -0.35897 0.847067 0.391964 
-124.228 160.087 -208.984 0.556666 -0.717353 0.41898 
39.6147 -277.081 -197.436 -0.133907 0.9366 0.32383 
-115.976 24.3235 -184.656 0.829094 -0.173885 0.531399 
22.6018 259.56 -220.313 -0.0814166 -0.934992 0.345223 
128.73 -88.8163 -248.703 -0.68103 0.469872 0.561636 
3.58931 262.404 -211.689 -0.0127422 -0.931547 0.363422 
96.078 -136.959 -245.021 -0.495171 0.705867 0.506533 
-98.8306 86.2261 -240.119 0.596405 -0.520342 0.611197 
58.9799 -246.6 -225.209 -0.215701 0.901862 0.374345 
-133.747 124.219 -227.746 0.643641 -0.597788 0.477905 
15.0133 -270.549 -206.084 -0.0518952 0.935183 0.350367 
-79.4311 180.987 -238.124 0.359342 -0.818776 0.447768 
85.2076 -152.87 -231.219 -0.420003 0.753523 0.505784 
-121.068 157.052 -235.25 0.543728 -0.705332 0.454846 
52.3837 -239.611 -215.291 -0.196826 0.900311 0.388222 
-121.34 116.969 -242.195 0.620199 -0.597855 0.507877 
117.273 -73.4787 -244.531 -0.672418 0.421312 0.608578 
-36.8703 271.804 -215.788 0.126254 -0.930729 0.343251 
133.974 -60.4126 -211.797 -0.777532 0.350612 0.522045 
-108.021 184.032 -221.079 0.45324 -0.772173 0.445354 
116.201 -169.483 -223.597 -0.512259 0.747146 0.423534 
-91.3249 206.433 -223.146 0.366405 -0.828232 0.424023 
128.532 -109.592 -221.594 -0.666481 0.568271 0.482585 
-127.559 112.806 -237.235 0.63186 -0.558779 0.537155 
101.853 -202.888 -199.633 -0.417496 0.831642 0.366178 
-72.8834 256.358 -204.677 0.256647 -0.902722 0.345314 
110.369 -36.0771 -166.744 -0.81785 0.267337 0.509578 
-146.664 -33.4489 -230.058 0.800139 0.182484 0.571396 
-84.0186 -210.465 -201.582 0.336631 0.843256 0.419066 
26.1235 -174.132 -172.252 -0.131425 0.876041 0.464001 
68.1713 -23.2633 -202.518 -0.608708 0.20772 0.765731 
55.4006 99.8277 -195.42 -0.379487 -0.683808 0.623228 
-31.2225 4.02856 -181.091 0.505238 -0.0651896 0.860524 
-6.71322 -78.4025 -142.385 0.0638415 0.745593 0.66335 
7.70128 19.1588 -132.011 -0.1941 -0.482873 0.853918 
-2.51157 7.28949 -111.737 -0.115094 0.334044 0.935513 
-3.49365 15.5129 -122.161 0.114678 -0.509207 0.85298 
2.66817 -27.5889 -129.13 -0.0581544 0.601316 0.796903 
-4.70854 29.3744 -138.137 0.100232 -0.625304 0.773928 
10.875 -44.5421 -157.189 -0.165373 0.67734 0.716853 
-24.5353 75.9643 -186.415 0.237443 -0.735152 0.634972 
54.2901 -120.548 -221.241 -0.342088 0.759585 0.553194 
-75.0343 173.972 -233.666 0.349404 -0.810117 0.470791 
110.095 -181.587 -237.395 -0.465089 0.767101 0.441888 
-73.311 248.885 -219.203 0.262882 -0.892463 0.366632 
128.529 -76.4196 -198.07 -0.747831 0.444637 0.493015 
-91.6423 221.545 -210.248 0.351092 -0.848762 0.395418 
108.016 -183.383 -229.903 -0.460693 0.782137 0.419573 
-94.5423 189.526 -227.851 0.399088 -0.800037 0.447981 
128.789 -117.414 -221.626 -0.65056 0.593097 0.474368 
-111.399 169.676 -228.058 0.48531 -0.739193 0.466996 
123.154 -142.177 -213.585 -0.588568 0.679481 0.438076 
-95.2374 210.429 -219.449 0.375215 -0.829047 0.414623 
126.613 -117.939 -219.713 -0.645483 0.601261 0.471014 
-129.053 109.871 -237.491 0.641359 -0.546027 0.539008 
99.2728 -206.462 -197.279 -0.404179 0.840587 0.360652 
-77.7459 251.933 -202.919 0.276771 -0.896868 0.345026 
106.716 -40.4644 -158.324 -0.809904 0.307097 0.499764 
-145.852 49.0856 -220.315 0.787784 -0.265123 0.555989 
20.9129 -251.551 -160.592 -0.0793189 0.954086 0.288869 
-88.7848 20.3224 -127.036 0.843005 -0.19296 0.502122 
139.178 -100.171 -200.108 -0.70646 0.508464 0.492337 
-75.333 112.172 -121.906 0.519788 -0.773975 0.361664 
62.3252 -249.823 -172.427 -0.229401 0.919526 0.319163 
-114.527 92.0866 -187.036 0.690619 -0.555302 0.463359 
143.663 58.588 -237.938 -0.763728 -0.31146 0.565447 
-31.8704 211.404 -194.765 0.135325 -0.897642 0.419455 
-64.7344 -71.4065 -215.467 0.495271 0.546318 0.67547 
31.6931 -1.51357 -189.049 -0.520889 0.0248762 0.853272 
-4.96332 73.3882 -142.785 0.050302 -0.743771 0.666552 
-7.36226 -33.4461 -135.728 0.131763 0.598589 0.790156 
-0.745118 4.55208 -121.143 0.0800498 -0.489041 0.868589 
6.74021 -24.3883 -139.682 -0.161792 0.585416 0.794436 
-9.93882 50.0819 -156.193 0.138486 -0.697832 0.702758 
21.9786 -71.8587 -182.992 -0.224086 0.732646 0.642676 
-51.1749 114.316 -218.221 0.337355 -0.753595 0.564183 
73.4507 -169.419 -233.225 -0.349538 0.806233 0.477313 
-106.847 183.548 -237.942 0.45115 -0.775013 0.442533 
79.6766 -242.549 -220.997 -0.289634 0.881696 0.372479 
-129.326 96.3639 -200.398 0.706032 -0.52608 0.474105 
41.7875 -264.955 -200.145 -0.145961 0.925468 0.349601 
-30.4359 223.338 -227.137 0.123806 -0.908487 0.399175 
106.679 -144.215 -244.092 -0.512936 0.693417 0.50605 
-73.426 243.888 -223.211 0.267346 -0.888003 0.374157 
132.514 -107.704 -211.375 -0.683296 0.555366 0.474018 
-26.2049 269.282 -201.731 0.0907923 -0.932983 0.348306 
28.2809 -212.111 -226.1 -0.120424 0.903196 0.412011 
-102.539 139.078 -243.971 0.508096 -0.689151 0.51665 
71.2784 -240.752 -224.95 -0.26255 0.886796 0.380366 
-133.475 107.84 -216.137 0.682696 -0.551577 0.479276 
30.8239 -264.731 -203.674 -0.108125 0.928634 0.354914 
-37.0905 207.533 -227.515 0.159869 -0.894518 0.417489 
96.3166 -150.303 -240.694 -0.466249 0.727586 0.503237 
-97.0457 216.544 -228.579 0.375143 -0.837079 0.398226 
111.289 -203.423 -216.908 -0.441496 0.806999 0.392239 
-101.752 211.412 -196.056 0.404506 -0.840445 0.360617 
106.196 -166.076 -172.789 -0.499851 0.7817 0.372975 
-71.7623 222.003 -162.672 0.291816 -0.902757 0.316055 
76.4122 -43.2475 -107.564 -0.77276 0.437364 0.459969 
-40.29 254.555 -160.415 0.148686 -0.939404 0.308918 
-99.017 -207.836 -231.161 0.390628 0.819925 0.418508 
-77.6327 119.207 -240.298 0.45949 -0.705559 0.539512 
92.3182 -12.6162 -244.165 -0.697367 0.0953021 0.710362 
6.15561 160.066 -184.672 -0.0334852 -0.870726 0.490645 
-19.1654 -57.8666 -168.039 0.224936 0.679155 0.698691 
-2.66529 10.5514 -138.198 0.142003 -0.562162 0.814755 
18.2436 -41.0035 -168.952 -0.275471 0.619134 0.735395 
-25.2414 96.601 -190.942 0.203943 -0.780508 0.590959 
67.2199 -121.715 -231.511 -0.403506 0.730629 0.550801 
-55.583 186.299 -223.332 0.254542 -0.853158 0.455354 
126.613 -113.842 -243.669 -0.637666 0.573349 0.51446 
-66.9523 204.707 -217.506 0.28032 -0.85708 0.432263 
100.865 -162.048 -242.675 -0.46678 0.74992 0.468778 
-78.1763 176.599 -225.705 0.357066 -0.806607 0.471069 
123 -136.548 -238.977 -0.586805 0.65144 0.48094 
-83.1884 193.308 -223.355 0.3538 -0.822141 0.446012 
121.031 -142.342 -237.373 -0.57116 0.671728 0.471778 
-96.5306 172.463 -228.869 0.430407 -0.768973 0.472703 
123.946 -145.959 -228.864 -0.576544 0.67894 0.454592 
-85.5217 208.175 -221.435 0.344202 -0.837847 0.423738 
125.407 -128.384 -231.838 -0.614256 0.628835 0.476732 
-116.316 134.225 -236.088 0.559866 -0.646067 0.518812 
114.881 -179.67 -212.801 -0.493318 0.77153 0.40174 
-58.0896 258.863 -210.499 0.204407 -0.910892 0.358483 
128.165 -69.4227 -218.345 -0.749896 0.406193 0.522188 
-131.802 -72.313 -248.34 0.711751 0.390501 0.583898 
89.456 -77.6228 -227.26 -0.581597 0.504664 0.638025 
-12.0288 224.743 -220.837 0.0488954 -0.913548 0.403801 
127.613 -65.8465 -248.473 -0.726612 0.374921 0.575748 
-101.92 114.073 -234.951 0.550406 -0.616035 0.563534 
92.0456 -218.125 -229.241 -0.357365 0.846867 0.393856 
-86.5822 230.77 -224.083 0.323677 -0.862706 0.388572 
128.414 -93.8329 -199.687 -0.710156 0.518916 0.475838 
-64.7824 249.895 -204.195 0.233592 -0.901071 0.365409 
77.0887 -211.89 -233.573 -0.31244 0.858791 0.40605 
-85.8272 188.271 -230.605 0.369944 -0.811511 0.452336 
130.805 -118.71 -225.354 -0.650288 0.590155 0.478392 
-77.9731 221.4 -216.449 0.303494 -0.861753 0.406558 
114.41 -156.377 -237.928 -0.524639 0.71708 0.458877 
-100.168 159.533 -232.092 0.463265 -0.737823 0.490937 
123.301 -153.081 -225.82 -0.562221 0.698011 0.443514 
-69.624 232.301 -216.169 0.263843 -0.880312 0.394277 
123.656 -124.408 -236.578 -0.615053 0.618795 0.488692 
-120.531 94.0776 -242.223 0.644899 -0.50336 0.575109 
77.6122 -247.406 -212.43 -0.280405 0.893852 0.349884 
-121.502 177.547 -211.433 0.515632 -0.753476 0.40794 
78.2481 -241.614 -188.456 -0.290785 0.897885 0.330552 
-104.714 72.1349 -149.479 0.733272 -0.505134 0.455159 
17.6687 -274.468 -177.01 -0.0609942 0.947493 0.313934 
84.9976 197.774 -233.441 -0.354667 -0.825244 0.439546 
78.5548 -80.113 -242.319 -0.554368 0.565365 0.610782 
-79.4169 -28.9882 -239.189 0.652495 0.23817 0.719404 
51.1063 -22.9395 -209.537 -0.566947 0.254479 0.783472 
9.94416 132.728 -182.522 -0.0632314 -0.843969 0.532668 
3.92394 -58.4205 -162.33 -0.0500952 0.745829 0.664264 
-36.4852 65.6756 -201.617 0.362301 -0.652164 0.66591 
41.3772 -136.36 -210.306 -0.246999 0.813998 0.525753 
-99.4698 134.506 -246.098 0.508338 -0.68739 0.518752 
44.4478 -207.345 -216.227 -0.18936 0.883349 0.428783 
-115.222 113.284 -247.902 0.605189 -0.59501 0.528892 
100.587 -111.731 -236.767 -0.550691 0.611701 0.56796 
-94.7079 216.824 -228.585 0.367882 -0.842227 0.394125 
87.4407 -233.275 -222.499 -0.324217 0.86495 0.383096 
-127.241 95.0201 -196.168 0.706777 -0.527802 0.471072 
53.7787 -259.271 -200.854 -0.189945 0.915739 0.354062 
-54.4945 223.892 -230.602 0.217128 -0.892077 0.396323 
94.9354 -175.174 -236.499 -0.421216 0.777223 0.46746 
-123.557 164.75 -224.041 0.541095 -0.72149 0.432071 
39.8418 -269.392 -209.253 -0.137133 0.92723 0.348505 
-128.443 63.1337 -223.663 0.75807 -0.372614 0.535262 
120.75 113.651 -247.946 -0.611529 -0.57558 0.542915 
-44.1359 -98.853 -210.293 0.327289 0.733042 0.596279 
-26.6963 33.0201 -197.985 0.419994 -0.519481 0.744151 
44.8928 -24.2222 -211.344 -0.549366 0.296414 0.781251 
-9.84913 116.78 -176.66 0.0697522 -0.827045 0.557806 
9.66061 -75.739 -174.214 -0.0988466 0.774956 0.624251 
-49.5894 86.5656 -216.287 0.390233 -0.681208 0.619428 
47.522 -159.855 -217.368 -0.248263 0.835111 0.49089 
-114.192 127.226 -247.742 0.572009 -0.637295 0.516408 
48.0589 -209.724 -214.584 -0.202076 0.881841 0.426073 
-99.6535 142.682 -245.331 0.496143 -0.71037 0.499233 
81.9614 -150.676 -227.682 -0.41092 0.755427 0.510384 
-114.337 163.23 -239.217 0.510443 -0.728717 0.456549 
58.9309 -225.211 -218.325 -0.231318 0.884008 0.40625 
-124.405 109.734 -241.252 0.643591 -0.567693 0.513354 
117.88 -81.2807 -243.449 -0.660379 0.455345 0.597141 
-54.4749 264.961 -215.378 0.189068 -0.919607 0.344375 
134.101 -105.207 -212.322 -0.690943 0.542066 0.478308 
-8.70854 275.221 -199.956 0.0297309 -0.939603 0.340998 
4.56789 -208.581 -222.405 -0.0199053 0.908925 0.416505 
-111.051 98.3859 -250.438 0.615181 -0.545019 0.56967 
18.3691 -223.22 -210.781 -0.0748475 0.909545 0.408832 
-79.1575 137.354 -240.182 0.427828 -0.74237 0.515623 
74.6497 -133.235 -225.784 -0.411529 0.734498 0.539605 
-105.187 173.121 -240.796 0.462629 -0.761415 0.454134 
55.789 -230.378 -220.32 -0.215715 0.890788 0.399977 
-130.704 79.7285 -234.47 0.722493 -0.440717 0.53272 
126.892 -36.2612 -246.673 -0.746021 0.213187 0.630889 
40.4787 261.664 -213.343 -0.142476 -0.921001 0.362595 
66.0052 -160.319 -234.86 -0.334348 0.812093 0.478261 
-82.8817 119.84 -232.107 0.470873 -0.680841 0.561027 
99.8369 -195.727 -236.101 -0.411112 0.805971 0.425928 
-74.0657 238.18 -223.459 0.274108 -0.881475 0.384555 
131.038 -77.7083 -207.708 -0.744375 0.441431 0.501061 
-112.014 181.223 -221.593 0.470583 -0.761338 0.44602 
120.78 -149.637 -214.766 -0.566617 0.701995 0.431468 
-104.597 193.352 -223.782 0.428414 -0.791945 0.435088 
125.963 -115.387 -211.038 -0.653441 0.598578 0.463396 
-125.616 142.311 -230.796 0.575499 -0.65199 0.493687 
115.198 -151.323 -193.704 -0.553613 0.727225 0.4058 
-67.5439 254.215 -205.295 0.239801 -0.90254 0.357678 
125.575 -112.882 -223.872 -0.651672 0.585803 0.481846 
-133.856 30.7809 -245.671 0.766131 -0.176176 0.61808 
-52.2064 -259.752 -211.141 0.183658 0.913788 0.362322 
1.02003 173.965 -214.997 -0.00521655 -0.889673 0.456587 
96.1646 -85.8478 -247.531 -0.594437 0.530664 0.6042 
-22.7524 197.221 -207.452 0.102928 -0.892198 0.439779 
69.0042 -133.726 -235.157 -0.390578 0.756918 0.523967 
-64.2465 144.81 -220.982 0.346541 -0.781092 0.519445 
108.375 -153.476 -244.231 -0.505773 0.716255 0.480822 
-53.0639 216.336 -218.031 0.216432 -0.882369 0.41785 
120.827 -112.477 -245.004 -0.625467 0.58224 0.519427 
-109.946 99.3872 -240.464 0.604369 -0.546329 0.579896 
83.0016 -237.865 -221.663 -0.306228 0.877585 0.368898 
-113.126 200.557 -220.308 0.450191 -0.798125 0.400427 
106.748 -197.299 -194.015 -0.442302 0.817489 0.368913 
-93.453 208.552 -178.633 0.384014 -0.856975 0.343721 
98.7439 -118.591 -145.621 -0.588672 0.706995 0.39197 
-27.3801 254.246 -157.604 0.102378 -0.950662 0.292878 
89.805 -18.9562 -143.149 -0.838673 0.177028 0.515079 
100.445 -145.399 -197.029 -0.518514 0.750571 0.409639 
-57.8894 -241.87 -224.837 0.216715 0.905465 0.364946 
-131.005 35.6356 -250.513 0.767416 -0.208751 0.606228 
50.1552 -193.17 -207.401 -0.224803 0.865819 0.447032 
-13.6818 159.814 -210.546 0.0749278 -0.87521 0.477923 
95.7474 -103.366 -246.582 -0.556174 0.600431 0.574604 
-29.5641 205.083 -211.981 0.128784 -0.893359 0.430512 
99.0905 -119.828 -247.47 -0.538093 0.650703 0.535778 
-85.6883 120.741 -230.555 0.479551 -0.675724 0.559862 
97.9534 -196.333 -236.227 -0.404139 0.810035 0.424891 
-70.7595 234.306 -223.827 0.266 -0.880806 0.391717 
131.959 -73.8523 -213.982 -0.749782 0.419623 0.511626 
-128.133 123.372 -233.105 0.615464 -0.592593 0.519667 
108.106 -182.68 -197.403 -0.471035 0.795965 0.380241 
-62.1625 262.033 -205.331 0.216454 -0.912416 0.347365 
123.047 -51.885 -200.138 -0.786478 0.331632 0.521046 
-124.192 -146.28 -241.633 0.565522 0.666103 0.486322 
-20.2687 149.145 -214.25 0.117827 -0.867022 0.484155 
78.7905 -83.1368 -235.204 -0.535612 0.565158 0.627482 
-40.749 217.311 -222.395 0.16771 -0.894384 0.414689 
131.219 -84.2631 -242.286 -0.707323 0.454212 0.541667 
-99.7454 152.165 -229.911 0.473934 -0.723 0.502667 
111.668 -180.818 -232.15 -0.475144 0.769373 0.42699 
-66.0338 230.973 -219.262 0.252214 -0.882193 0.39767 
129.612 -91.2515 -231.733 -0.700185 0.492954 0.516483 
-128.84 41.5724 -246.084 0.744838 -0.240334 0.622474 
-31.4455 -271.417 -211.784 0.107833 0.930744 0.349436 
-112.626 105.518 -246.598 0.616452 -0.577549 0.535203 
110.337 20.1345 -249.928 -0.727899 -0.132828 0.672708 
-23.4409 152.198 -183.899 0.131643 -0.85474 0.502103 
-24.4726 -72.2562 -176.171 0.239692 0.707698 0.664627 
-2.29022 14.397 -137.225 0.0945722 -0.594511 0.798517 
18.6282 -38.741 -171.074 -0.29083 0.604837 0.741355 
-26.3225 98.4278 -191.807 0.208905 -0.78116 0.588357 
68.1287 -123.443 -232.239 -0.404346 0.732635 0.54751 
-55.1651 186.455 -222.944 0.252608 -0.853803 0.455222 
126.496 -112.471 -243.872 -0.640017 0.569057 0.516303 
-70.9594 199.157 -218.796 0.301474 -0.846128 0.439543 
103.731 -161.818 -242.448 -0.477212 0.744441 0.467005 
-78.2687 180.717 -225.343 0.351835 -0.812363 0.465077 
123.54 -134.19 -238.669 -0.593195 0.644337 0.482666 
-88.3288 185.656 -225.179 0.3824 -0.803757 0.455809 
121.921 -144.845 -234.958 -0.570102 0.67729 0.465059 
-92.8987 185.407 -226.364 0.398997 -0.796317 0.45464 
125.147 -137.112 -229.963 -0.596827 0.653888 0.465021 
-99.9511 181.922 -227.015 0.428439 -0.779808 0.456462 
125.309 -137.636 -224.192 -0.599052 0.657982 0.456304 
-101.32 188.268 -225.397 0.424226 -0.788277 0.445723 
125.952 -130.531 -220.629 -0.616944 0.639373 0.458912 
-112.005 169.928 -228.466 0.486892 -0.738687 0.466148 
123.593 -136.648 -210.681 -0.602256 0.665868 0.440368 
-97.3206 209.376 -218.886 0.3836 -0.82528 0.414466 
126.142 -118.987 -217.921 -0.643016 0.606543 0.467603 
-129.522 111.942 -236.86 0.639178 -0.552423 0.535068 
100.938 -201.029 -195.643 -0.418095 0.832684 0.363113 
-72.9826 256.253 -202.228 0.257384 -0.903715 0.342155 
107.34 -34.0897 -161.404 -0.820879 0.260699 0.508145 
-146.909 -35.6984 -227.877 0.800584 0.194539 0.566778 
-84.3669 -211.138 -200.674 0.337218 0.843925 0.417243 
17.0029 -179.592 -169.654 -0.0839318 0.886525 0.455024 
66.6515 -41.5946 -196.664 -0.572715 0.357409 0.737749 
56.0089 82.4395 -196.289 -0.420452 -0.618863 0.66351 
-29.432 11.1735 -176.247 0.483786 -0.183663 0.855708 
-11.7792 -79.8582 -149.636 0.109848 0.744723 0.658285 
5.27248 18.0883 -129.869 -0.150127 -0.51504 0.843927 
-0.361706 1.24246 -118.97 -0.122835 0.421939 0.898274 
-5.61633 23.4685 -133.652 0.13776 -0.575645 0.806023 
6.2253 -40.865 -145.45 -0.102142 0.670496 0.73486 
-13.3416 53.1397 -165.182 0.176364 -0.702462 0.689535 
33.5449 -88.0411 -199.12 -0.281788 0.739573 0.611264 
-62.2681 139.228 -227.218 0.348007 -0.778125 0.522905 
88.1459 -182.229 -237.606 -0.387533 0.80117 0.456027 
-101.691 206.87 -231.108 0.402111 -0.818019 0.4113 
110.261 -204.899 -215.713 -0.436538 0.811222 0.389065 
-100.491 214.856 -196.806 0.395414 -0.845423 0.35906 
108.206 -154.575 -171.133 -0.529965 0.757073 0.382093 
-57.0852 243.495 -166.544 0.217254 -0.926692 0.306691 
71.7013 -16.7915 -106.28 -0.844339 0.197733 0.498006 
-142.621 -20.6036 -198.777 0.830804 0.120021 0.543485 
-106.949 -204.885 -185.641 0.427446 0.818868 0.383094 
-35.7772 -225.475 -173.795 0.144297 0.909387 0.390141 
-32.6452 -172.185 -155.279 0.164768 0.869059 0.466482 
-33.842 -131.394 -135.5 0.208797 0.81067 0.547023 
-24.9151 -109.002 -115.456 0.177439 0.776285 0.604908 
1.71086 -89.9003 -97.8409 -0.0144852 0.761151 0.648426 
28.5459 -38.4539 -117.12 -0.348665 0.469683 0.811078 
35.3767 -0.985996 -134.741 -0.44311 0.01235 0.896392 
32.0111 47.3127 -121.676 -0.310353 -0.458705 0.832639 
-15.1157 20.48 -108.086 0.25584 -0.346634 0.902446 
-19.939 -27.8124 -113.99 0.244551 0.341117 0.907663 
7.55611 -3.57517 -106.825 -0.215077 0.101764 0.971289 
0.244791 25.9013 -97.3467 -0.00360694 -0.381649 0.92431 
-4.15002 -9.8759 -101.778 0.101129 0.240658 0.965336 
-6.38469 -3.26448 -98.4873 -0.0867101 -0.0443346 0.995255 
1.39611 -2.67237 -97.5638 0.063716 -0.121962 0.990496 
0.434908 -5.07334 -97.5996 -0.0188552 0.219952 0.975337 
0.17588 3.9538 -98.4343 -0.0102007 -0.229312 0.973308 
0.0226291 -0.789086 -98.4645 -0.00629536 0.219522 0.975596 
-0.145573 2.30928 -99.4231 0.015751 -0.249865 0.968161 
0.15656 -3.67688 -100.635 -0.0120019 0.281868 0.959387 
-0.180573 3.96668 -101.895 0.0139401 -0.306224 0.951866 
0.281707 -4.73671 -103.525 -0.0199518 0.335476 0.941847 
-0.421457 6.16161 -105.701 0.0253702 -0.370907 0.928333 
0.617249 -7.92354 -108.493 -0.0318902 0.40937 0.91182 
-0.9407 10.2486 -112.161 0.0414282 -0.451344 0.891397 
1.4882 -13.6035 -117.142 -0.0544792 0.497989 0.86548 
-2.44609 18.5765 -124.089 0.0723304 -0.549302 0.832498 
4.26348 -26.2993 -134.161 -0.0980521 0.604835 0.790302 
-8.15669 39.2689 -149.588 0.137768 -0.663258 0.735613 
17.919 -62.865 -174.489 -0.20473 0.71825 0.664996 
-42.3984 103.031 -209.926 0.30916 -0.751277 0.583112 
69.1162 -155.014 -231.279 -0.352983 0.79167 0.498676 
-98.1506 185.762 -238.428 0.418091 -0.791289 0.446183 
92.5419 -225.479 -225.758 -0.349649 0.851925 0.389854 
-125.948 151.264 -208.411 0.578721 -0.695049 0.426623 
29.9014 -280.089 -198.15 -0.10039 0.940364 0.325044 
-124.259 49.9593 -208.778 0.785739 -0.315912 0.531819 
74.6749 218.504 -232.602 -0.296139 -0.866524 0.401816 
124.243 9.31003 -251.124 -0.780027 -0.0584507 0.623024 
-76.3216 -101.949 -234.847 0.482642 0.644708 0.592812 
-7.69587 48.9953 -169.223 0.115469 -0.735128 0.668035 
45.8014 -34.7146 -213.286 -0.524967 0.397892 0.752402 
-17.1274 124.248 -185.214 0.1146 -0.831349 0.543822 
28.1344 -101.086 -199.997 -0.219153 0.78741 0.576172 
-63.6702 125.297 -226.536 0.378951 -0.745738 0.547985 
84.0218 -186.321 -236.46 -0.366892 0.813594 0.451079 
-105.059 199.62 -232.726 0.422766 -0.803289 0.419539 
102.184 -219.786 -216.475 -0.39013 0.839121 0.379066 
-115.553 175.522 -195.528 0.506414 -0.76923 0.389677 
68.8493 -248.702 -183.243 -0.252656 0.912657 0.321308 
-92.1473 37.6471 -132.465 0.808765 -0.330423 0.486555 
125.322 -161.415 -194.515 -0.554946 0.71477 0.425623 
-99.6608 104.282 -156.979 0.6283 -0.657434 0.415977 
135.019 -137.878 -211.294 -0.619556 0.63267 0.464646 
-91.3703 97.5102 -139.558 0.624853 -0.666842 0.406075 
89.5328 -230.853 -187.229 -0.338226 0.872089 0.353667 
-117.06 119.31 -196.069 0.628562 -0.640642 0.441027 
142.385 -55.4981 -235.572 -0.762999 0.297397 0.573938 
-9.14512 280.168 -187.507 0.0310809 -0.952189 0.303951 
107.472 -4.75794 -163.264 -0.849931 0.0376278 0.525564 
-66.4394 -248.789 -218.875 0.241375 0.903853 0.353277 
-136.714 7.93381 -238.854 0.809154 -0.046957 0.585732 
120.147 -25.4153 -246.188 -0.740749 0.156695 0.653265 
52.0699 238.322 -215.076 -0.196311 -0.898506 0.392639 
-13.899 -131.339 -200.999 0.0899092 0.849604 0.519718 
-75.2682 57.8801 -239.871 0.58966 -0.453439 0.668364 
49.4279 -117.044 -204.829 -0.320328 0.758532 0.567482 
-52.6882 157.261 -225.917 0.277023 -0.826842 0.489498 
81.8569 -169.484 -235.439 -0.382132 0.791204 0.477481 
-111.952 184.931 -234.848 0.466833 -0.77115 0.43291 
70.5471 -252.671 -217.244 -0.250694 0.897884 0.361903 
-126.619 64.6204 -194.335 0.770443 -0.393198 0.501827 
121.847 -166.547 -220.496 -0.52547 0.718244 0.456096 
-117.592 141.749 -198.765 0.579272 -0.698271 0.42057 
105.265 -204.405 -217.609 -0.416691 0.809139 0.414343 
-123.699 103.551 -202.569 0.678106 -0.56766 0.466852 
137.663 -92.3433 -234.381 -0.696215 0.467016 0.545158 
-82.1943 220.97 -182.187 0.328843 -0.884056 0.332151 
102.615 -207.486 -190.147 -0.413659 0.836416 0.359599 
-99.4436 111.145 -146.012 0.610901 -0.682788 0.400771 
16.2182 -266.982 -165.571 -0.0579007 0.953153 0.296924 
-118.052 120.788 -205.374 0.624314 -0.638784 0.44967 
140.957 22.6192 -243.263 -0.788731 -0.126567 0.601583 
54.1224 211.882 -198.552 -0.224153 -0.877531 0.423923 
-76.1875 51.1162 -211.361 0.589733 -0.395667 0.704045 
-47.0219 -136.255 -203.703 0.274638 0.795816 0.539693 
7.65395 41.6347 -154.139 -0.12501 -0.680008 0.722481 
13.5105 -23.8465 -168.847 -0.308165 0.543923 0.780512 
-25.1162 73.6212 -180.959 0.245862 -0.720679 0.648221 
39.8199 -116.761 -210.569 -0.268602 0.787601 0.554576 
-76.3808 149.226 -235.006 0.39266 -0.767146 0.50727 
86.4526 -202.75 -234.334 -0.354478 0.831326 0.428089 
-119.499 179.362 -228.086 0.50151 -0.752741 0.426481 
62.9779 -263.209 -209.57 -0.218453 0.912999 0.34457 
-119.556 43.0699 -181.286 0.807909 -0.291048 0.512436 
144.366 -47.2849 -230.408 -0.778942 0.255131 0.572866 
-5.51272 274.757 -179.735 0.0191492 -0.954409 0.297916 
100.669 -2.28714 -151.734 -0.853272 0.0193857 0.521122 
-56.7061 -256.375 -213.108 0.20316 0.918512 0.339233 
-139.024 29.5948 -237.012 0.800349 -0.170375 0.574831 
90.2125 -177.033 -221.16 -0.401448 0.787803 0.467144 
-78.2352 205.674 -235.173 0.322995 -0.849126 0.417944 
80.0538 -202.65 -229.473 -0.331189 0.83838 0.432954 
-132.382 108.715 -224.387 0.674651 -0.554039 0.487755 
78.7652 -220.84 -215.935 -0.306878 0.860417 0.406849 
-110.264 165.656 -238.052 0.494665 -0.743163 0.450591 
93.6656 -171.596 -229.782 -0.421578 0.772332 0.475176 
-125.615 140.454 -229.059 0.591718 -0.661616 0.4606 
82.8917 -211.556 -220.281 -0.331137 0.845126 0.419676 
-123.654 133.363 -234.175 0.598237 -0.645209 0.475221 
113.541 -136.687 -235.943 -0.546714 0.658166 0.517628 
-115.984 178.076 -215.837 0.498524 -0.76541 0.406987 
57.8357 -256.845 -211.547 -0.204767 0.909357 0.362158 
-128.663 75.3124 -222.363 0.736686 -0.431215 0.520926 
131.982 50.5788 -248.882 -0.742069 -0.28438 0.607024 
-46.1272 167.97 -196.569 0.232122 -0.845261 0.481322 
-32.2437 -101.649 -192.538 0.242874 0.765663 0.595642 
-8.4016 32.3682 -159.401 0.17136 -0.660183 0.731308 
32.4972 -58.0084 -192.369 -0.353344 0.630729 0.690902 
-39.3067 135.807 -211.085 0.236767 -0.818042 0.524181 
97.4603 -136.658 -245.147 -0.496647 0.696394 0.518068 
-43.4019 217.997 -218.48 0.177615 -0.892117 0.415448 
125.342 -89.6868 -244.964 -0.682854 0.488607 0.543131 
-115.15 67.1682 -244.289 0.677446 -0.395161 0.620429 
24.6664 -272.156 -216.834 -0.0846617 0.934115 0.346812 
-133.627 41.7992 -217.011 0.801458 -0.250701 0.542983 
134.99 -44.0491 -242.273 -0.75563 0.246572 0.60683 
18.67 283.432 -204.65 -0.0621338 -0.943259 0.326218 
125.622 -17.1872 -216.967 -0.81938 0.112105 0.562197 
65.4109 -202.417 -230.509 -0.281132 0.869974 0.405125 
-117.449 -7.63508 -251.96 0.749256 0.0487074 0.6605 
10.8024 -174.772 -187.21 -0.0545102 0.88192 0.468254 
31.4564 67.0996 -183.234 -0.309556 -0.660314 0.684235 
-0.34683 -5.9387 -126.461 0.0318169 0.544794 0.837976 
-9.20833 17.3916 -154.114 0.271938 -0.513602 0.813806 
15.8647 -67.0166 -168.528 -0.173117 0.731292 0.659742 
-29.8314 91.9819 -197.109 0.246978 -0.76153 0.599242 
63.8915 -131.401 -227.904 -0.369107 0.759116 0.536209 
-80.6698 187.596 -235.042 0.35265 -0.820079 0.450695 
113.929 -183.604 -234.047 -0.475259 0.765913 0.433039 
-72.7643 253.23 -215.39 0.257891 -0.897497 0.357782 
125.129 -68.5055 -189.794 -0.762736 0.417583 0.493837 
-103.377 207.545 -210.969 0.407265 -0.817648 0.406945 
116.288 -165.122 -220.25 -0.521833 0.74097 0.422695 
-107.666 180.18 -228.132 0.457045 -0.764869 0.453986 
125.722 -121.202 -209.534 -0.6409 0.617858 0.455538 
-109.703 187.42 -222.574 0.453844 -0.77536 0.439158 
123.99 -124.811 -208.998 -0.629153 0.633322 0.450651 
-121.34 159.363 -227.879 0.534085 -0.701445 0.471958 
119.026 -133.168 -195.569 -0.602714 0.674323 0.426663 
-91.9426 225.946 -211.592 0.347216 -0.853274 0.389077 
125.212 -115.834 -215.854 -0.64858 0.600004 0.468355 
-135.172 75.0222 -240.267 0.715919 -0.397346 0.574102 
49.2977 -267.821 -195.821 -0.171647 0.93251 0.317771 
-125.006 82.2749 -184.482 0.735113 -0.483828 0.474907 
5.88741 -278.464 -189.643 -0.0199754 0.944803 0.327056 
70.4084 182.818 -230.379 -0.318732 -0.827598 0.46207 
72.3808 -61.3869 -239.895 -0.57787 0.490098 0.6526 
-71.3706 -23.228 -234.449 0.639954 0.208277 0.73966 
46.0888 -24.8082 -204.338 -0.542533 0.29203 0.78765 
6.63778 128.31 -181.578 -0.0435331 -0.841508 0.538503 
9.01311 -62.913 -169.202 -0.10755 0.750715 0.651826 
-43.6355 79.7113 -209.178 0.370973 -0.677677 0.634941 
49.8288 -155.108 -219.302 -0.265318 0.825885 0.497532 
-111.496 138.847 -246.5 0.541012 -0.673726 0.503406 
39.3493 -227.539 -215.622 -0.155875 0.901353 0.404083 
-116.245 110.59 -247.285 0.614701 -0.584796 0.529314 
108.27 -79.6015 -242.471 -0.637126 0.468424 0.612101 
-48.9915 260.257 -220.877 0.172759 -0.917746 0.35765 
135.964 -95.1057 -221.502 -0.710072 0.49669 0.499114 
-30.7332 259.61 -204.341 0.109584 -0.925674 0.362127 
16.7198 -199.696 -222.072 -0.0754533 0.901192 0.426822 
-104.93 117.378 -247.427 0.557788 -0.623963 0.547321 
33.1032 -238.622 -218.404 -0.126488 0.911781 0.390733 
-128.882 67.088 -241.114 0.736283 -0.383262 0.557687 
120.722 2.28098 -249.423 -0.752896 -0.0142255 0.657998 
45.6575 191.993 -199.477 -0.206277 -0.867408 0.452846 
-59.7776 -13.8385 -211.03 0.598904 0.138646 0.788738 
-7.09672 -102.12 -150.229 0.0553056 0.795837 0.602994 
17.8205 18.4963 -153.746 -0.351521 -0.36485 0.862169 
-1.36022 0.534983 -136.504 0.320033 -0.125871 0.939017 
4.28361 -29.3122 -118.128 -0.0814286 0.557205 0.826383 
2.08109 23.3901 -119.18 -0.0476063 -0.535064 0.843479 
0.748852 -7.84179 -115.872 -0.0451477 0.472776 0.880035 
-3.18131 16.6493 -125.828 0.103045 -0.539284 0.835806 
5.03406 -30.5239 -137.402 -0.103003 0.62456 0.774166 
-9.06223 43.2514 -153.271 0.142 -0.677724 0.721487 
21.2736 -68.5337 -180.77 -0.224917 0.724576 0.651475 
-48.3408 112.328 -215.846 0.325603 -0.756595 0.567066 
73.3824 -164.733 -233.322 -0.356068 0.799319 0.484068 
-102.737 187.677 -237.669 0.43118 -0.787663 0.440099 
89.3567 -232.421 -222.824 -0.331846 0.863145 0.380625 
-127.572 131.407 -203.153 0.625418 -0.64422 0.440285 
17.0543 -280.87 -197.249 -0.0572532 0.942916 0.3281 
-104.223 171.912 -237.064 0.464911 -0.766853 0.442506 
110.762 -120.721 -239.835 -0.566845 0.61781 0.54499 
-105.656 206.431 -219.414 0.419845 -0.820295 0.388411 
73.5163 -252.71 -213.699 -0.260719 0.896215 0.358943 
-120.713 50.2942 -184.219 0.79514 -0.33129 0.507953 
143.441 -59.2265 -230.487 -0.762311 0.314757 0.565532 
-33.1898 262.494 -176.377 0.119696 -0.946661 0.299205 
108.748 -45.9379 -155.086 -0.802165 0.338856 0.491655 
-65.4222 252.624 -186.4 0.235582 -0.909685 0.34204 
-11.854 -253.627 -224.184 0.0434252 0.929118 0.367247 
-132.242 64.1686 -247.125 0.737641 -0.357931 0.572529 
59.6639 -200.143 -212.611 -0.256792 0.86141 0.438233 
-50.9807 181.972 -228.881 0.240639 -0.858946 0.452019 
83.2814 -165.48 -234.9 -0.393326 0.781536 0.484266 
-117.637 174.089 -234.151 0.502914 -0.744251 0.439528 
50.8647 -260.967 -215.074 -0.178541 0.916022 0.359228 
-128.643 44.626 -211.076 0.797272 -0.276573 0.536546 
132.828 84.5465 -246.957 -0.694962 -0.44235 0.566896 
-95.0363 45.109 -234.22 0.659971 -0.313256 0.68288 
-20.6126 -228.813 -217.057 0.0821269 0.911665 0.402666 
-101.922 76.4434 -250.509 0.641005 -0.480765 0.598326 
94.9083 0.632782 -244.63 -0.70486 -0.00469951 0.709343 
0.292031 151.931 -179.141 -0.001662 -0.864665 0.502363 
-23.0442 -51.5903 -169.459 0.279914 0.626659 0.727298 
0.011723 -1.56131 -119.447 0.00367182 -0.489029 0.87227 
7.65478 -16.7899 -146.28 -0.2373 0.52049 0.820241 
-12.0385 58.8198 -160.944 0.146926 -0.717876 0.680502 
23.1508 -78.359 -186.484 -0.220762 0.747218 0.626854 
-55.8042 117.423 -222.012 0.355787 -0.748645 0.559432 
72.437 -176.86 -232.502 -0.335158 0.818311 0.466962 
-114.108 172.758 -238.4 0.492047 -0.74495 0.450506 
58.9031 -256.301 -217.848 -0.208679 0.908008 0.363307 
-128.948 51.2421 -204.672 0.791514 -0.314537 0.524013 
140.098 -34.3722 -239.66 -0.777334 0.190714 0.599498 
38.811 278.153 -201.334 -0.130535 -0.935524 0.328289 
121.051 -100.748 -238.532 -0.656809 0.546646 0.51942 
-115.244 -81.8303 -250.288 0.65417 0.464502 0.596922 
68.0397 36.5749 -226.774 -0.598436 -0.321691 0.733762 
-39.4028 27.8373 -192.817 0.498164 -0.351944 0.792455 
-7.44505 -115.248 -177.316 0.0533455 0.825775 0.561486 
-10.294 56.7994 -167.711 0.132688 -0.732131 0.668128 
40.9991 -80.5829 -205.817 -0.351163 0.690202 0.632711 
-54.098 152.937 -222.37 0.28863 -0.815967 0.500906 
107.489 -153.256 -244.441 -0.501673 0.715278 0.486537 
-46.4646 239.979 -219.676 0.175152 -0.90462 0.38859 
131.466 -66.2561 -233.259 -0.749181 0.377571 0.544229 
-127.52 4.42791 -248.448 0.765429 -0.0265782 0.642985 
-62.3251 -208.876 -208.762 0.258058 0.864854 0.43064 
73.0901 11.4507 -221.926 -0.640122 -0.100285 0.761711 
25.0102 122.42 -168.178 -0.165032 -0.807803 0.565894 
-26.2714 -12.4736 -172.025 0.454369 0.215733 0.864306 
13.052 -25.9255 -134.588 -0.252172 0.500894 0.827968 
7.57186 42.3038 -130.91 -0.110497 -0.617346 0.778904 
-0.33572 -6.15504 -114.709 0.0250466 0.4592 0.887989 
-2.13991 8.60438 -122.294 0.119837 -0.481855 0.868027 
4.75532 -27.7891 -133.896 -0.103621 0.605537 0.789053 
-6.76437 38.8567 -146.538 0.115636 -0.664247 0.738527 
15.4444 -56.5792 -169.28 -0.192875 0.706578 0.680855 
-37.0307 94.9682 -203.685 0.291229 -0.74688 0.597807 
66.2304 -145.7 -229.766 -0.35527 0.781555 0.512809 
-90.6146 186.759 -237.494 0.390112 -0.804032 0.448734 
103.318 -207.807 -229.515 -0.406573 0.817757 0.407418 
-109.463 206.197 -213.186 0.432773 -0.815218 0.384895 
102.102 -208.781 -193.818 -0.409824 0.838019 0.360258 
-104.61 164.703 -169.725 0.497935 -0.78397 0.370767 
71.8351 -218.4 -160.116 -0.296468 0.901349 0.315743 
-74.5559 43.6001 -104.804 0.767888 -0.449059 0.45685 
32.1675 -256.133 -157.789 -0.118687 0.94504 0.30468 
114.757 178.966 -234.653 -0.481347 -0.75067 0.452566 
-32.4482 -134.514 -210.134 0.200113 0.829571 0.52133 
-71.5141 36.2377 -239.646 0.630811 -0.319646 0.707051 
64.143 -40.1961 -222.851 -0.579809 0.363345 0.729259 
-0.235606 175.069 -202.285 0.00119065 -0.88472 0.46614 
61.001 -103.209 -229.761 -0.414991 0.70213 0.578631 
-59.9444 118.214 -216.623 0.37293 -0.735438 0.565748 
87.8 -169.889 -240.313 -0.405331 0.784296 0.469685 
-63.8449 214.615 -225.404 0.258903 -0.870304 0.418995 
133.113 -90.7128 -231.555 -0.707646 0.482241 0.516428 
-109.719 154.957 -230.657 0.503158 -0.710615 0.491808 
118.281 -168.473 -221.928 -0.520667 0.741608 0.423014 
-71.9919 234.68 -216.585 0.270019 -0.880211 0.390302 
127.984 -103.924 -229.99 -0.672195 0.545831 0.500239 
-129.68 50.99 -245.291 0.735821 -0.289324 0.612271 
-11.6053 -281.165 -209.494 0.0388611 0.941495 0.334804 
-127.528 21.4485 -223.453 0.812336 -0.136624 0.566975 
-13.4005 225.315 -226.297 0.054763 -0.920782 0.386235 
108.585 -78.4271 -248.216 -0.642924 0.464363 0.609124 
-13.6646 252.932 -217.288 0.0500241 -0.925945 0.374354 
127.783 -52.4709 -241.675 -0.75797 0.311242 0.57326 
-112.197 -71.7186 -249.653 0.663252 0.423963 0.616741 
72.4541 -1.75065 -227.567 -0.649643 0.0156968 0.760089 
15.9697 132.65 -173.737 -0.100653 -0.836054 0.539351 
-19.2166 -32.484 -161.214 0.30906 0.52244 0.794705 
-8.4245 -10.8465 -121.486 -0.205958 -0.265169 0.941957 
6.73484 -8.82765 -122.652 0.210108 -0.275399 0.938098 
5.29595 -16.5085 -128.66 -0.164217 0.511896 0.843216 
-3.19971 36.1533 -135.316 0.0570324 -0.644407 0.762564 
5.99571 -35.0066 -144.674 -0.111826 0.65291 0.749147 
-15.6578 54.2486 -168.746 0.201254 -0.697274 0.687985 
35.5125 -94.8118 -201.986 -0.281223 0.750812 0.597672 
-67.1481 142.874 -230.443 0.36407 -0.774647 0.5171 
85.31 -190.581 -235.847 -0.365793 0.817175 0.445464 
-113.169 189.462 -231.44 0.464495 -0.77763 0.423737 
80.363 -248.057 -213.509 -0.287844 0.888493 0.357411 
-123.472 84.5761 -185.191 0.727221 -0.498134 0.47226 
46.4275 -265.535 -195.461 -0.161787 0.92532 0.342966 
-15.2759 235.537 -225.734 0.0597029 -0.92055 0.386057 
118.837 -119.41 -248.079 -0.598011 0.600891 0.530406 
-23.3499 254.596 -215.444 0.0847685 -0.924275 0.37222 
126.097 -71.5766 -242.155 -0.722491 0.410108 0.556628 
-116.975 -40.6332 -250.559 0.721239 0.250533 0.645806 
52.67 -128.379 -198.071 -0.317276 0.773334 0.548916 
13.2575 117.654 -188.895 -0.0934597 -0.829415 0.550775 
44.0403 -64.823 -214.256 -0.42057 0.619037 0.663273 
-45.9803 98.8689 -204.144 0.336983 -0.724596 0.601182 
63.6128 -157.336 -230.915 -0.326403 0.807304 0.491669 
-79.0488 186.088 -233.482 0.348304 -0.819937 0.454318 
123.07 -161.02 -233.913 -0.542013 0.709151 0.450936 
-39.1317 265.035 -212.7 0.136482 -0.924378 0.356251 
129.351 -57.4504 -225.612 -0.767546 0.3409 0.542842 
-120.745 -106.563 -248.52 0.624183 0.55087 0.554036 
57.6517 79.7595 -219.057 -0.447213 -0.618706 0.645926 
-1.86155 -24.1619 -145.336 0.050628 0.657124 0.752092 
-21.9139 23.8877 -185.765 0.413309 -0.450536 0.791334 
22.7466 -82.8866 -177.404 -0.206044 0.750804 0.62758 
-28.7381 104.708 -199.536 0.217083 -0.790945 0.5721 
71.2766 -129.191 -232.721 -0.406641 0.737046 0.539837 
-69.5013 199.797 -230.393 0.29562 -0.849826 0.436374 
128.47 -137.942 -235.778 -0.599504 0.643704 0.475666 
-29.8849 257.235 -210.85 0.107313 -0.923698 0.367808 
105.886 -142.565 -244.51 -0.519543 0.699515 0.490684 
-103.656 104.836 -239.547 0.574443 -0.580985 0.576618 
88.2743 -228.671 -225.571 -0.332896 0.862353 0.381502 
-105.259 213.763 -221.971 0.406208 -0.824943 0.393042 
118.391 -162.871 -195.285 -0.538788 0.741211 0.400414 
-47.2608 270.526 -188.921 0.163243 -0.934422 0.316582 
101.57 -15.929 -156.111 -0.843859 0.13234 0.520005 
-43.7603 -261.395 -212.338 0.15566 0.929811 0.333525 
-138.754 59.5484 -241.404 0.759071 -0.325767 0.563652 
-1.55598 -246.107 -203.219 0.0058455 0.924574 0.380979 
41.0722 124.478 -208.041 -0.261755 -0.793308 0.549695 
30.3889 -48.5764 -200.351 -0.379863 0.607207 0.697869 
-48.7162 50.7052 -210.034 0.483929 -0.503687 0.715632 
23.2063 -162.421 -206.822 -0.12391 0.867246 0.482233 
-101.191 102.206 -249.311 0.579937 -0.58575 0.566204 
66.9499 -151.356 -218.817 -0.347933 0.786586 0.510139 
-93.5524 166.82 -241.982 0.4319 -0.77015 0.469412 
61.0909 -203.072 -221.952 -0.259438 0.862398 0.434716 
-127.534 103.72 -240.916 0.663241 -0.539395 0.518827 
110.984 -122.635 -237.041 -0.563815 0.623002 0.542216 
-106.267 202.898 -221.404 0.426605 -0.814525 0.393159 
68.3234 -252.022 -215.734 -0.243553 0.898386 0.365515 
-125.245 49.3494 -198.196 0.794438 -0.313027 0.52048 
142.017 22.3229 -241.301 -0.790466 -0.124249 0.599785 
73.9984 207.412 -204.028 -0.303511 -0.850719 0.429157 
-70.8168 99.9999 -200.082 0.460044 -0.649625 0.605279 
-52.7466 -89.5787 -201.526 0.389979 0.662294 0.639766 
16.7546 12.6085 -168.956 -0.407406 -0.30659 0.860256 
-3.26644 1.30467 -151.056 0.369028 -0.147396 0.917665 
7.42815 -34.5704 -130.873 -0.130069 0.605338 0.78528 
0.707395 35.3756 -131.839 -0.0126731 -0.633759 0.773438 
3.69729 -22.2436 -134.512 -0.0990359 0.595819 0.797 
-10.7131 40.5639 -155.076 0.174315 -0.660028 0.730749 
21.6454 -73.2664 -181.867 -0.217575 0.73646 0.640551 
-50.9692 113.772 -218.493 0.337464 -0.753277 0.564543 
70.1155 -168.857 -231.418 -0.336717 0.810905 0.478615 
-111.427 172.921 -239.574 0.482749 -0.749172 0.453555 
61.0654 -252.551 -219.444 -0.218505 0.903682 0.368283 
-130.127 57.0301 -207.001 0.781865 -0.342663 0.520851 
137.666 -69.9041 -237.362 -0.730106 0.370734 0.574037 
-47.3577 265.712 -190.911 0.166652 -0.935042 0.312956 
123.623 -84.27 -181.196 -0.729411 0.497217 0.469842 
2.24536 279.578 -187.36 -0.00760168 -0.946512 0.322606 
-77.5721 -179.837 -232.478 0.350332 0.812181 0.466526 
-59.4972 78.4243 -230.356 0.472801 -0.623207 0.622968 
73.2048 -7.83172 -234.913 -0.659037 0.0705062 0.74881 
-17.7298 119.788 -174.952 0.121708 -0.822297 0.555906 
-6.95481 -69.4247 -162.853 0.0755468 0.754128 0.652381 
-17.999 42.5907 -175.979 0.271609 -0.642702 0.716366 
34.2338 -91.1406 -196.352 -0.278816 0.742292 0.609329 
-65.0949 139.34 -230.435 0.361297 -0.773383 0.520922 
71.2849 -188.658 -230.817 -0.315372 0.834641 0.451589 
-126.027 144.873 -236.976 0.578976 -0.665556 0.470999 
32.4886 -256.584 -212.126 -0.116771 0.922217 0.368643 
-116.979 118.981 -244.454 0.602271 -0.612581 0.511891 
115.066 -56.0713 -246.194 -0.695361 0.338848 0.633776 
2.96908 267.072 -216.259 -0.0103829 -0.933956 0.35726 
128.51 -34.4982 -236.957 -0.787835 0.211492 0.578449 
-80.0829 -163.774 -237.868 0.384754 0.786842 0.482557 
-90.9061 -1.85042 -249.674 0.723611 0.0147293 0.690063 
13.6354 95.4631 -193.968 -0.116442 -0.815226 0.567331 
62.6871 -16.6939 -232.681 -0.635024 0.169111 0.753766 
-47.4241 59.9289 -201.802 0.444665 -0.561914 0.697527 
19.9971 -155.068 -206.056 -0.111476 0.864448 0.490224 
-100.391 100.421 -249.134 0.580172 -0.580344 0.571506 
53.6771 -169.13 -213.002 -0.265153 0.835467 0.481359 
-84.0062 155.367 -240.852 0.414837 -0.767229 0.48917 
62.5157 -181.449 -221.834 -0.288566 0.837551 0.463957 
-122.329 122.22 -244.053 0.609898 -0.609354 0.506684 
85.998 -174.558 -225.543 -0.389399 0.7904 0.47292 
-116.496 157.021 -238.152 0.529285 -0.713406 0.459267 
77.2792 -202.704 -222.421 -0.320933 0.841809 0.434024 
-124.57 126.45 -237.409 0.612521 -0.621766 0.488101 
109.046 -141.761 -234.656 -0.523235 0.68021 0.513377 
-117.235 175.034 -221.023 0.505977 -0.755435 0.41632 
59.7486 -250.182 -213.706 -0.215625 0.902873 0.371947 
-128.711 87.6225 -228.638 0.708029 -0.482005 0.516124 
130.9 6.57053 -248.53 -0.772114 -0.0387563 0.634315 
56.9529 202.422 -203.121 -0.243366 -0.864971 0.438879 
-72.0534 14.0274 -216.544 0.634771 -0.123578 0.762765 
-45.0193 -136.073 -194.935 0.263735 0.797154 0.543144 
24.1807 26.1732 -174.133 -0.394776 -0.427306 0.813375 
-0.803776 -0.0606999 -152.034 0.376308 0.0284182 0.926068 
6.2342 -10.2097 -134.075 -0.251104 0.411229 0.876273 
-1.40291 41.9732 -133.087 0.0219121 -0.655581 0.754818 
2.38914 -27.359 -133.583 -0.0540095 0.618484 0.78395 
-8.73863 34.5412 -150.236 0.162492 -0.642284 0.749056 
19.1847 -65.6123 -176.31 -0.211002 0.721634 0.659348 
-43.7995 106.481 -211.746 0.310836 -0.755676 0.5765 
70.0603 -157.189 -231.674 -0.353617 0.793382 0.495497 
-100.168 185.324 -238.507 0.425718 -0.787635 0.445436 
89.1765 -230.041 -224.714 -0.333512 0.860333 0.385505 
-128.093 135.685 -206.725 0.616477 -0.653015 0.439938 
19.0512 -280.474 -198.726 -0.0639822 0.941951 0.329624 
-113.923 149.271 -237.087 0.537485 -0.704253 0.463847 
120.805 -75.3207 -245.232 -0.678638 0.423125 0.60036 
-38.0197 273.788 -213.485 0.129426 -0.932025 0.33852 
132.36 -57.6568 -206.367 -0.783513 0.341302 0.519266 
-111.56 181.3 -220.513 0.469104 -0.762358 0.445836 
117.373 -164.996 -218.979 -0.525634 0.738903 0.421602 
-95.0999 205.847 -222.572 0.380107 -0.822755 0.422622 
127.915 -108.613 -217.537 -0.66933 0.56833 0.478556 
-129.925 110.183 -236.674 0.643407 -0.545639 0.536957 
99.7542 -203.337 -195.544 -0.410734 0.837233 0.361046 
-75.1221 254.352 -202.347 0.266043 -0.900782 0.343264 
106.666 -36.164 -159.475 -0.817469 0.277154 0.504923 
-147.185 -3.28956 -224.839 0.818134 0.0182852 0.574752 
-94.3093 -230.509 -198.854 0.351272 0.858572 0.37347 
112.589 -84.2535 -227.865 -0.640155 0.479044 0.600612 
21.4134 242.632 -221.71 -0.0811365 -0.919346 0.385016 
124.831 -28.5015 -247.817 -0.775354 0.17703 0.60622 
-95.6471 -88.9817 -244.597 0.581756 0.541215 0.607177 
27.1978 58.6772 -188.064 -0.306321 -0.660865 0.685158 
7.70431 -13.6694 -163.561 -0.293976 0.521589 0.800962 
-28.2906 32.01 -188.244 0.420423 -0.475696 0.772641 
17.3661 -113.576 -186.344 -0.125271 0.819288 0.559546 
-52.6882 107.152 -221.926 0.361426 -0.735034 0.573684 
52.1378 -153.085 -217.5 -0.278654 0.818174 0.502952 
-111.84 134.671 -246.925 0.550689 -0.663108 0.506998 
50.4485 -209.093 -215.768 -0.212092 0.879053 0.426965 
-107.026 135.118 -246.343 0.535988 -0.676672 0.504826 
89.4635 -141.637 -230.721 -0.455022 0.720381 0.523473 
-112.393 175.887 -235.815 0.483916 -0.757293 0.438576 
57.6166 -236.502 -218.293 -0.217771 0.893896 0.391846 
-129.31 86.6107 -234.547 0.706678 -0.473326 0.525914 
127.183 -24.4044 -247.666 -0.756686 0.145196 0.637465 
56.0351 239.91 -213.479 -0.209446 -0.896727 0.38991 
-42.249 -117.101 -208.659 0.280566 0.777639 0.562652 
-29.6207 43.7987 -199.913 0.393546 -0.581917 0.711696 
47.9459 -43.0094 -210.465 -0.5045 0.452557 0.735315 
-15.4391 153.073 -199.374 0.0871674 -0.864229 0.495508 
76.9156 -106.493 -239.435 -0.480155 0.664795 0.57229 
-57.9228 140.818 -215.18 0.323573 -0.786647 0.525836 
92.9402 -157.344 -242.849 -0.444839 0.753095 0.484751 
-56.8152 202.149 -220.66 0.243524 -0.866458 0.435848 
125.514 -104.979 -243.38 -0.653862 0.546885 0.522875 
-108.258 120.976 -236.98 0.558168 -0.623737 0.547191 
104.333 -205.897 -223.864 -0.415385 0.81975 0.394312 
-71.0984 249.079 -217.3 0.255123 -0.893771 0.368921 
125.608 -53.2215 -197.128 -0.788853 0.334245 0.51576 
-142.414 24.4968 -237.893 0.79061 -0.135993 0.597041 
-58.3329 -267.302 -201.958 0.200497 0.91875 0.340172 
-12.4398 212.309 -224.431 0.0533456 -0.910442 0.410204 
104.687 -116.416 -246.835 -0.558275 0.62082 0.55039 
-39.7459 245.257 -220.54 0.147829 -0.912196 0.382181 
132.956 -57.3797 -231.18 -0.767552 0.331251 0.548775 
-128.707 16.1912 -247.315 0.76407 -0.0961196 0.637946 
-63.938 -230.115 -213.173 0.245139 0.882263 0.401915 
68.0637 71.7725 -222.22 -0.511902 -0.539796 0.668277 
-29.7819 -10.349 -190.603 0.506509 0.176008 0.844089 
17.8648 -22.5246 -158.157 -0.350967 0.442513 0.82524 
1.96938 68.3482 -151.204 -0.0214308 -0.743768 0.668107 
4.7396 -35.9884 -146.503 -0.0880366 0.668472 0.73852 
-20.0572 54.4579 -176.297 0.250411 -0.679898 0.689239 
38.9055 -106.718 -206.187 -0.280058 0.768201 0.575719 
-77.1876 147.257 -236.248 0.399598 -0.762345 0.509086 
73.7155 -206.77 -230.817 -0.303687 0.851833 0.426816 
-130.505 134.023 -231.254 0.614952 -0.631529 0.472253 
29.2111 -260.462 -209.159 -0.10384 0.925893 0.363258 
-95.8194 161.485 -242.259 0.450494 -0.759219 0.469743 
93.406 -135.732 -233.941 -0.480211 0.697814 0.53148 
-113.368 181.178 -232.354 0.479357 -0.766078 0.428204 
55.561 -247.934 -217.01 -0.202543 0.903826 0.376951 
-130.395 68.3324 -226.193 0.749694 -0.39287 0.532569 
130.983 29.4197 -248.97 -0.760966 -0.170919 0.625887 
19.8663 194.986 -188.461 -0.090861 -0.891791 0.443249 
-60.7663 -12.994 -209.571 0.600485 0.128405 0.78927 
-15.8324 -104.746 -153.531 0.119276 0.789115 0.602568 
19.7081 12.2297 -159.101 -0.402412 -0.249714 0.880752 
-9.1053 11.5883 -132.05 0.281777 -0.358618 0.889951 
-4.2122 -41.5629 -124.862 0.0623566 0.615289 0.785842 
0.960881 10.8098 -115.491 -0.0419832 -0.472304 0.880445 
1.32413 -6.40634 -118.211 -0.0956205 0.462625 0.881392 
-3.9218 22.4677 -129.141 0.10014 -0.573696 0.812934 
5.29962 -33.5301 -140.266 -0.101325 0.641069 0.760777 
-10.9306 46.7905 -158.364 0.16036 -0.686452 0.709285 
26.1857 -77.3481 -188.876 -0.248437 0.733839 0.632279 
-55.5517 124.147 -222.215 0.341861 -0.763993 0.547232 
78.394 -175.416 -235.042 -0.360538 0.806746 0.468179 
-107.213 189.49 -235.853 0.443896 -0.784549 0.432962 
86.4482 -238.713 -219.327 -0.316168 0.873047 0.371274 
-127.056 113.337 -196.526 0.665673 -0.593798 0.451997 
16.4548 -278.596 -195.667 -0.0556336 0.941935 0.331181 
-31.9608 226.447 -227.61 0.128411 -0.909809 0.394685 
104.883 -147.58 -243.012 -0.500771 0.704628 0.502737 
-85.9891 234.112 -224.095 0.318971 -0.868422 0.379628 
127 -152.535 -212.005 -0.577677 0.693827 0.430012 
-31.7895 279.768 -198.791 0.10677 -0.939649 0.325079 
122.159 -37.0665 -201.341 -0.808063 0.24519 0.535662 
-40.0824 -245.584 -225.933 0.149881 0.918316 0.3664 
-126.734 58.6349 -251.785 0.727319 -0.336503 0.598155 
9.34037 -218.896 -202.972 -0.0388201 0.909769 0.413317 
9.3124 123.334 -194.98 -0.063669 -0.843233 0.533781 
69.5166 -64.8012 -235.859 -0.550207 0.512886 0.658967 
-47.7329 119.1 -204.586 0.307531 -0.767328 0.562716 
58.5066 -155.015 -228.864 -0.307124 0.813735 0.493485 
-75.101 176.931 -231.943 0.345278 -0.813441 0.468096 
122.633 -155.962 -236.891 -0.548683 0.697804 0.460472 
-37.3052 258.436 -213.658 0.132963 -0.921118 0.365895 
127.503 -80.7779 -237.046 -0.712648 0.45149 0.536942 
-123.363 -31.1924 -250.541 0.744214 0.188175 0.640901 
13.1676 -175.295 -185.201 -0.0662289 0.881675 0.467205 
40.5032 56.6374 -191.127 -0.403253 -0.563886 0.72072 
-6.77914 -4.18949 -157.388 0.376578 0.232724 0.896686 
0.612064 -0.3885 -143.511 -0.329758 0.20931 0.920579 
-6.37091 33.9667 -130.331 0.114039 -0.608003 0.785713 
0.400561 -34.0692 -132.331 -0.0074506 0.633701 0.773553 
-4.7929 25.8599 -138.609 0.113632 -0.613094 0.781806 
12.6899 -46.7408 -160.791 -0.184267 0.67871 0.710926 
-26.874 82.4347 -190.5 0.242954 -0.74525 0.620962 
59.222 -125.89 -225.177 -0.357062 0.759017 0.544441 
-74.6973 181.49 -233.118 0.337862 -0.820895 0.460433 
116.721 -171.284 -237.151 -0.503268 0.738528 0.448682 
-54.5117 259.891 -216.251 0.191563 -0.913297 0.359458 
128.299 -44.991 -205.529 -0.799982 0.280532 0.530423 
-139.619 -25.2329 -243.849 0.782565 0.14143 0.606305 
-63.2369 -204.797 -200.764 0.26579 0.860775 0.434096 
72.3771 -70.3455 -204.922 -0.533192 0.518226 0.668704 
47.0669 112.773 -199.702 -0.312136 -0.747882 0.585885 
-8.99952 -26.4752 -149.374 0.199217 0.586067 0.785401 
-1.82385 3.8974 -140.251 0.220851 -0.471939 0.853531 
14.6894 -41.3912 -159.235 -0.226316 0.637704 0.736296 
-17.4701 79.9866 -178.635 0.166846 -0.7639 0.623407 
50.7454 -104.74 -218.535 -0.354947 0.732625 0.580767 
-58.1375 164.687 -224.195 0.291108 -0.824626 0.485042 
117.803 -141.982 -244.547 -0.556253 0.670426 0.491049 
-38.2153 236.799 -214.832 0.146508 -0.907829 0.392936 
115.368 -115.72 -246.611 -0.602233 0.604074 0.521946 
-109.375 76.9267 -243.15 0.645239 -0.453815 0.614602 
43.2173 -263.209 -220.032 -0.151448 0.922372 0.355402 
-135.991 79.1632 -220.277 0.741597 -0.431698 0.513505 
65.6321 -235.473 -209.8 -0.247378 0.887534 0.388722 
-64.1664 206.807 -233.334 0.269234 -0.867734 0.417813 
85.0364 -180.869 -232.833 -0.377243 0.802383 0.462477 
-128.702 138.847 -228.729 0.602567 -0.650062 0.462979 
42.7031 -253.011 -210.543 -0.154529 0.915566 0.371317 
-103.764 155.861 -242.674 0.488411 -0.733628 0.472506 
98.5803 -132.669 -235.425 -0.504171 0.678511 0.534278 
-112.383 186.726 -229.284 0.468362 -0.778189 0.41842 
57.9113 -250.978 -216.555 -0.2087 0.904472 0.37201 
-129.938 60.1722 -219.224 0.768495 -0.355878 0.531774 
133.335 48.0103 -248.195 -0.74793 -0.269309 0.606704 
-26.5945 184.867 -190.292 0.126833 -0.88166 0.454539 
-46.4929 -69.3852 -198.593 0.40552 0.605192 0.685064 
8.63963 8.38444 -157.443 -0.350964 -0.340598 0.872258 
5.62688 -1.22896 -144.891 0.343026 -0.0749198 0.936343 
5.47869 -10.0435 -134.002 -0.235963 0.432568 0.870186 
-3.14243 41.9435 -136.392 0.0496215 -0.662322 0.747585 
4.3453 -34.1093 -141.316 -0.082994 0.651477 0.754127 
-13.2843 46.964 -163.081 0.192141 -0.679278 0.708294 
30.0664 -85.9123 -194.514 -0.260484 0.744311 0.614953 
-61.9867 132.534 -227.249 0.358353 -0.766195 0.533428 
78.4592 -185.035 -234.32 -0.347647 0.819875 0.454932 
-116.042 177.115 -235.203 0.492094 -0.751083 0.440153 
61.8833 -259.049 -215.553 -0.217077 0.908705 0.356581 
-126.069 49.6804 -195.875 0.796006 -0.313685 0.517682 
141.593 -53.1533 -235.285 -0.762987 0.286422 0.579508 
-13.1858 278.969 -187.64 0.0449826 -0.951687 0.303784 
109.333 -12.093 -163.388 -0.847338 0.0937216 0.522734 
-141.557 -104.295 -232.165 0.690951 0.509069 0.513277 
114.499 -45.95 -239.71 -0.706004 0.283328 0.649077 
20.7775 263.102 -217.726 -0.0733916 -0.929345 0.361869 
125.438 -33.5688 -242.439 -0.778914 0.208448 0.591489 
-62.8876 -166.44 -232.066 0.310816 0.822612 0.476151 
-94.3756 0.368374 -250.999 0.724412 -0.00282759 0.689374 
54.4518 64.161 -219.811 -0.476323 -0.561256 0.67685 
-0.865159 -20.1313 -144.129 0.0280647 0.653033 0.756821 
-24.3411 20.1144 -191.603 0.457339 -0.377925 0.805004 
23.2458 -74.4443 -174.032 -0.226456 0.725222 0.650222 
-19.3318 98.0521 -188.888 0.157225 -0.797454 0.58255 
67.2884 -110.635 -231.245 -0.426441 0.701153 0.571446 
-49.5641 184.442 -220.294 0.230778 -0.858791 0.457424 
123.862 -109.114 -246.311 -0.638093 0.562119 0.526191 
-77.6939 181.645 -221.868 0.348411 -0.814569 0.463794 
107.175 -163.279 -241.613 -0.486545 0.741241 0.462442 
-73.615 194.719 -223.203 0.31657 -0.83736 0.445678 
124.494 -124.659 -239.441 -0.614466 0.615279 0.493843 
-102.626 153.713 -231.932 0.481283 -0.720864 0.498738 
119.592 -165.315 -226.745 -0.528354 0.730355 0.432945 
-66.646 235.528 -216.499 0.250618 -0.885687 0.390854 
126.582 -109.339 -234.789 -0.654581 0.565413 0.501846 
-125.712 61.5899 -245.217 0.712172 -0.348914 0.609169 
12.0951 -281.278 -210.791 -0.0405097 0.942077 0.332966 
-128.482 19.0705 -207.119 0.827515 -0.122827 0.547859 
119.318 145.348 -243.688 -0.551238 -0.671496 0.495224 
15.5063 -133.914 -208.057 -0.0992547 0.857173 0.505391 
-74.0478 76.9713 -232.971 0.531858 -0.552857 0.641477 
33.683 -205.92 -218.556 -0.145872 0.891782 0.428326 
-125.417 84.049 -247.606 0.690625 -0.462828 0.555739 
103.925 -112.872 -236.395 -0.559393 0.607554 0.563893 
-94.5031 218.101 -227.426 0.365969 -0.84461 0.390791 
85.9878 -234.501 -222.178 -0.318091 0.867478 0.382514 
-127.012 87.7401 -195.54 0.722547 -0.499135 0.478339 
73.6632 -243.354 -204.686 -0.269082 0.888942 0.370667 
-87.8581 206.954 -233.135 0.357017 -0.840971 0.406599 
86.3647 -192.483 -228.952 -0.366314 0.816413 0.446431 
-130.764 111.355 -224.455 0.665928 -0.567088 0.484735 
101.281 -187.276 -224.308 -0.425547 0.786872 0.446945 
-123.206 145.033 -224.92 0.578332 -0.680791 0.449525 
103.077 -183.691 -226.824 -0.436577 0.778014 0.451787 
-126.139 129.419 -218.445 0.620692 -0.636832 0.457387 
109.13 -179.548 -226.175 -0.462986 0.761734 0.453236 
-124.554 130.986 -212.466 0.615966 -0.647773 0.448323 
109.444 -185.549 -224.013 -0.455501 0.772247 0.442911 
-124.417 123.128 -208.847 0.633899 -0.627331 0.452376 
119.778 -163.986 -226.967 -0.521765 0.714335 0.466374 
-119.995 130.537 -197.361 0.610536 -0.664174 0.431435 
99.0862 -214.825 -214.403 -0.383497 0.831447 0.402049 
-124.846 113.054 -211.072 0.655951 -0.593993 0.465744 
135.744 -87.0921 -237.721 -0.698782 0.448332 0.557422 
-73.1826 241.766 -190.121 0.273811 -0.904562 0.326822 
118.077 -165.359 -191.251 -0.533612 0.747289 0.396023 
-72.1551 229.444 -169.644 0.284441 -0.904487 0.317828 
87.5387 -54.6017 -122.874 -0.75524 0.471076 0.45576 
-21.0249 266.211 -165.198 0.0749507 -0.949004 0.306253 
-114.205 -165.288 -237.827 0.500058 0.723731 0.475576 
48.7889 104.298 -213.207 -0.342338 -0.731827 0.58928 
18.6114 -36.0891 -183.529 -0.315861 0.612483 0.724647 
-43.1918 34.248 -208.067 0.510018 -0.404407 0.759179 
12.6985 -132.012 -188.145 -0.0812519 0.844686 0.529075 
-38.6446 101.775 -210.052 0.289539 -0.762529 0.578562 
56.0725 -134.668 -219.57 -0.325315 0.781301 0.532688 
-103.219 156.653 -243.984 0.481694 -0.731051 0.483273 
49.3308 -230.877 -220.228 -0.191537 0.896428 0.399685 
-130.75 75.4763 -236.614 0.728637 -0.42061 0.540548 
125.203 -34.3319 -246.979 -0.744304 0.204095 0.635904 
42.9905 256.169 -213.987 -0.153768 -0.916263 0.369913 
40.8425 -163.162 -224.026 -0.214027 0.855019 0.47239 
-77.1765 128.196 -231.48 0.432162 -0.717852 0.54584 
101.063 -190.049 -237.564 -0.422729 0.794947 0.435174 
-75.4366 238.854 -223.594 0.278258 -0.881044 0.382558 
131.171 -84.5247 -206.93 -0.731253 0.471208 0.493203 
-88.3767 221.474 -212.518 0.339789 -0.85152 0.399342 
108.357 -179.567 -232.691 -0.467028 0.773947 0.427677 
-93.3315 185.871 -228.253 0.399846 -0.7963 0.453923 
128.423 -122.76 -224.6 -0.637047 0.608956 0.472611 
-104.887 180.285 -226.421 0.447657 -0.769453 0.455591 
124.462 -139.522 -220.098 -0.594858 0.666835 0.448879 
-102.741 190.849 -224.53 0.425529 -0.790454 0.440597 
126.103 -125.387 -217.263 -0.629619 0.626042 0.460075 
-117.925 158.828 -229.769 0.523721 -0.705381 0.477673 
120.906 -141.629 -203.878 -0.58702 0.687636 0.427295 
-85.2585 230.804 -212.917 0.319434 -0.86474 0.387561 
125.898 -118.33 -222.633 -0.641516 0.602953 0.474259 
-132 76.5695 -241.864 0.705143 -0.409033 0.579208 
50.0725 -269.408 -200.87 -0.172951 0.930537 0.32281 
-127.765 85.2165 -190.95 0.73091 -0.487501 0.47763 
8.83834 -277.544 -192.355 -0.0300329 0.9431 0.331175 
56.901 190.837 -227.004 -0.25531 -0.856268 0.449042 
92.7369 -31.7736 -249.997 -0.701151 0.240229 0.671338 
-65.3324 -63.9935 -229.036 0.528368 0.51754 0.67305 
7.0008 29.9065 -155.495 -0.153119 -0.654105 0.740755 
17.9821 -16.3712 -184.73 -0.428433 0.390051 0.81506 
-26.3058 52.6338 -177.39 0.314453 -0.629171 0.710831 
20.7389 -109.831 -192.151 -0.153393 0.812356 0.562642 
-73.8629 112.375 -236.137 0.452714 -0.68876 0.566283 
44.6673 -181.156 -215.783 -0.21232 0.861105 0.461991 
-115.242 113.189 -248.68 0.604028 -0.593268 0.532166 
84.1574 -153.38 -226.623 -0.414921 0.75621 0.505968 
-109.09 171.253 -239.336 0.479836 -0.753263 0.449855 
62.5272 -220.066 -220.091 -0.248959 0.876221 0.412642 
-127.327 102.388 -238.767 0.667439 -0.536711 0.516221 
120.73 -79.8264 -243.411 -0.670424 0.443284 0.595019 
-53.0342 267.068 -213.162 0.183183 -0.922467 0.339877 
133.589 -100.733 -209.14 -0.700698 0.528365 0.479447 
-8.90822 275.369 -198.838 0.0304072 -0.939942 0.340001 
-9.97905 -206.008 -221.473 0.0438882 0.906033 0.420946 
-113.367 70.2978 -252.829 0.677524 -0.420126 0.603715 
47.6163 -177.584 -208.398 -0.228799 0.8533 0.468558 
-48.0236 159.062 -224.971 0.252946 -0.837795 0.483875 
76.5181 -158.719 -232.496 -0.377313 0.782651 0.495085 
-114.62 172.442 -237.863 0.49481 -0.744427 0.44834 
52.268 -255.479 -217.449 -0.186439 0.911291 0.367159 
-130.258 49.7358 -215.334 0.788467 -0.301057 0.536379 
135.109 43.6017 -247.239 -0.756657 -0.244185 0.606515 
-0.119813 198.017 -187.348 0.000544322 -0.89961 0.436714 
-60.1778 -30.6884 -209.909 0.57103 0.291204 0.767556 
17.4305 -75.7162 -148.177 -0.168297 0.731063 0.661241 
17.4399 38.7455 -148.407 -0.251689 -0.559166 0.789939 
5.4594 10.1954 -112.984 0.149364 0.278936 0.948632 
-6.56038 13.4191 -108.913 -0.125974 0.257677 0.957993 
-2.98599 9.77491 -119.254 0.137657 -0.450632 0.882042 
1.95668 -26.0651 -124.554 -0.0435859 0.580612 0.813023 
-2.71934 23.5 -129.727 0.0683189 -0.590398 0.804226 
6.58408 -31.7042 -143.352 -0.131501 0.633214 0.762735 
-13.8469 53.8583 -165.155 0.180366 -0.701539 0.68944 
32.1394 -88.6611 -197.867 -0.270314 0.745699 0.608999 
-62.8806 136.436 -227.585 0.355609 -0.771588 0.527457 
84.4703 -184.73 -236.357 -0.370581 0.810432 0.453747 
-108.522 195.165 -232.642 0.440605 -0.792382 0.421918 
91.9455 -234.629 -215.792 -0.339203 0.865587 0.3684 
-123.505 127.4 -191.207 0.627896 -0.647702 0.431562 
14.4643 -282.116 -191.143 -0.0485289 0.946519 0.319004 
-106.913 173.271 -233.488 0.473081 -0.766709 0.434014 
116.783 -114.49 -241.02 -0.596957 0.585237 0.548778 
-100.39 216.182 -213.91 0.390665 -0.841264 0.373728 
85.563 -243.656 -211.126 -0.309209 0.880528 0.359272 
-116.632 69.1149 -172.611 0.755441 -0.447666 0.478457 
90.3609 -230.061 -200.158 -0.339064 0.863266 0.37393 
-102.582 197.09 -224.361 0.423356 -0.813393 0.398972 
96.0699 -196.103 -227.267 -0.395623 0.807565 0.437422 
-128.899 105.752 -214.8 0.678836 -0.556932 0.478567 
120.994 -152.253 -229.66 -0.544352 0.684987 0.484243 
-118.73 148.698 -201.883 0.566937 -0.710036 0.41767 
79.2647 -239.186 -210.926 -0.291288 0.878982 0.37757 
-126.197 113.697 -223.248 0.651718 -0.587162 0.480126 
133.253 -55.4356 -243.751 -0.738617 0.307279 0.600035 
0.106231 285.049 -205.012 -0.000352589 -0.946101 0.323899 
124.184 -7.80358 -202.086 -0.83424 0.0524225 0.54892 
15.1609 -246.674 -224.015 -0.0572285 0.93113 0.360193 
-116.548 99.9208 -247.518 0.624813 -0.535676 0.568046 
44.8313 -265.94 -217.364 -0.155594 0.922983 0.352008 
-132.322 55.0477 -209.814 0.785807 -0.326907 0.52503 
130.224 -117.848 -232.472 -0.631404 0.571399 0.52426 
-104.64 189.013 -195.163 0.449596 -0.812113 0.371959 
65.2131 -261.096 -204.541 -0.227398 0.910442 0.345548 
-118.543 40.9287 -187.964 0.806933 -0.278606 0.520821 
121.12 166.474 -236.857 -0.523672 -0.719763 0.455769 
85.408 -111.759 -243.294 -0.508526 0.665425 0.546468 
-89.8134 -49.5495 -244.424 0.645586 0.356166 0.675561 
51.5622 15.0654 -214.98 -0.586037 -0.171227 0.791997 
-29.011 44.2899 -172.56 0.363386 -0.554766 0.748467 
-3.71896 -86.9514 -166.387 0.0336846 0.787566 0.615323 
-14.9423 52.2291 -171.837 0.200471 -0.700724 0.6847 
39.5163 -90.5068 -203.861 -0.316828 0.725652 0.610791 
-65.991 151.102 -230.285 0.34575 -0.791676 0.50371 
90.2045 -186.881 -237.247 -0.388415 0.804698 0.449012 
-106.443 203.36 -229.593 0.422897 -0.807947 0.410362 
101.874 -220.539 -213.018 -0.388895 0.841887 0.374173 
-115.357 167.79 -190.353 0.521473 -0.758501 0.390843 
60.9659 -254.375 -180.84 -0.221164 0.922787 0.315542 
-87.6816 24.0169 -128.451 0.835271 -0.228789 0.499994 
145.523 -13.2829 -208.498 -0.827498 0.0755315 0.556381 
58.3456 248.07 -167.391 -0.21766 -0.925431 0.310191 
9.50129 -261.95 -222.341 -0.0339474 0.93593 0.35057 
-125.213 126.271 -244.976 0.604258 -0.609366 0.513384 
34.7854 -271.13 -213.603 -0.119315 0.929985 0.347719 
-128.724 32.8272 -210.806 0.812653 -0.207242 0.544668 
124.252 125.256 -245.674 -0.601055 -0.605912 0.521173 
-42.0876 -114.682 -211.62 0.284999 0.776576 0.561892 
-48.9535 32.583 -223.768 0.561051 -0.373431 0.738775 
53.5252 -14.7156 -219.603 -0.599488 0.164817 0.783241 
-10.8778 110.423 -170.073 0.0803908 -0.81607 0.57235 
-2.03297 -62.5017 -158.669 0.0242714 0.746199 0.665293 
-22.0838 49.8921 -182.317 0.289453 -0.653939 0.698997 
37.0046 -104.089 -201.527 -0.272206 0.765676 0.582805 
-76.5613 141.779 -236.847 0.406902 -0.753517 0.516391 
60.9251 -201.412 -225.925 -0.260612 0.861555 0.435686 
-131.332 106.196 -237.879 0.668589 -0.540629 0.510613 
76.2028 -205.423 -218.722 -0.314023 0.846523 0.42989 
-105.592 166.426 -240.818 0.476436 -0.750925 0.457315 
82.0381 -182.111 -226.342 -0.364161 0.808374 0.462532 
-125.333 132.097 -235.961 0.603862 -0.63645 0.479894 
92.1939 -185.155 -225.674 -0.396875 0.797052 0.455209 
-123.025 144.048 -232.185 0.576211 -0.674677 0.461312 
95.4799 -186.314 -226.332 -0.406791 0.793791 0.452144 
-125.709 135.02 -227.328 0.603871 -0.648597 0.463334 
103.597 -178.918 -227.494 -0.445231 0.768943 0.458817 
-125.189 137.235 -220.544 0.601203 -0.659052 0.45191 
101.115 -193.339 -223.919 -0.416668 0.796695 0.437815 
-126.113 126.596 -219.23 0.626212 -0.628607 0.461224 
118.208 -155.044 -230.847 -0.530714 0.696094 0.483543 
-120.441 146.188 -204.573 0.576037 -0.699176 0.423499 
78.5935 -238.39 -211.524 -0.289678 0.878651 0.379573 
-125.684 119.088 -225.818 0.637714 -0.604243 0.477732 
131.011 -68.576 -243.325 -0.714827 0.374167 0.590794 
-30.7384 279.779 -204.295 0.103377 -0.940934 0.32245 
125.68 -40.8015 -190.344 -0.812249 0.263694 0.520321 
-135.471 116.302 -226.657 0.651159 -0.55902 0.513328 
101.767 -171.721 -179.549 -0.473816 0.799517 0.369172 
-63.2619 262.466 -198.321 0.220491 -0.914789 0.338469 
119.159 -51.6557 -192.009 -0.786742 0.341054 0.514526 
-115.904 -175.969 -236.661 0.492355 0.747509 0.445909 
-104.525 43.7049 -248.799 0.719512 -0.30085 0.625947 
-4.17271 148.708 -212.805 0.0246662 -0.879062 0.476086 
85.0865 -16.4674 -243.811 -0.684251 0.132428 0.717134 
-30.4395 127.923 -186.926 0.194338 -0.816712 0.543351 
1.50136 -98.5927 -180.624 -0.012417 0.815414 0.57876 
-54.0769 77.5968 -222.271 0.440699 -0.632375 0.637106 
40.0354 -138.382 -205.395 -0.236587 0.817765 0.524694 
-83.9774 137.111 -241.412 0.446316 -0.728707 0.519428 
53.6653 -182.964 -218.197 -0.249746 0.851471 0.46113 
-116.923 120.985 -247.029 0.5947 -0.615358 0.517381 
85.7702 -160.023 -226.952 -0.410428 0.76574 0.495185 
-113.474 164.933 -238.548 0.50527 -0.734399 0.453185 
66.1714 -216.953 -219.944 -0.265257 0.869683 0.416302 
-125.233 113.617 -239.601 0.638908 -0.579648 0.505788 
116.806 -100.731 -241.008 -0.62214 0.536518 0.570181 
-86.6944 236.194 -215.942 0.321249 -0.875228 0.361653 
108.465 -210.635 -215.082 -0.422309 0.820112 0.386121 
-113.585 160.787 -184.269 0.53128 -0.752064 0.390075 
51.3575 -262.401 -180.766 -0.18251 0.932501 0.311688 
-89.3629 13.9037 -135.266 0.848732 -0.132051 0.512088 
94.3111 224.266 -210.363 -0.361264 -0.859065 0.362647 
127.537 46.4181 -217.038 -0.789543 -0.28736 0.542277 
112.124 14.9125 -228.796 -0.796525 -0.105938 0.595266 
89.4421 142.828 -231.413 -0.470906 -0.751978 0.461297 
76.8648 177.786 -236.836 -0.355757 -0.822853 0.443134 
109.383 36.3947 -253.672 -0.722974 -0.240553 0.647658 
-48.1831 -82.6633 -213.888 0.39027 0.66955 0.631989 
-12.4934 25.5343 -173.475 0.289977 -0.59266 0.751455 
38.5072 -19.5856 -207.122 -0.537726 0.273499 0.797538 
-17.5278 94.7014 -171.252 0.145123 -0.78409 0.603456 
8.17575 -78.3384 -172.644 -0.0813517 0.779496 0.621116 
-46.5581 84.1742 -213.998 0.378643 -0.684565 0.622911 
45.9633 -150.649 -214.637 -0.251922 0.825695 0.504757 
-108.745 130.691 -247.638 0.54764 -0.65816 0.516656 
47.974 -205.735 -215.13 -0.204905 0.878729 0.431122 
-104.68 134.703 -246.53 0.528581 -0.680179 0.507914 
86.2174 -143.777 -229.359 -0.439029 0.73213 0.520823 
-111.997 172.771 -237.485 0.487234 -0.751626 0.44461 
57.7305 -232.308 -218.594 -0.221326 0.890617 0.397282 
-128.387 92.4951 -237.008 0.691176 -0.497952 0.523772 
124.959 -41.7496 -246.787 -0.736261 0.24599 0.630417 
31.0209 266.096 -213.568 -0.108136 -0.927588 0.357636 
104.075 -117.262 -247.101 -0.563281 0.634652 0.529101 
-106.283 21.4734 -247.499 0.718406 -0.145146 0.680326 
-33.753 -196.698 -203.011 0.151475 0.882732 0.44481 
30.2596 69.0979 -186.01 -0.297267 -0.678808 0.671468 
1.9134 -11.0344 -137.373 -0.101736 0.586702 0.803397 
-19.9901 34.4865 -174.299 0.327286 -0.564627 0.757692 
23.6409 -100.245 -188.806 -0.1862 0.78955 0.584771 
-63.7074 117.946 -229.668 0.394867 -0.731047 0.556478 
53.1026 -176.001 -220.732 -0.25505 0.845327 0.469455 
-122.169 118.086 -246.108 0.61558 -0.595005 0.516766 
66.6045 -197.361 -218.232 -0.28677 0.849753 0.44238 
-103.166 157.159 -243.417 0.482943 -0.7357 0.474899 
77.5114 -176.939 -225.151 -0.354037 0.808175 0.470667 
-121.815 138.351 -239.75 0.579495 -0.658162 0.480652 
82.8633 -191.732 -223.621 -0.354607 0.820503 0.448382 
-121.143 141.917 -237.562 0.572177 -0.670299 0.472578 
95.5534 -174.052 -228.461 -0.424603 0.773418 0.470696 
-123.914 145.327 -229.598 0.57735 -0.67712 0.456281 
86.8684 -205.107 -222.114 -0.352519 0.832341 0.427733 
-125.456 129.281 -231.455 0.612756 -0.631439 0.475219 
114.897 -140.344 -235.037 -0.54468 0.665315 0.510584 
-117.383 171.721 -213.675 0.514726 -0.752999 0.409959 
59.4063 -255.096 -211.021 -0.211257 0.907155 0.363946 
-128.18 89.2465 -226.454 0.705246 -0.491033 0.511402 
131.968 15.4606 -248.542 -0.771653 -0.0904019 0.6296 
46.8884 199.777 -197.546 -0.205049 -0.873652 0.441254 
-68.8164 14.0404 -213.137 0.625076 -0.127533 0.770086 
-43.9688 -128.8 -192.144 0.268287 0.785906 0.557128 
23.1509 22.0459 -172.776 -0.404701 -0.385384 0.829285 
-3.39471 0.595408 -152.531 0.380729 -0.0667772 0.922282 
8.15085 -25.8277 -129.51 -0.172496 0.54659 0.819452 
1.16871 36.7837 -130.422 -0.0200643 -0.631501 0.775127 
2.39012 -19.7528 -129.517 -0.0701161 0.579465 0.811986 
-7.99098 32.1757 -146.752 0.156651 -0.630754 0.760018 
15.7164 -60.1369 -169.712 -0.187078 0.715828 0.672763 
-36.9715 95.7333 -204.145 0.289389 -0.749339 0.595619 
65.5644 -145.304 -229.17 -0.352895 0.782088 0.513636 
-92.6876 184.497 -238.215 0.400692 -0.797587 0.450908 
97.6588 -215.626 -228.723 -0.377904 0.834394 0.401239 
-119.5 180.501 -212.863 0.504652 -0.762259 0.405345 
66.6149 -260.14 -197.629 -0.234102 0.9142 0.330835 
-106.458 38.9891 -156.296 0.813312 -0.297868 0.499816 
142.429 -91.0863 -215.614 -0.720542 0.460802 0.518168 
-80.2967 160.917 -144.878 0.420261 -0.842217 0.33774 
67.2802 -247.333 -176.514 -0.248722 0.914342 0.319584 
-81.0248 17.0755 -124.082 0.843923 -0.177852 0.506143 
81.7749 234.516 -202.234 -0.309255 -0.886889 0.343229 
131.415 27.9789 -212.39 -0.818477 -0.174258 0.547491 
8.39573 -236.365 -226.052 -0.0328934 0.926047 0.375995 
-110.588 100.766 -247.501 0.606057 -0.552229 0.5725 
40.1347 -259.193 -219.729 -0.142537 0.920518 0.363795 
-133.56 51.4956 -219.938 0.785975 -0.303043 0.538911 
133.794 -50.0243 -242.512 -0.746165 0.278983 0.604503 
5.61916 285.104 -204.432 -0.0186486 -0.946192 0.323093 
124.073 -5.85485 -203.264 -0.833883 0.0393498 0.550553 
46.2502 -231.741 -225.56 -0.181683 0.910339 0.371876 
-119.923 66.6316 -248.938 0.692285 -0.384649 0.610577 
-0.954055 -268.01 -214.837 0.00332624 0.934396 0.356243 
-126.892 47.5402 -239.379 0.766699 -0.287244 0.574178 
90.979 142.218 -241.848 -0.461605 -0.721576 0.51601 
64.8792 -48.1067 -236.095 -0.587274 0.435453 0.682281 
-50.3794 -59.7327 -218.385 0.470646 0.558025 0.68346 
-2.12432 17.8772 -147.022 0.0774111 -0.651453 0.754741 
30.7522 -14.7201 -201.809 -0.522076 0.249901 0.815478 
-26.0549 62.3118 -173.937 0.280686 -0.671276 0.686018 
12.4767 -97.7914 -182.353 -0.102805 0.805772 0.58325 
-58.7718 97.38 -225.777 0.415102 -0.68779 0.595527 
45.1073 -160.467 -213.825 -0.235784 0.838789 0.490771 
-109.138 124.507 -248.258 0.561459 -0.640524 0.523937 
62.1233 -184.338 -217.96 -0.283501 0.841231 0.460406 
-104.215 149.046 -244.808 0.500336 -0.71557 0.487484 
73.7488 -177.889 -223.492 -0.338126 0.815593 0.469571 
-118.825 140.441 -241.926 0.565443 -0.668308 0.48338 
81.2641 -187.583 -223.95 -0.354045 0.817248 0.454725 
-120.455 142.659 -238.669 0.568066 -0.672776 0.474016 
91.2428 -179.504 -227.016 -0.401381 0.789644 0.464083 
-123.621 143.021 -232.524 0.579621 -0.670581 0.46301 
90.6035 -194.387 -224.391 -0.378933 0.812988 0.442129 
-125.232 133.803 -230.68 0.603379 -0.644678 0.469405 
107.596 -163.419 -230.806 -0.482334 0.732577 0.480315 
-123.327 148.873 -218.895 0.573444 -0.69223 0.438174 
81.2351 -225.361 -217.047 -0.31083 0.862298 0.399804 
-125.952 121.544 -229.804 0.630945 -0.608864 0.480843 
125.657 -95.4558 -241.265 -0.656709 0.498872 0.565577 
-81.5665 241.709 -206.149 0.300044 -0.889134 0.345588 
115.455 -191.976 -206.488 -0.474551 0.789073 0.390106 
-97.7079 197.383 -178.256 0.415394 -0.83915 0.351131 
96.6537 -168.358 -159.489 -0.46528 0.810459 0.355932 
-80.8698 172.204 -142.22 0.401034 -0.853959 0.331577 
76.7798 -101.83 -111.86 -0.5591 0.741511 0.370927 
-38.7969 202.73 -124.776 0.180069 -0.940937 0.286759 
28.6665 -2.59314 -53.6023 -0.862445 0.0780158 0.50012 
-2.04716 -221.575 -152.335 0.00885575 0.958507 0.284961 
-136.477 127.573 -211.023 0.648166 -0.60588 0.46131 
70.6817 -210.798 -157.531 -0.301766 0.899977 0.314636 
-96.9567 104.418 -138.673 0.622862 -0.670794 0.40261 
17.6165 -249.848 -150.702 -0.0673501 0.955204 0.288213 
-96.7041 34.6947 -155.118 0.811322 -0.29108 0.506997 
-73.0751 215.416 -204.746 0.300658 -0.886302 0.352266 
139.305 5.61257 -245.368 -0.792543 -0.0319313 0.608994 
50.9428 217.14 -200.824 -0.207542 -0.884632 0.417576 
-78.6357 19.3652 -219.819 0.647468 -0.159449 0.745237 
-50.905 -148.418 -203.144 0.276801 0.80704 0.521617 
25.1948 35.9485 -176.186 -0.362492 -0.51721 0.775313 
5.47181 6.30822 -133.508 0.257325 0.296659 0.919671 
-7.89654 7.76422 -130.948 -0.25688 0.252576 0.932864 
-6.28847 14.6113 -135.305 0.211495 -0.491409 0.844869 
4.68773 -44.2567 -142.117 -0.0717932 0.677798 0.731747 
-8.16379 43.6868 -153.309 0.12795 -0.684699 0.717518 
23.0648 -67.5619 -183.102 -0.24419 0.715286 0.654793 
-48.381 116.243 -215.889 0.318318 -0.764807 0.560144 
78.4996 -163.859 -235.85 -0.377956 0.788941 0.484498 
-94.0751 201.461 -234.857 0.382752 -0.819659 0.426236 
113.317 -196.547 -224.112 -0.456283 0.791421 0.406788 
-89.1652 238.416 -206.293 0.327641 -0.87607 0.353793 
118.037 -105.772 -175.441 -0.669176 0.599643 0.438919 
-8.3158 280.613 -185.64 0.0280991 -0.948193 0.316478 
10.0541 -244.207 -225.559 -0.0381269 0.926076 0.37543 
-121.367 115.857 -248.073 0.612168 -0.584378 0.5327 
19.2797 -257.204 -214.583 -0.0694675 0.926744 0.369238 
-124.078 78.3026 -243.805 0.704153 -0.444376 0.553819 
115.829 32.338 -250.451 -0.727943 -0.203233 0.654838 
-35.6258 148.064 -188.7 0.201112 -0.835843 0.510821 
-23.4703 -86.279 -180.234 0.204724 0.752586 0.625875 
-7.688 27.5446 -155.583 0.177571 -0.636204 0.75082 
28.8078 -59.0169 -187.078 -0.319111 0.653746 0.686149 
-40.2163 127.963 -210.892 0.252924 -0.80477 0.537021 
91.272 -143.472 -242.509 -0.461362 0.725223 0.511091 
-53.6651 221.017 -223.264 0.215078 -0.88579 0.411259 
132.723 -81.5841 -235.272 -0.721585 0.443553 0.531595 
-118.224 113.306 -237.979 0.603236 -0.578144 0.54943 
100.19 -214.596 -214.842 -0.392138 0.839916 0.375214 
-79.3528 247.992 -213.812 0.28408 -0.887804 0.362104 
119.112 -54.9086 -180.098 -0.786435 0.362533 0.500107 
-139.966 101.19 -224.777 0.69122 -0.499728 0.522019 
90.9518 -175.621 -164.942 -0.431017 0.832263 0.348683 
-66.9006 256.595 -188.09 0.238432 -0.914497 0.326899 
96.2054 -22.7132 -147.263 -0.836276 0.197437 0.511544 
-90.61 -228.954 -214.58 0.342776 0.86613 0.363786 
-130.693 -40.2663 -224.084 0.795616 0.245129 0.554008 
-107.59 91.39 -240.691 0.639784 -0.543452 0.543464 
-42.0166 174.622 -227.077 0.209863 -0.872196 0.441869 
96.416 54.1741 -248.163 -0.657015 -0.369163 0.657318 
-48.9475 -38.8055 -212.749 0.520202 0.412415 0.747878 
17.5059 7.47153 -179.83 -0.460998 -0.196754 0.865324 
-9.92338 6.05581 -161.395 0.395974 -0.241646 0.885906 
6.69349 -55.7575 -142.754 -0.0842519 0.701827 0.70736 
-1.11156 41.0983 -141.57 0.0182968 -0.6765 0.736227 
10.4919 -37.7164 -156.755 -0.181928 0.653996 0.734308 
-25.7182 75.3847 -186.845 0.248566 -0.728591 0.638269 
53.6676 -123.137 -221.123 -0.334157 0.7667 0.548204 
-76.4883 172.626 -234.28 0.357017 -0.805749 0.472573 
108.143 -185.749 -236.796 -0.452398 0.77705 0.437661 
-80.2823 243.669 -219.702 0.290779 -0.88256 0.36953 
128.315 -94.7505 -197.438 -0.708838 0.52342 0.472861 
-41.2292 266.079 -199.06 0.143595 -0.92671 0.347284 
25.4119 -225.737 -226.516 -0.102693 0.912232 0.396617 
-110.211 136.508 -245.674 0.538616 -0.667135 0.514627 
55.917 -252.72 -221.075 -0.200764 0.907366 0.369321 
-133.016 65.1162 -213.825 0.767222 -0.375583 0.519928 
125.187 -134.88 -231.059 -0.586758 0.632187 0.506036 
-112.61 173.223 -202.025 0.500961 -0.770608 0.393978 
65.6045 -255.261 -208.521 -0.232305 0.903876 0.359248 
-127.353 80.3356 -216.773 0.72811 -0.4593 0.508839 
135.39 44.0498 -247.424 -0.757354 -0.246408 0.604744 
-13.1014 195.714 -188.887 0.0599969 -0.896259 0.439474 
-55.2637 -50.4699 -206.259 0.503617 0.459931 0.731335 
27.4434 -14.9593 -176.933 -0.468324 0.255283 0.845884 
7.74599 83.8187 -154.847 -0.0708379 -0.766531 0.638302 
-2.09783 -28.5842 -134.918 0.0457854 0.623854 0.78021 
-6.87048 21.1848 -145.789 0.188041 -0.579816 0.792761 
17.0466 -58.8193 -169.74 -0.204262 0.704806 0.679369 
-33.7801 97.2493 -201.234 0.26468 -0.761985 0.59105 
68.1553 -139.299 -230.925 -0.374601 0.765629 0.522976 
-81.6902 193.29 -234.66 0.349054 -0.825908 0.442781 
118.16 -177.315 -232.562 -0.499265 0.749215 0.435233 
-60.776 262.088 -213.175 0.211525 -0.912171 0.351024 
123.735 -44.6565 -190.989 -0.804434 0.290323 0.518282 
-143.47 28.2606 -235.55 0.791427 -0.155894 0.591065 
-48.1426 -273.823 -196.74 0.163677 0.930952 0.326429 
-100.699 168.298 -238.472 0.458699 -0.766626 0.449329 
115.307 -78.072 -245.39 -0.659719 0.446683 0.604369 
-39.981 269.122 -216.984 0.137804 -0.927592 0.347276 
134.118 -62.5042 -212.837 -0.77356 0.36051 0.521206 
-107.37 184.563 -221.225 0.450277 -0.773999 0.44519 
116.36 -168.951 -224.125 -0.513503 0.745586 0.424774 
-91.4283 205.568 -223.337 0.367802 -0.82697 0.425276 
128.505 -110.545 -221.944 -0.664226 0.571396 0.482004 
-126.788 115.994 -236.901 0.624017 -0.570891 0.533576 
104.232 -197.932 -200.274 -0.432705 0.821685 0.370969 
-68.2603 259.748 -205.144 0.238582 -0.907863 0.34479 
113.637 -34.2518 -174.85 -0.819767 0.247089 0.516669 
-139.834 -107.631 -235.591 0.679361 0.522905 0.514837 
111.11 -0.615485 -243.736 -0.731347 0.00405123 0.682006 
61.4585 185.927 -208.1 -0.278032 -0.841114 0.463944 
-60.0364 -15.2779 -212.774 0.599706 0.152612 0.785544 
-0.362127 -99.271 -149.258 0.0029025 0.795672 0.605735 
17.171 24.2679 -150.936 -0.312957 -0.442305 0.840501 
5.04302 0.408908 -133.571 0.302749 0.0245481 0.952763 
2.84897 -5.23455 -120.067 -0.196385 0.360828 0.911731 
-0.65656 28.4039 -119.802 0.0131264 -0.56787 0.823024 
0.501151 -16.7794 -119.633 -0.015811 0.529381 0.848247 
-2.83704 16.4889 -126.401 0.093984 -0.546236 0.832352 
5.90235 -30.6222 -139.905 -0.120536 0.625359 0.770983 
-10.7228 48.0362 -157.918 0.154185 -0.69072 0.706505 
25.2084 -76.1964 -187.645 -0.242833 0.734002 0.634264 
-54.6448 121.918 -221.384 0.341305 -0.761487 0.551059 
77.4052 -174.239 -234.73 -0.35836 0.806668 0.469981 
-107.054 188.458 -236.287 0.444805 -0.783033 0.434771 
85.4417 -239.3 -219.745 -0.312175 0.874321 0.371654 
-127.53 110.887 -197.308 0.671836 -0.584163 0.455419 
18.5927 -277.364 -196.279 -0.0630566 0.940673 0.333429 
-24.9054 225.598 -226.615 0.100752 -0.912629 0.396201 
108.482 -136.896 -245.278 -0.53208 0.671445 0.515819 
-61.9154 249.986 -222.071 0.223262 -0.901428 0.370943 
133.408 -78.7992 -212.878 -0.742953 0.438834 0.505433 
-91.2276 212.979 -215.274 0.358848 -0.837764 0.411579 
108.48 -179.399 -233.207 -0.467446 0.773041 0.428858 
-89.9269 191.178 -227.068 0.380683 -0.809304 0.447352 
128.756 -119.09 -226.503 -0.644416 0.596035 0.479048 
-110.403 164.413 -229.711 0.490153 -0.729943 0.476393 
122.675 -148.728 -216.354 -0.572963 0.694648 0.434966 
-85.504 222.148 -217.517 0.328834 -0.854344 0.40247 
126.679 -118.299 -226.272 -0.641461 0.599028 0.479282 
-128.165 93.2477 -240.843 0.667458 -0.485614 0.564532 
79.2961 -243.15 -202.919 -0.291499 0.893838 0.340733 
-117.216 184.604 -203.501 0.492958 -0.776363 0.392771 
90.6062 -210.131 -176.95 -0.372408 0.86368 0.339685 
-100.62 127.327 -150.157 0.571617 -0.723344 0.387357 
37.5385 -246.141 -155.644 -0.144093 0.944821 0.294224 
-69.0682 5.67935 -109.509 0.857189 -0.070485 0.510172 
-85.7027 168.039 -179.555 0.423265 -0.829903 0.363489 
140.828 95.8303 -235.313 -0.704575 -0.479447 0.523184 
-112.145 -23.5507 -245.878 0.72441 0.152127 0.672387 
-33.9642 -167.586 -185.869 0.173537 0.856262 0.486535 
50.2476 3.01126 -198.99 -0.573321 -0.0343583 0.81862 
18.4294 96.761 -153.758 -0.146288 -0.768065 0.623453 
-14.7659 -11.8971 -151.865 0.360906 0.290786 0.886119 
3.3841 -2.42709 -133.254 -0.300599 0.215591 0.929074 
-1.3634 36.0316 -119.925 0.0225389 -0.595653 0.802936 
-1.57608 -18.8878 -118.287 0.0431203 0.516753 0.855058 
-1.11442 7.75594 -117.503 0.0684826 -0.476614 0.876451 
3.77357 -20.0198 -128.618 -0.105849 0.561559 0.820649 
-5.63733 33.5802 -140.708 0.107471 -0.64018 0.760681 
11.0065 -47.8416 -158.784 -0.158734 0.689964 0.706237 
-26.541 77.8387 -189.487 0.250326 -0.734151 0.631171 
55.9005 -124.892 -222.46 -0.342256 0.764664 0.546046 
-79.1394 175.801 -235.324 0.362879 -0.8061 0.467481 
106.548 -191.203 -235.502 -0.439239 0.788221 0.431038 
-89.2921 235.858 -219.283 0.328543 -0.867819 0.372782 
126.203 -123.283 -196.662 -0.641796 0.626948 0.441646 
-14.1586 281.103 -194.719 0.0475577 -0.944207 0.325928 
77.095 -208.779 -233.784 -0.316245 0.856416 0.408115 
-91.6926 169.572 -232.897 0.417688 -0.772454 0.478401 
127.579 -139.415 -226.62 -0.599846 0.655497 0.458831 
-59.0379 241.142 -213.034 0.219543 -0.896729 0.38431 
112.602 -148.402 -241.319 -0.532218 0.701426 0.474091 
-105.383 129.754 -236.928 0.532628 -0.655804 0.535019 
111.655 -191.348 -224.392 -0.460329 0.788885 0.407155 
-60.1822 254.594 -215.129 0.214124 -0.905827 0.365574 
128.243 -53.0245 -211.106 -0.783892 0.324116 0.529604 
-135.004 -69.2042 -246.797 0.72419 0.371225 0.581169 
81.4225 -122.471 -217.185 -0.458965 0.690349 0.559273 
-3.9975 187.576 -214.403 0.0190774 -0.895176 0.445324 
111.137 -75.0773 -252.466 -0.664615 0.448972 0.597267 
-73.0277 141.431 -220.449 0.389966 -0.755237 0.526841 
83.5575 -182.406 -238.616 -0.371726 0.811478 0.450933 
-69.0766 206.255 -226.553 0.286766 -0.856248 0.429677 
132.557 -99.1216 -231.471 -0.69005 0.515996 0.507539 
-100.828 176.651 -226.323 0.439187 -0.769454 0.463759 
119.875 -158.623 -228.782 -0.540926 0.715769 0.44169 
-86.6828 206.528 -222.6 0.350163 -0.834285 0.425877 
127.406 -119.662 -228.966 -0.638764 0.599941 0.481735 
-120.673 125.508 -236.922 0.588805 -0.612396 0.527539 
110.359 -189.612 -208.372 -0.463703 0.796703 0.387635 
-61.0755 261.463 -208.882 0.212962 -0.911684 0.35142 
123.735 -46.2546 -200.048 -0.796778 0.297851 0.525782 
-126.884 -136.883 -242.426 0.589497 0.635949 0.498075 
19.1587 144.221 -209.541 -0.114238 -0.85995 0.497447 
81.9673 -50.2806 -243.524 -0.628109 0.385297 0.676049 
-43.8339 129.235 -200.677 0.269571 -0.794771 0.543771 
38.9658 -144.502 -216.78 -0.224659 0.833134 0.505404 
-82.7967 147.417 -237.386 0.421211 -0.749955 0.510064 
86.9526 -210.638 -232.956 -0.346908 0.840368 0.416478 
-121.418 176.007 -225.572 0.513797 -0.744798 0.4258 
58.6788 -266.673 -207.264 -0.202113 0.918528 0.339813 
-117.667 35.5344 -179.207 0.819063 -0.24735 0.517659 
145.601 16.9587 -234.346 -0.80426 -0.0936756 0.586863 
92.2012 212.232 -206.856 -0.362624 -0.834702 0.414481 
-62.1254 153.8 -192.657 0.323863 -0.801767 0.502295 
-68.3823 -50.554 -213.602 0.556671 0.411538 0.721644 
27.1064 -66.6748 -158.542 -0.273526 0.672804 0.687413 
19.8996 51.4793 -154.76 -0.24089 -0.623173 0.744073 
1.10426 3.79941 -115.72 0.112694 0.387745 0.914861 
-1.86612 4.79873 -123.831 0.167686 -0.431205 0.886544 
4.36938 -30.2695 -132.195 -0.0883202 0.61185 0.786038 
-4.87366 35.0549 -141.148 0.0904649 -0.650689 0.753947 
11.9184 -47.032 -160.534 -0.173489 0.684619 0.707965 
-28.3109 81.3055 -191.956 0.25689 -0.737759 0.624288 
58.5033 -128.845 -224.609 -0.34812 0.766682 0.539471 
-79.6197 179.638 -235.194 0.359356 -0.810777 0.462084 
109.967 -187.573 -235.196 -0.456006 0.777816 0.432525 
-81.0429 244.945 -217.722 0.29239 -0.883725 0.365453 
126.807 -93.2265 -193.367 -0.710951 0.522678 0.470504 
-38.656 268.368 -197.283 0.133911 -0.92967 0.343219 
15.6436 -228.135 -225.507 -0.0628682 0.916823 0.394335 
-115.581 119.669 -248.277 0.587406 -0.60818 0.533937 
26.5551 -251.623 -216.44 -0.0972675 0.921657 0.375639 
-127.749 65.669 -240.55 0.737606 -0.379165 0.558738 
118.318 43.6484 -250.572 -0.720374 -0.265752 0.640667 
-55.7453 125.886 -200.206 0.337065 -0.76117 0.554099 
-11.8373 -124.336 -191.53 0.0798771 0.839013 0.538232 
-52.4012 68.5205 -222.513 0.459154 -0.600396 0.654766 
49.486 -101.039 -206.683 -0.3525 0.719721 0.598132 
-64.1667 162.595 -231.475 0.321281 -0.814111 0.483756 
81.1178 -186.9 -234.045 -0.354981 0.817895 0.452829 
-122.702 163.936 -232.743 0.536203 -0.71639 0.446418 
41.2775 -266.421 -212.394 -0.14322 0.9244 0.353539 
-128.969 49.3266 -219.57 0.784629 -0.300096 0.542509 
118.257 130.174 -246.337 -0.574394 -0.632274 0.519921 
-6.64659 -120.024 -198.928 0.046923 0.847331 0.529004 
-70.8161 57.7526 -235.016 0.570222 -0.465033 0.677206 
23.9555 -154.046 -197.086 -0.13328 0.857056 0.497703 
-43.3018 122.952 -217.063 0.279542 -0.793732 0.540243 
63.0146 -144.57 -224.641 -0.341956 0.784525 0.517304 
-109.778 159.882 -243.076 0.498694 -0.726302 0.473082 
47.0059 -240.221 -218.82 -0.176967 0.904381 0.388323 
-130.497 71.0205 -234.941 0.737867 -0.401568 0.542506 
126.347 -0.135295 -248.955 -0.763587 0.000817663 0.645717 
57.2626 202.028 -205.333 -0.244893 -0.864008 0.439927 
-69.4546 -4.18165 -218.009 0.633509 0.0381416 0.772806 
-31.6514 -121.661 -174.337 0.206882 0.795207 0.569968 
25.6195 12.2978 -172.926 -0.454397 -0.218119 0.863693 
-13.108 23.0148 -137.339 0.270922 -0.475682 0.836866 
-6.54378 -45.2264 -132.431 0.0924426 0.638904 0.763723 
0.276985 10.1675 -118.099 -0.013591 -0.498897 0.866565 
3.01669 -12.1686 -127.086 -0.128086 0.516668 0.846561 
-6.43744 33.4165 -141.214 0.122355 -0.635138 0.762658 
10.442 -49.3762 -158.142 -0.147322 0.696626 0.702158 
-25.7613 75.9616 -188.416 0.248129 -0.731651 0.63493 
54.4974 -122.991 -221.203 -0.338531 0.764006 0.549281 
-79.4313 173.567 -235.627 0.367199 -0.802372 0.470512 
103.565 -194.802 -235.304 -0.424122 0.797753 0.428635 
-96.8474 226.227 -220.288 0.364011 -0.850297 0.380143 
122.159 -155.541 -199.398 -0.562709 0.716476 0.412356 
-38.0643 276.367 -191.409 0.129408 -0.939569 0.316988 
110.983 -20.8713 -175.578 -0.834483 0.156931 0.528231 
19.6296 -258.707 -215.526 -0.0712511 0.93905 0.336342 
-125.626 109.652 -245.173 0.632985 -0.552497 0.542304 
63.5768 -262.283 -209.339 -0.221593 0.914172 0.339415 
-128.318 91.0121 -194.222 0.718125 -0.509345 0.474216 
17.9113 -275.588 -194.676 -0.061106 0.940191 0.335147 
29.499 209.666 -223.491 -0.126446 -0.898726 0.419904 
114.556 -37.2557 -253.631 -0.736343 0.239472 0.632827 
-95.1208 38.2108 -240.42 0.673385 -0.270504 0.688038 
-22.3149 -218.701 -212.42 0.0923365 0.904958 0.415382 
-50.6125 119.633 -223.727 0.326942 -0.772792 0.543984 
65.5002 -111.741 -222.047 -0.412812 0.704246 0.577617 
-89.2447 182.102 -239.087 0.392421 -0.800725 0.452617 
75.0262 -222.333 -227.954 -0.29214 0.86573 0.406427 
-133.448 102.304 -220.441 0.691942 -0.530456 0.489745 
65.3816 -237.787 -210.842 -0.24456 0.889441 0.386139 
-88.5035 189.962 -237.828 0.380685 -0.817096 0.432954 
81.3554 -182.031 -228.226 -0.361768 0.80945 0.462528 
-128.647 123.702 -232.984 0.630809 -0.606563 0.48392 
87.8872 -198.032 -222.418 -0.364761 0.8219 0.437547 
-120.792 146.437 -234.826 0.563997 -0.683739 0.463061 
99.9891 -171.163 -229.643 -0.444409 0.760744 0.473061 
-124.772 143.682 -225.147 0.584994 -0.673654 0.451652 
86.6223 -211.431 -220.47 -0.344342 0.840483 0.41837 
-125.595 127.472 -230.236 0.617532 -0.626761 0.475229 
119.36 -127.052 -237.105 -0.582034 0.619542 0.526709 
-111.299 188.285 -209.717 0.468473 -0.792518 0.390467 
60.076 -261.487 -209.27 -0.209562 0.912137 0.352288 
-124.717 48.5588 -203.059 0.792284 -0.308477 0.526446 
127.036 132.074 -243.424 -0.598062 -0.621782 0.505693 
-31.2885 -135.453 -210.908 0.192601 0.833801 0.517395 
-74.9835 34.2693 -241.506 0.64398 -0.294315 0.706176 
63.9243 -50.4911 -220.703 -0.552948 0.43675 0.709588 
-11.5589 187.716 -210.254 0.0549263 -0.892002 0.448702 
105.05 -84.7804 -251.092 -0.629987 0.50843 0.587054 
-89.4369 90.1434 -233.89 0.556493 -0.560889 0.612973 
65.2609 -230.559 -229.398 -0.250388 0.88459 0.393476 
-123.902 161.886 -234.328 0.541892 -0.708017 0.45286 
49.4098 -269.283 -210.964 -0.169444 0.923467 0.34426 
-123.833 33.8689 -194.822 0.817815 -0.223677 0.53025 
138.607 83.7563 -242.737 -0.712072 -0.430286 0.55482 
-97.1528 93.605 -228.398 0.574565 -0.553583 0.602859 
21.9936 -234.138 -223.727 -0.0860284 0.915834 0.392255 
-130.92 86.7629 -245.634 0.697777 -0.462427 0.54707 
53.666 -212.484 -212.208 -0.221989 0.878937 0.422147 
-61.2525 178.164 -232.701 0.289188 -0.841155 0.456996 
75.4808 -170.676 -230.007 -0.355161 0.803085 0.478468 
-125.549 141.851 -237.058 0.583883 -0.659694 0.473183 
44.3762 -242.687 -213.144 -0.166011 0.907893 0.384952 
-108.371 141.331 -244.565 0.530054 -0.691262 0.491139 
101.655 -118.227 -237.362 -0.541807 0.630136 0.556229 
-102.087 208.013 -227.586 0.404011 -0.823215 0.398884 
76.0479 -244.905 -219.291 -0.275204 0.886266 0.372576 
-126.287 64.3262 -195.356 0.770112 -0.392268 0.503061 
132.453 -129.27 -226.842 -0.619676 0.604782 0.500258 
-107.809 157.41 -182.808 0.521079 -0.76082 0.386842 
65.81 -258.764 -200.982 -0.231154 0.908896 0.347122 
-125.321 89.7479 -212.681 0.706996 -0.506312 0.493784 
137.624 38.5706 -246.112 -0.768171 -0.215288 0.602977 
10.6951 205.842 -189.056 -0.046907 -0.902792 0.427532 
-66.439 -16.1988 -214.17 0.614258 0.149765 0.774774 
-18.8825 -110.336 -157.058 0.136071 0.795097 0.591035 
23.0105 10.2505 -164.664 -0.434859 -0.193717 0.879425 
-11.4001 26.0595 -127.965 0.221465 -0.506244 0.833479 
-7.76937 -36.917 -126.425 0.12147 0.577178 0.807544 
0.136651 1.38208 -110.101 -0.0391955 -0.39642 0.917241 
1.1644 -4.75403 -115.61 -0.104963 0.428543 0.897413 
-2.85081 20.6135 -123.769 0.0764308 -0.552652 0.82991 
3.31383 -26.2075 -131.557 -0.0761786 0.60246 0.794516 
-6.7133 34.1802 -144.721 0.126671 -0.644935 0.753678 
14.7633 -55.3316 -167.345 -0.187819 0.70393 0.684999 
-34.5936 92.2109 -200.933 0.28035 -0.747286 0.602482 
64.854 -141.14 -228.893 -0.356651 0.776173 0.519974 
-87.3747 186.401 -236.898 0.378929 -0.808387 0.450488 
106.744 -200.508 -231.119 -0.42749 0.803 0.415285 
-99.5547 224.271 -214.551 0.376364 -0.847853 0.373513 
118.217 -158.859 -191.69 -0.546992 0.735043 0.40066 
-47.1516 267.871 -184.563 0.164662 -0.935457 0.312767 
95.8369 -13.7247 -146.3 -0.847471 0.121365 0.516799 
-52.444 -258.113 -209.266 0.187794 0.92426 0.332408 
-140.003 41.1812 -236.084 0.790404 -0.232493 0.566767 
43.3453 -230.386 -205.695 -0.169608 0.901485 0.398215 
10.6183 167.794 -210.953 -0.0557748 -0.881371 0.469138 
96.7784 -63.833 -250.091 -0.646001 0.426089 0.633363 
-66.1073 120.852 -216.669 0.39659 -0.725017 0.563102 
68.985 -182.199 -234.329 -0.315363 0.832917 0.454767 
-82.2396 193.887 -233.076 0.350003 -0.825163 0.443419 
128.037 -146.743 -229.17 -0.584928 0.670383 0.456577 
-31.3092 265.077 -209.57 0.109572 -0.927681 0.356959 
118.064 -122.984 -242.328 -0.598884 0.623843 0.502171 
-118.281 50.7401 -246.981 0.710622 -0.304841 0.634118 
-14.7402 -265.643 -215.244 0.051705 0.93181 0.35927 
-122.134 60.4128 -245.196 0.731915 -0.362037 0.577276 
95.8137 109.552 -244.605 -0.540933 -0.618497 0.569974 
4.89 -74.6146 -179.889 -0.0519536 0.79274 0.607356 
-54.1879 45.7183 -220.788 0.531413 -0.448353 0.718747 
18.8535 -143.337 -193.662 -0.111998 0.851477 0.51231 
-46.7338 114.264 -218.497 0.314368 -0.768632 0.557131 
57.3728 -144.259 -220.271 -0.316197 0.795051 0.51762 
-109.835 148.281 -245.136 0.519047 -0.700727 0.489478 
44.8286 -226.169 -216.931 -0.177707 0.896564 0.405722 
-121.249 103.773 -245.622 0.64404 -0.551216 0.530463 
113.401 -69.9738 -244.195 -0.668329 0.412391 0.619102 
-29.5706 269.892 -217.723 0.102056 -0.93147 0.349236 
134.401 -49.8501 -217.749 -0.79068 0.293268 0.537435 
-130.449 96.2376 -237.116 0.668729 -0.493348 0.556261 
86.5259 -229.917 -199.412 -0.330599 0.878468 0.344986 
-101.304 221.694 -204.996 0.386728 -0.846315 0.366345 
110.174 -104.936 -162.316 -0.65513 0.623985 0.425988 
-11.2911 278.425 -180.091 0.0385155 -0.949746 0.310669 
25.3766 -251.773 -225.165 -0.0933999 0.926664 0.364127 
-117.553 144.664 -243.676 0.54758 -0.673869 0.496058 
68.0686 -255.846 -216.774 -0.240261 0.903058 0.356059 
-129.613 82.783 -199.137 0.735864 -0.469993 0.487471 
57.3874 -254.686 -201.995 -0.205062 0.910066 0.360203 
-43.5015 225.954 -229.046 0.173639 -0.901908 0.39551 
101.615 -163.499 -240.197 -0.462839 0.744706 0.480843 
-106.708 207.612 -224.094 0.419588 -0.816357 0.396892 
94.5815 -232.068 -210.659 -0.351544 0.86256 0.363902 
-119.299 121.148 -180.944 0.634364 -0.644196 0.427331 
12.3732 -281.318 -186.5 -0.0417144 0.948419 0.31429 
-95.2007 197.8 -231.236 0.395813 -0.822386 0.408694 
106.161 -153.551 -235.662 -0.493597 0.713942 0.496654 
-123.151 155.874 -217.607 0.559566 -0.708249 0.430448 
54.4684 -254.613 -210.489 -0.194658 0.909929 0.366271 
-122.682 122.378 -236.925 0.616566 -0.615038 0.491521 
123.781 -60.1571 -245.927 -0.70981 0.344965 0.614155 
-6.48169 279.352 -212.463 0.0218305 -0.940863 0.338109 
129.403 -17.7943 -215.251 -0.822997 0.113171 0.556674 
-81.7138 -200.135 -235.992 0.341521 0.836459 0.428622 
-114.761 -19.1197 -252.043 0.761174 0.126815 0.636043 
-5.96588 135.383 -208.031 0.0382002 -0.86687 0.497086 
79.1312 -35.22 -239.66 -0.644271 0.286754 0.709016 
-10.709 154.056 -188.953 0.0601629 -0.865484 0.497329 
5.35669 -89.1284 -179.212 -0.0482722 0.803188 0.593781 
-55.8374 81.105 -222.711 0.439796 -0.638812 0.631281 
38.671 -155.782 -209.399 -0.20915 0.842542 0.496383 
-100.357 123.91 -247.44 0.532874 -0.657936 0.532149 
60.0215 -175.283 -217.412 -0.285424 0.833533 0.473046 
-103.464 147.187 -245.18 0.500784 -0.712407 0.491638 
69.4638 -181.988 -221.942 -0.315933 0.82771 0.463788 
-117.528 137.71 -243.377 0.566011 -0.663209 0.489697 
83.6464 -178.47 -225.354 -0.375135 0.800397 0.467607 
-119.65 147.896 -238.201 0.555816 -0.687028 0.468058 
83.094 -194.481 -223.83 -0.351973 0.823789 0.444413 
-123.668 134.785 -236.049 0.594175 -0.647585 0.477082 
102.184 -164.004 -230.576 -0.46307 0.743223 0.48291 
-122.875 152.61 -225.16 0.56231 -0.698388 0.442807 
77.8364 -223.367 -218.21 -0.300954 0.863645 0.404428 
-125.533 122.181 -233.132 0.626577 -0.609847 0.485289 
122.361 -101.408 -240.935 -0.636916 0.527853 0.561895 
-88.8499 232.963 -209.618 0.333044 -0.873237 0.355747 
104.868 -216.706 -209.909 -0.403761 0.834355 0.375296 
-113.679 134.703 -174.597 0.589511 -0.698539 0.405632 
24.8492 -276.088 -180.591 -0.08531 0.94784 0.307146 
-119.129 61.3048 -197.189 0.7649 -0.393622 0.509909 
79.6425 224.793 -230.084 -0.307528 -0.868008 0.389878 
128.774 16.1558 -247.388 -0.78882 -0.098964 0.606619 
-62.989 -140.081 -229.429 0.350245 0.778908 0.520239 
-71.8173 14.9902 -241.535 0.67351 -0.140579 0.725699 
45.1866 50.6069 -212.741 -0.469098 -0.525368 0.709897 
-0.720703 -11.2766 -138.404 0.0394518 0.617287 0.785759 
-19.9027 14.7973 -186.937 0.453006 -0.336803 0.825449 
22.7508 -60.2652 -170.62 -0.256168 0.678572 0.68843 
-15.4301 94.2266 -183.197 0.130403 -0.796332 0.590651 
60.2488 -102.642 -226.63 -0.410293 0.698989 0.585739 
-47.536 168.887 -217.047 0.237881 -0.845146 0.478705 
116.463 -119.128 -248.109 -0.595493 0.609118 0.523814 
-65.8477 187.873 -218.57 0.294451 -0.840109 0.455558 
103.164 -155.056 -243.881 -0.486318 0.730935 0.478797 
-73.9634 180.894 -223.79 0.335023 -0.819376 0.465188 
120.987 -135.852 -241.242 -0.581149 0.652553 0.486269 
-85.9179 182.537 -225.272 0.377902 -0.802871 0.461093 
120.809 -146.419 -236.731 -0.562882 0.682204 0.466667 
-88.1882 189.694 -225.188 0.376484 -0.809823 0.449961 
124.557 -136.132 -233.15 -0.595521 0.650863 0.470902 
-101.054 173.429 -228.783 0.444669 -0.763138 0.468942 
124.371 -144.28 -224.751 -0.582946 0.676262 0.450402 
-90.1984 206.646 -221.619 0.362323 -0.830087 0.423904 
126.253 -126.045 -227.769 -0.623461 0.622432 0.473172 
-119.808 132.261 -235.949 0.574256 -0.633945 0.518035 
113.91 -178.878 -208.056 -0.493085 0.774309 0.396649 
-58.0044 261.205 -208.649 0.202761 -0.913074 0.353838 
127.331 -66.4126 -214.903 -0.756584 0.394614 0.521419 
-130.901 -90.9102 -247.49 0.679732 0.47207 0.561366 
93.0357 -0.664407 -238.268 -0.695351 0.00496579 0.718665 
38.8021 160.27 -192.477 -0.203829 -0.841906 0.499665 
-37.4353 -26.0513 -190.082 0.484258 0.336997 0.807431 
17.8838 -15.1902 -159.739 -0.391812 0.332798 0.857756 
4.39387 66.8698 -145.602 -0.0479351 -0.729517 0.682293 
-0.122536 -25.8794 -132.199 0.00290801 0.614168 0.789181 
-7.65625 25.6933 -146.889 0.17922 -0.601437 0.77857 
17.1818 -61.0396 -171.19 -0.200589 0.712607 0.672289 
-36.7992 99.0961 -204.504 0.281464 -0.757949 0.58848 
68.0534 -144.893 -230.709 -0.364608 0.776288 0.514251 
-89.1392 190.106 -236.768 0.380273 -0.811006 0.444611 
107.69 -201.237 -229.796 -0.429856 0.803258 0.412331 
-99.55 224.3 -212.768 0.376687 -0.84873 0.37119 
117.548 -156.967 -189.313 -0.549426 0.733672 0.399842 
-46.1162 267.497 -183.063 0.161448 -0.936478 0.311384 
94.7381 -12.9283 -144.949 -0.84824 0.115754 0.516825 
-33.0031 -264.776 -206.59 0.117054 0.939096 0.323131 
-139.132 80.4951 -239.497 0.727024 -0.420621 0.542707 
-19.2629 -266.277 -206.304 0.0674049 0.931758 0.356792 
6.73953 174.246 -214.315 -0.0343569 -0.888274 0.458047 
98.9546 -74.2354 -249.759 -0.628947 0.471833 0.617913 
-37.0317 172.271 -204.534 0.18502 -0.860709 0.474304 
47.1145 -144.476 -222.654 -0.267509 0.820312 0.505515 
-70.202 153.674 -229.049 0.359069 -0.786011 0.503262 
114.423 -163.734 -240.721 -0.508019 0.726949 0.462037 
-46.1046 249.221 -217.55 0.168488 -0.910773 0.37699 
130.723 -63.7208 -230.465 -0.754891 0.367971 0.542913 
-127.732 -35.0264 -249.814 0.749362 0.205489 0.629483 
5.17058 -184.54 -185.561 -0.0249477 0.890395 0.454524 
48.8386 44.1657 -199.741 -0.488596 -0.441847 0.752371 
-23.0767 12.4122 -171.376 0.449812 -0.241939 0.859739 
-5.38583 -76.161 -148.858 0.0530612 0.750338 0.658934 
2.28823 26.9352 -132.363 -0.0516832 -0.608371 0.791979 
5.12266 -17.6161 -139.557 -0.164366 0.56523 0.808404 
-13.7619 50.0914 -162.047 0.188231 -0.685137 0.703686 
25.8868 -84.4025 -190.115 -0.231085 0.753441 0.615584 
-60.4022 123.827 -225.985 0.366692 -0.751733 0.548134 
71.2458 -183.433 -231.579 -0.321813 0.828554 0.458206 
-120.68 159.292 -238.29 0.535938 -0.70741 0.460824 
40.462 -260.376 -214.813 -0.14309 0.920796 0.362872 
-130.009 56.548 -226.985 0.768767 -0.334378 0.545166 
123.659 87.3881 -249.482 -0.666148 -0.470757 0.578492 
-82.7486 -11.4209 -234.329 0.670114 0.0924888 0.736485 
-7.77028 -133.314 -168.878 0.0491256 0.842841 0.535932 
24.1249 31.0839 -167.397 -0.363009 -0.46772 0.805903 
0.82034 0.122855 -145.452 0.351133 0.052586 0.934857 
4.48037 -7.1579 -128.748 -0.236973 0.378592 0.894723 
-1.04988 36.3673 -127.176 0.0179722 -0.622547 0.782387 
1.17438 -22.3738 -126.748 -0.0305313 0.58167 0.812862 
-5.22097 24.5242 -137.823 0.127714 -0.599905 0.789823 
11.2233 -46.4943 -157.643 -0.164693 0.682266 0.712324 
-23.9428 76.4819 -185.993 0.231249 -0.738691 0.633149 
54.5645 -119.268 -221.39 -0.345924 0.756127 0.555541 
-73.55 174.577 -232.982 0.342676 -0.813369 0.470129 
112.098 -176.941 -238.033 -0.478837 0.755824 0.446612 
-65.4944 253.263 -218.625 0.233122 -0.901469 0.364726 
128.701 -60.6805 -200.866 -0.777188 0.366431 0.511591 
-132.883 119.958 -229.804 0.636274 -0.574385 0.515029 
104.984 -174.704 -186.278 -0.47762 0.794803 0.374413 
-62.0067 263.195 -200.829 0.215559 -0.914969 0.34115 
121.273 -53.7505 -196.853 -0.782825 0.346962 0.516547 
-120.11 -161.726 -239.388 0.527692 0.710524 0.465526 
-77.9355 113.453 -240.477 0.474008 -0.690026 0.54699 
88.9144 31.2677 -244.194 -0.673079 -0.236695 0.700683 
-57.7905 31.189 -213.733 0.573025 -0.309257 0.75896 
-11.3033 -152.864 -193.697 0.0638948 0.864106 0.499254 
-20.6334 79.4451 -189.033 0.198313 -0.763566 0.614537 
52.0771 -100.634 -215.537 -0.369629 0.714274 0.59431 
-73.5114 172.31 -234.094 0.345935 -0.810871 0.472053 
99.2312 -192.194 -236.764 -0.412722 0.799372 0.436672 
-102.662 215.746 -223.529 0.395334 -0.830804 0.391781 
114.208 -190.83 -205.433 -0.473338 0.790895 0.387883 
-85.0394 233.537 -188.759 0.322164 -0.884735 0.336855 
104.317 -83.4551 -149.329 -0.701148 0.560927 0.440192 
-5.12576 275.648 -174.529 0.0176866 -0.951128 0.308318 
-73.5126 -216.476 -230.873 0.292657 0.861798 0.414334 
-108.863 16.4236 -251.21 0.755519 -0.113982 0.645148 
16.5576 138.272 -210.158 -0.103104 -0.861017 0.498033 
79.3993 -32.0176 -241.769 -0.653775 0.263634 0.70929 
-35.1918 125.459 -192.062 0.225832 -0.805093 0.548491 
16.537 -118.676 -196.285 -0.116009 0.832522 0.541726 
-78.278 105.961 -238.284 0.484739 -0.656165 0.578354 
39.5013 -190.661 -215.187 -0.18129 0.875037 0.448845 
-115.516 105.719 -249.253 0.619949 -0.567371 0.542007 
93.0565 -128.248 -232.041 -0.492567 0.678844 0.544578 
-103.07 195.078 -234.242 0.423925 -0.802358 0.420151 
65.7671 -238.517 -221.318 -0.245047 0.888709 0.387511 
-131.318 65.5725 -217.24 0.762175 -0.380586 0.5237 
136.028 -34.9998 -243.187 -0.766991 0.197346 0.610571 
41.5103 273.871 -207.308 -0.140882 -0.929496 0.340892 
102.623 -143.115 -243.6 -0.508477 0.709103 0.48851 
-111.07 48.2132 -247.02 0.698155 -0.303054 0.648656 
-18.4391 -248.649 -215.321 0.0683993 0.922355 0.380264 
-96.4299 110.348 -247.295 0.549993 -0.629373 0.549012 
97.7398 -44.5137 -243.181 -0.671798 0.305957 0.674608 
15.6046 224.979 -212.849 -0.0631881 -0.911013 0.407529 
68.4529 -119.747 -235.291 -0.415942 0.727619 0.545509 
-74.6569 101.741 -227.103 0.474698 -0.64691 0.596813 
80.3732 -202.315 -235.192 -0.333787 0.840208 0.42738 
-98.2686 205.708 -232.505 0.391565 -0.819672 0.418129 
120.497 -177.854 -215.999 -0.51131 0.754697 0.411111 
-58.7028 267.221 -201.718 0.20235 -0.921117 0.332587 
111.276 -29.6739 -167.985 -0.827948 0.220789 0.51553 
-145.924 -52.322 -231.89 0.778829 0.279255 0.561657 
-41.7053 -224.336 -191.742 0.167193 0.899345 0.404032 
77.0038 -79.7519 -205.328 -0.53068 0.549619 0.645225 
55.4101 104.515 -204.723 -0.372502 -0.702614 0.606295 
-18.0926 -18.9471 -168.968 0.380645 0.398623 0.834402 
-2.82721 -0.172311 -149.456 -0.36385 -0.0221756 0.931203 
-4.47818 6.40709 -135.974 0.264141 -0.377916 0.88737 
3.36765 -42.2315 -135.054 -0.0525684 0.659227 0.750116 
-3.06748 32.7735 -137.913 0.06028 -0.644044 0.762621 
10.5211 -39.9874 -156.039 -0.17401 0.661358 0.729619 
-24.1855 74.6481 -185.218 0.237174 -0.732032 0.638667 
52.965 -119.691 -220.325 -0.336819 0.761147 0.554279 
-74.4042 171.852 -233.421 0.349867 -0.80809 0.47392 
109.419 -181.512 -237.706 -0.462909 0.767908 0.442774 
-73.7196 247.984 -219.688 0.264961 -0.891295 0.367976 
128.904 -78.2874 -199.034 -0.744136 0.451937 0.491967 
-87.5282 226.397 -209.359 0.331972 -0.858664 0.390523 
103.475 -189.909 -231.683 -0.434898 0.798176 0.416889 
-90.7448 191.854 -227.707 0.382677 -0.809061 0.44609 
129.452 -114.645 -223.787 -0.656682 0.581567 0.480172 
-111.556 165.901 -228.95 0.491665 -0.731181 0.472924 
122.596 -146.915 -214.727 -0.577005 0.691459 0.434703 
-89.0771 218.637 -218.012 0.344851 -0.846426 0.405782 
126.821 -117.329 -223.647 -0.645251 0.59696 0.476767 
-129.215 96.1759 -239.969 0.665377 -0.495247 0.558588 
84.0031 -235.607 -200.574 -0.315463 0.884791 0.342995 
-110.019 202.696 -202.701 0.441793 -0.813945 0.377267 
105.184 -158.279 -168.779 -0.513054 0.772038 0.375166 
-60.1842 241.273 -166.943 0.230207 -0.922878 0.308738 
71.5502 -18.7842 -105.547 -0.840213 0.220583 0.495381 
-141.966 11.0718 -195.767 0.835374 -0.0651505 0.545823 
-53.5345 -234.54 -152.732 0.212154 0.929468 0.301822 
-32.9712 263.701 -216.588 0.116771 -0.933925 0.337884 
118.707 -162.949 -237.976 -0.520278 0.714183 0.468263 
-106.196 206.212 -205.7 0.42466 -0.824602 0.373782 
90.7537 -232.188 -196.442 -0.341391 0.873428 0.347263 
-108.163 91.0172 -156.579 0.688024 -0.578959 0.437546 
7.8539 -277.396 -178.031 -0.0269009 0.950125 0.310734 
45.1782 236.187 -226.958 -0.173071 -0.904797 0.38911 
125.328 -13.4553 -249.677 -0.782766 0.0840385 0.61663 
-96.2927 -68.3853 -244.859 0.625046 0.443896 0.642098 
54.183 17.2056 -216.074 -0.589361 -0.18715 0.785904 
-28.8887 49.2944 -170.547 0.343677 -0.586435 0.733483 
-5.61221 -81.685 -163.601 0.0532787 0.775465 0.629152 
-11.6351 44.645 -164.226 0.178769 -0.685956 0.705354 
34.5996 -80.715 -197.768 -0.305748 0.713259 0.630711 
-58.4503 142.063 -225.296 0.325591 -0.791345 0.517475 
90.7841 -175.253 -238.988 -0.407203 0.786078 0.465064 
-92.5817 217.219 -230.038 0.358725 -0.841656 0.403669 
123.591 -168.635 -216.589 -0.536385 0.731875 0.420318 
-48.3514 273.23 -201.645 0.16449 -0.92952 0.330081 
114.872 -23.8458 -178.586 -0.832325 0.17278 0.526688 
-105.617 -202.093 -230.598 0.42224 0.807933 0.411065 
-120.033 -27.7243 -242.495 0.778727 0.179864 0.601042 
-98.4681 -10.8117 -243.986 0.756945 0.0831121 0.648185 
-78.7805 -84.6006 -239.945 0.555379 0.596409 0.579541 
-48.0968 -132.209 -226.065 0.295889 0.813345 0.500936 
-65.25 -104.81 -233.816 0.434373 0.697728 0.569661 
-67.7117 -35.6466 -238.494 0.626742 0.329946 0.705937 
-6.7117 46.9236 -171.428 0.106572 -0.745081 0.658418 
42.3223 25.737 -215.763 -0.546419 -0.332287 0.768784 
-8.88324 -15.0928 -163.49 0.300436 0.510445 0.80573 
-2.21918 1.79194 -163.192 0.375931 -0.303557 0.875526 
16.6305 -20.6234 -168.793 -0.363927 0.451304 0.8148 
-12.0184 84.0365 -169.84 0.111131 -0.77706 0.619553 
26.2249 -83.9081 -192.782 -0.235604 0.75383 0.613391 
-57.399 122.344 -222.474 0.354189 -0.754943 0.551932 
82.3935 -177.353 -236.685 -0.37319 0.803295 0.464182 
-100.283 201.942 -233.738 0.403456 -0.812449 0.420913 
108.516 -208.002 -219.531 -0.425591 0.815765 0.391684 
-104.275 210.586 -200.803 0.412813 -0.833684 0.366842 
106.423 -175.475 -177.958 -0.48175 0.794326 0.370108 
-79.5518 213.538 -164.796 0.330227 -0.886416 0.324397 
84.7011 -67.2929 -118.63 -0.706267 0.561111 0.431692 
2.17236 263.074 -157.8 -0.00788517 -0.954897 0.296862 
-113.143 -179.021 -235.577 0.476117 0.753337 0.453667 
14.9978 139.165 -206.161 -0.0925026 -0.858334 0.504701 
79.9094 -55.8776 -242.084 -0.609021 0.425865 0.669141 
-39.9314 136.488 -199.685 0.238137 -0.813967 0.529873 
40.6114 -139.878 -217.209 -0.239405 0.824585 0.512603 
-77.3479 149.475 -234.311 0.395825 -0.764933 0.508151 
98.4238 -195.405 -236.35 -0.40587 0.805789 0.431268 
-96.6471 223.139 -224.225 0.366205 -0.845495 0.388651 
123.205 -158.874 -204.69 -0.557524 0.718935 0.415111 
-39.4701 276.76 -194.888 0.133722 -0.937643 0.320877 
113.595 -22.4964 -180.076 -0.832025 0.164774 0.529718 
-5.68618 -262.23 -217.864 0.0203981 0.940697 0.33866 
-126.503 105.7 -246.866 0.643649 -0.537801 0.544521 
31.1627 -275.107 -212.375 -0.105794 0.933956 0.341397 
-127.907 28.6571 -205.855 0.819856 -0.183686 0.542322 
129.915 111.064 -245.479 -0.642291 -0.549097 0.534764 
-83.6415 -57.8766 -235.983 0.604355 0.41819 0.678151 
49.2249 -16.5323 -206.406 -0.569893 0.1914 0.799127 
13.2062 120.339 -174.808 -0.0905015 -0.824676 0.558333 
-4.38779 -42.0923 -147.714 0.0712378 0.683388 0.726583 
-12.1623 28.8101 -162.392 0.251796 -0.596454 0.762141 
25.8306 -77.9044 -185.035 -0.243052 0.733038 0.635294 
-50.934 122.21 -219.769 0.321737 -0.771967 0.548241 
72.6666 -167.953 -232.382 -0.348351 0.805136 0.480027 
-110.836 176.697 -238.662 0.474997 -0.757251 0.448293 
65.1018 -251.734 -219.473 -0.23285 0.90038 0.367579 
-129.524 61.6372 -203.44 0.775086 -0.368842 0.513044 
132.896 -116.174 -231.096 -0.642553 0.561703 0.521183 
-103.352 182.249 -187.731 0.458419 -0.80837 0.369333 
63.3746 -262.891 -200.911 -0.220391 0.91423 0.340041 
-117.059 40.6019 -185.928 0.807081 -0.279936 0.519878 
108.012 194.804 -233.031 -0.439722 -0.793056 0.421573 
116.84 18.9211 -244.996 -0.77844 -0.126061 0.614944 
93.2564 -14.5153 -244.546 -0.742102 0.115508 0.660273 
77.5477 26.5425 -241.287 -0.694535 -0.237721 0.679063 
55.3522 81.425 -228.57 -0.452087 -0.665035 0.594444 
34.7768 101.31 -214.227 -0.271202 -0.790049 0.549808 
43.3452 92.5364 -218.304 -0.34442 -0.735291 0.583729 
57.3069 44.785 -230.207 -0.561402 -0.438732 0.701683 
6.85016 -30.4741 -164.721 -0.15533 0.691011 0.70597 
-32.4172 -24.6511 -205.537 0.499524 0.379854 0.778591 
2.61564 6.2625 -148.428 -0.221235 -0.529692 0.81884 
8.53247 -4.7918 -175.476 -0.433308 0.243344 0.867782 
-19.1142 24.6167 -170.665 0.366117 -0.471514 0.802278 
11.2569 -89.7617 -172.74 -0.0990047 0.789456 0.605784 
-31.2903 86.7964 -199.163 0.268987 -0.746145 0.609041 
55.8362 -129.945 -220.884 -0.332485 0.773776 0.539205 
-94.6433 167.158 -241.247 0.433836 -0.766237 0.474009 
70.03 -229.86 -226.506 -0.267449 0.877849 0.397328 
-133.943 94.0377 -220.248 0.709676 -0.498245 0.498126 
77.5106 -225.109 -213.709 -0.298323 0.8664 0.400464 
-99.8506 183.158 -237.6 0.430981 -0.790557 0.435077 
84.5306 -185.337 -227.601 -0.369035 0.809127 0.457322 
-128.322 123.356 -231.57 0.631672 -0.607225 0.481961 
98.1346 -182.704 -226.137 -0.421096 0.783984 0.45614 
-123.442 145.213 -227.903 0.577196 -0.678995 0.453682 
96.8734 -191.11 -225.351 -0.405093 0.799161 0.444139 
-126.432 129.551 -224.419 0.618357 -0.63361 0.464963 
111.648 -164.925 -229.875 -0.493453 0.728919 0.474551 
-123.179 143.358 -213.011 0.586405 -0.682469 0.436328 
87.9493 -221.425 -216.891 -0.338026 0.85103 0.401876 
-126.345 119.929 -224.52 0.638205 -0.605793 0.475107 
128.783 -95.9011 -240.254 -0.664643 0.494941 0.559732 
-83.3214 237.075 -201.359 0.311469 -0.886226 0.34294 
111.456 -199.568 -203.052 -0.451007 0.80755 0.380095 
-103.547 168.231 -170.66 0.487425 -0.791912 0.367844 
72.0066 -224.563 -164.514 -0.289628 0.903245 0.316672 
-75.686 39.7794 -107.053 0.783548 -0.41182 0.465268 
60.4225 -243.477 -163.552 -0.228159 0.919384 0.320458 
40.7321 264.814 -220.179 -0.142397 -0.925776 0.350255 
134.885 -11.4639 -235.042 -0.811636 0.068981 0.580091 
-119.551 -52.7622 -249.799 0.710145 0.313412 0.630464 
59.0296 -120.728 -202.036 -0.362616 0.741625 0.564375 
12.2924 129.286 -193.454 -0.0802496 -0.84403 0.530274 
55.1192 -69.6332 -225.046 -0.470791 0.59476 0.65164 
-51.7721 99.0081 -208.45 0.369637 -0.706888 0.603071 
63.8485 -167.181 -231.414 -0.313535 0.820958 0.477222 
-85.3222 186.252 -235.438 0.371387 -0.810709 0.452592 
119.085 -176.4 -231.078 -0.504332 0.747066 0.433081 
-55.7568 264.575 -212.535 0.193173 -0.916637 0.349969 
124.178 -38.6864 -194.965 -0.811594 0.252844 0.52669 
-141.516 -50.623 -241.832 0.764973 0.273646 0.583054 
-11.3809 -213.194 -188.99 0.048436 0.907332 0.417636 
73.0137 1.93904 -217.009 -0.640739 -0.0170162 0.767582 
44.3758 122.568 -184.674 -0.279048 -0.770739 0.57281 
-32.2866 -3.68285 -181.676 0.506502 0.0577755 0.860311 
1.96372 -68.8899 -133.02 -0.0206268 0.723616 0.689907 
9.88423 22.7611 -132.127 -0.207912 -0.478774 0.852975 
-4.09338 8.86509 -109.186 -0.125352 0.271476 0.954256 
-2.58883 12.294 -115.52 0.0976481 -0.463716 0.880596 
1.2763 -21.0772 -120.275 -0.0330292 0.545456 0.837499 
-2.18969 18.9415 -125.021 0.0644537 -0.557546 0.827651 
4.90788 -26.558 -136.395 -0.112264 0.607496 0.786361 
-9.54171 43.2584 -153.717 0.148994 -0.675483 0.722178 
21.061 -69.6293 -180.686 -0.220349 0.728491 0.648664 
-48.8801 111.993 -216.375 0.329308 -0.754502 0.567715 
72.0502 -165.69 -232.592 -0.349212 0.803064 0.482863 
-105.607 182.892 -238.439 0.447898 -0.775675 0.444672 
79.9878 -241.09 -221.882 -0.29193 0.879901 0.374925 
-129.85 99.258 -202.246 0.700027 -0.535105 0.472909 
38.723 -266.154 -200.359 -0.134927 0.927392 0.348936 
-29.9815 221.382 -226.997 0.122918 -0.907621 0.401413 
105.964 -143.222 -244.123 -0.512291 0.692422 0.508062 
-72.9164 243.454 -223.549 0.265955 -0.887975 0.375215 
132.738 -107.355 -212.267 -0.684066 0.553255 0.475374 
-27.5077 268.232 -202.137 0.0955728 -0.931947 0.349797 
29.7062 -211.292 -226.286 -0.126798 0.901877 0.412987 
-101.567 141.014 -243.473 0.501217 -0.695884 0.514339 
75.7172 -237.802 -225.601 -0.280346 0.88047 0.382355 
-132.38 121.762 -216.18 0.651558 -0.599302 0.46511 
18.9019 -273.146 -202.843 -0.0648078 0.936517 0.344606 
-61.3314 202.121 -233.153 0.263179 -0.867318 0.422509 
85.3149 -165.494 -233.088 -0.400612 0.777108 0.485417 
-125.168 150.736 -232.054 0.56851 -0.684638 0.456163 
43.3106 -251.704 -212.409 -0.157309 0.914218 0.373465 
-117.087 126.745 -243.129 0.587618 -0.636089 0.500114 
114.717 -77.6136 -244.165 -0.658562 0.445562 0.606456 
-44.4359 267.494 -217.357 0.153659 -0.924991 0.347559 
135.043 -77.7257 -214.365 -0.746402 0.429601 0.508276 
-60.7425 243.804 -206.971 0.223869 -0.898549 0.377505 
49.2431 -214.262 -230.208 -0.204323 0.889029 0.409752 
-94.5435 168.15 -237.96 0.430639 -0.765909 0.477442 
116.376 -185.316 -227.242 -0.482906 0.768976 0.418922 
-61.6652 262.154 -211.945 0.214493 -0.911862 0.350025 
122.026 -41.2559 -188.487 -0.809477 0.273677 0.519486 
-144.238 -7.29373 -237.147 0.80237 0.0405738 0.595461 
-90.1333 -219.786 -208.503 0.346934 0.845982 0.404929 
91.3113 -95.3031 -217.046 -0.551288 0.575389 0.604174 
44.2171 163.396 -212.708 -0.227663 -0.841283 0.490337 
26.378 -72.6181 -196.032 -0.265244 0.730211 0.629647 
-51.527 78.2292 -211.993 0.419769 -0.637301 0.646265 
54.9288 -175.511 -226.132 -0.2641 0.843865 0.467077 
-112.513 153.043 -243.965 0.518576 -0.705384 0.483249 
44.7829 -249.392 -218.696 -0.16371 0.911688 0.376884 
-131.644 56.9919 -227.986 0.769275 -0.333038 0.545269 
129.451 29.5561 -249.234 -0.757498 -0.172951 0.629525 
18.3496 192.197 -187.64 -0.0850279 -0.890597 0.446794 
-58.8021 -15.5694 -208.127 0.591349 0.156575 0.79108 
-8.63382 -99.9553 -147.971 0.0681749 0.789273 0.61026 
18.2114 15.3264 -154.295 -0.370443 -0.311759 0.874983 
-5.20555 3.86961 -134.071 0.307082 -0.228273 0.92391 
-0.0464577 -38.9615 -120.494 0.000722778 0.606155 0.795357 
1.80812 16.7752 -117.239 -0.0537272 -0.498464 0.865254 
0.862662 -5.58469 -115.738 -0.0703017 0.455117 0.887662 
-3.41421 18.5718 -126.303 0.100872 -0.548701 0.829921 
4.73556 -30.7593 -137.028 -0.0964328 0.626368 0.773551 
-8.92746 42.2223 -152.73 0.142571 -0.674287 0.724588 
20.9532 -67.8403 -180.098 -0.223451 0.723468 0.653208 
-47.6564 111.47 -215.229 0.323415 -0.756482 0.568467 
73.0212 -163.63 -233.173 -0.356227 0.798253 0.485707 
-102.138 187.746 -237.739 0.42903 -0.788623 0.440483 
90.1155 -231.276 -223.178 -0.335547 0.861161 0.381873 
-127.291 135.038 -203.793 0.616864 -0.654404 0.437322 
18.4552 -281.204 -197.237 -0.0618892 0.943013 0.326976 
-115.223 147.365 -235.876 0.545818 -0.698078 0.463451 
122.895 -68.0082 -245.833 -0.69587 0.385085 0.606211 
-21.7692 278.456 -212.532 0.0733957 -0.938826 0.336506 
130.03 -29.6905 -207.28 -0.819299 0.187076 0.542004 
-138.223 -32.1629 -244.917 0.774063 0.180116 0.606962 
-50.1535 -203.214 -195.775 0.215674 0.873879 0.435703 
71.2123 -47.622 -207.413 -0.579123 0.387279 0.71739 
46.1649 124.031 -199.488 -0.288157 -0.77419 0.563571 
-10.7564 -31.564 -153.039 0.205863 0.604093 0.769876 
-1.95694 4.52322 -140.001 0.210573 -0.486713 0.847813 
15.479 -41.178 -161.227 -0.237952 0.63301 0.736678 
-18.9225 83.6456 -181.309 0.173865 -0.768556 0.615719 
54.3537 -108.5 -221.754 -0.366726 0.732049 0.574138 
-57.5892 169.594 -223.981 0.282413 -0.831678 0.478091 
120.499 -135.134 -244.617 -0.577578 0.647727 0.496861 
-40.3524 231.768 -213.846 0.157294 -0.903435 0.398849 
104.222 -137.2 -245.909 -0.522938 0.688407 0.502641 
-94.8169 123.289 -234.598 0.508438 -0.661116 0.551755 
104.245 -198.428 -232.073 -0.423398 0.805925 0.413808 
-67.8295 244.42 -220.335 0.247542 -0.892005 0.378243 
129.614 -59.9905 -208.119 -0.77552 0.358942 0.519372 
-138.9 44.8476 -239.884 0.764534 -0.246851 0.595458 
-15.0744 -284.69 -198.895 0.0501429 0.946983 0.317373 
-121.703 7.1496 -202.396 0.832754 -0.0489213 0.551492 
-100.353 155.536 -230.332 0.485264 -0.752106 0.445952 
79.5006 180.203 -237.947 -0.359631 -0.815173 0.454066 
106.783 19.5153 -253.119 -0.742033 -0.135611 0.656516 
-18.8768 -111.244 -201.103 0.140302 0.826825 0.544696 
-67.7198 27.5297 -235.818 0.631673 -0.25679 0.731481 
47.2081 -83.717 -199.964 -0.378012 0.670351 0.638557 
-29.5064 151.545 -211.262 0.166052 -0.852845 0.495075 
99.979 -122.151 -246.86 -0.533047 0.65126 0.540128 
-35.8084 214.921 -215.263 0.149225 -0.895646 0.419009 
114.459 -105.965 -248.756 -0.617481 0.571658 0.540316 
-103.468 88.4964 -240.122 0.605854 -0.518187 0.603689 
65.0328 -247.717 -224.316 -0.235981 0.898879 0.369251 
-130.364 146.502 -225.861 0.59231 -0.665634 0.454002 
27.3994 -278.687 -205.002 -0.0922075 0.937868 0.334543 
-126.894 48.4022 -217.117 0.785478 -0.299612 0.541549 
85.602 196.906 -236.839 -0.359626 -0.827231 0.431712 
114.396 23.1044 -251.774 -0.758239 -0.153141 0.633749 
23.1325 -131.067 -212.258 -0.15007 0.85028 0.5045 
-81.2971 8.0077 -241.468 0.68042 -0.0670209 0.729763 
34.2728 -112.369 -185.835 -0.238888 0.783231 0.57402 
-1.17675 100.361 -180.551 0.00957925 -0.816982 0.576599 
52.2139 -77.8073 -220.746 -0.429957 0.640707 0.636121 
-41.1361 134.976 -205.642 0.247102 -0.810794 0.530633 
84.1056 -139.025 -241.322 -0.443215 0.732628 0.516559 
-53.3316 186.397 -218.634 0.244766 -0.855472 0.456371 
119.02 -116.779 -246.785 -0.609564 0.598087 0.520327 
-90.2125 153.515 -228.808 0.437502 -0.744501 0.504309 
113.334 -170.755 -236.445 -0.495564 0.746644 0.443798 
-63.4706 225.636 -219.169 0.247564 -0.880084 0.405193 
127.171 -103.581 -237.7 -0.665548 0.542089 0.513033 
-122.639 70.4494 -244.45 0.690971 -0.396924 0.604175 
32.9061 -276.45 -212.169 -0.111368 0.935626 0.334991 
-131.686 50.7378 -205.054 0.794704 -0.306194 0.524125 
124.642 -146.866 -226.607 -0.56533 0.66613 0.486509 
-114.675 163.278 -201.923 0.52604 -0.748995 0.402872 
77.8503 -241.711 -211.287 -0.284234 0.882495 0.374741 
-127.259 95.9415 -218.259 0.694554 -0.523629 0.493381 
136.561 -15.1477 -245 -0.78129 0.0866628 0.618137 
70.2108 238.048 -211.601 -0.260658 -0.883753 0.388659 
-84.7182 -58.4959 -232.619 0.603127 0.416445 0.680315 
45.9566 -52.8736 -191.355 -0.453037 0.521224 0.723256 
12.9483 112.333 -180.901 -0.094375 -0.818754 0.56635 
16.4769 -55.0497 -176.683 -0.2118 0.707626 0.67411 
-41.4254 88.7508 -204.52 0.332926 -0.71327 0.616785 
65.6122 -154.832 -230.454 -0.338438 0.798647 0.497634 
-90.7376 186.263 -237.343 0.391144 -0.802926 0.449815 
106.673 -203.362 -229.34 -0.423722 0.807782 0.409836 
-101.206 221.662 -212.815 0.38534 -0.843974 0.373147 
116.074 -163.843 -189.709 -0.531379 0.750065 0.393773 
-55.6433 259.481 -181.482 0.199104 -0.928481 0.313525 
88.6551 -18.064 -131.937 -0.844479 0.172068 0.507214 
-142.553 -97.2557 -216.679 0.715853 0.488386 0.49905 
117.115 -116.935 -228.784 -0.593882 0.592969 0.543792 
-51.7548 253.579 -223.939 0.186421 -0.913393 0.361909 
124.961 -160.544 -234.366 -0.546773 0.702467 0.455627 
-59.5888 265.973 -208.425 0.205598 -0.91768 0.340014 
120.25 -45.2218 -181.284 -0.804951 0.302713 0.510329 
-141.351 87.3522 -226.745 0.71706 -0.443128 0.538033 
80.205 -203.34 -167.669 -0.346589 0.878691 0.328321 
-92.3296 221.199 -184.323 0.361746 -0.866656 0.343605 
88.414 -60.0026 -125.538 -0.739191 0.501656 0.449394 
-36.9816 263.186 -168.952 0.132201 -0.940835 0.31204 
-69.0375 -234.417 -227.923 0.260116 0.883227 0.390215 
-120.538 -1.43768 -247.365 0.785362 0.00936713 0.61898 
-25.9559 160.655 -220.277 0.141363 -0.874968 0.463104 
91.1339 -20.1358 -245.354 -0.69208 0.152914 0.70545 
-7.60334 156.3 -185.528 0.0422286 -0.868082 0.494639 
-10.3016 -73.9582 -168.84 0.106011 0.761087 0.639942 
-21.6542 42.2878 -183.433 0.316615 -0.618306 0.719354 
34.0482 -90.4077 -194.354 -0.27859 0.739738 0.612529 
-59.7452 137.977 -227.432 0.338881 -0.78262 0.522191 
72.4992 -180.471 -231.498 -0.330454 0.822592 0.462774 
-122.06 156.055 -237.866 0.546241 -0.698373 0.462507 
37.4442 -258.93 -214.072 -0.133234 0.921324 0.365278 
-128.562 72.8036 -234.817 0.731635 -0.414319 0.541357 
123.404 50.1501 -250.619 -0.723399 -0.293982 0.624729 
-63.8006 123.482 -206.118 0.380488 -0.73641 0.559416 
-7.38537 -143.962 -199.317 0.0442191 0.861956 0.505068 
-76.2601 72.7632 -240.444 0.558004 -0.532416 0.636539 
61.4333 -104.592 -215.118 -0.407571 0.693899 0.593639 
-67.634 180.871 -233.429 0.311425 -0.832831 0.457629 
88.4442 -191.74 -235.298 -0.375293 0.813606 0.444091 
-121.574 172.648 -227.752 0.519497 -0.737738 0.431142 
49.683 -268.86 -210.104 -0.170559 0.922981 0.345013 
-123.808 34.012 -197.504 0.816013 -0.224171 0.532811 
126.64 139.529 -241.909 -0.584174 -0.643629 0.494469 
-16.6168 -146.073 -209.572 0.0982927 0.864058 0.493721 
-82.7557 54.2937 -243.497 0.621268 -0.407596 0.66926 
36.9226 -142.547 -198.538 -0.21432 0.827421 0.519094 
-35.1872 134.703 -212.996 0.216021 -0.826969 0.519109 
77.5395 -140.465 -234.897 -0.412168 0.746656 0.52215 
-87.1164 203.954 -234.446 0.355444 -0.832154 0.425672 
116.452 -186.975 -228.128 -0.47966 0.770139 0.42051 
-76.6586 252.6 -209.5 0.272107 -0.896625 0.34934 
119.935 -70.846 -177.88 -0.754823 0.445876 0.481097 
-74.7346 245.758 -198.121 0.271407 -0.892497 0.360285 
69.0391 -231.181 -228.807 -0.264525 0.885774 0.381376 
-93.6735 193.982 -232.359 0.390262 -0.808166 0.441114 
129.94 -122.988 -215.459 -0.644199 0.609734 0.46179 
-53.0323 253.354 -207.834 0.190564 -0.910389 0.36728 
93.4613 -182.934 -238.686 -0.408708 0.799974 0.439336 
-87.8689 168.338 -230.229 0.405527 -0.776904 0.481649 
125.905 -140.048 -232.085 -0.5916 0.658055 0.465821 
-71.8707 221.341 -217.731 0.28183 -0.867955 0.408954 
118.936 -139.048 -239.609 -0.570485 0.666957 0.479304 
-107.942 134.392 -236.245 0.532643 -0.663161 0.525858 
114.399 -184.366 -222.123 -0.480953 0.775107 0.409768 
-57.9251 254.68 -213.902 0.206383 -0.907408 0.366107 
129.141 -64.9235 -219.717 -0.758714 0.381431 0.528091 
-131.988 -62.5557 -248.572 0.726314 0.344235 0.594968 
75.2067 -125.445 -213.412 -0.427686 0.713384 0.555144 
1.52468 171.233 -209.249 -0.00787761 -0.884715 0.466083 
100.422 -72.0853 -250.893 -0.640552 0.459804 0.615054 
-73.6841 116.45 -222.155 0.439036 -0.693851 0.57082 
77.5714 -192.764 -236.205 -0.33536 0.833369 0.439371 
-82.9789 206.688 -231.48 0.337138 -0.839758 0.42563 
131.176 -129.844 -223.229 -0.629198 0.622807 0.465015 
-32.7651 262.925 -207.084 0.115434 -0.926306 0.358678 
85.4884 -180.343 -239.069 -0.383147 0.80827 0.447119 
-85.5469 158.88 -230.596 0.411534 -0.764314 0.496468 
123.062 -150.086 -234.719 -0.56287 0.686474 0.460378 
-58.6268 232.745 -215.792 0.224278 -0.89037 0.39618 
118.16 -130.363 -242.395 -0.583769 0.644059 0.494387 
-111.126 107.325 -240.205 0.592949 -0.572668 0.56611 
93.1508 -226.347 -220.612 -0.352804 0.857277 0.374997 
-97.0986 227.926 -217.494 0.362929 -0.851926 0.37752 
121.513 -114.231 -184.953 -0.654741 0.615503 0.438733 
-16.4758 280.092 -191.115 0.0555647 -0.94461 0.323484 
41.63 -233.774 -228.424 -0.161835 0.908786 0.384623 
-102.904 161.736 -240.11 0.469955 -0.738635 0.483299 
109.773 -202.261 -222.675 -0.437471 0.806056 0.398636 
-84.2902 245.006 -209.847 0.304134 -0.884024 0.354994 
118.88 -81.8851 -175.848 -0.728361 0.501697 0.466699 
-43.8313 267.943 -191.617 0.152044 -0.929454 0.336177 
1.21025 -239.998 -225.044 -0.00466045 0.924189 0.381928 
-124.884 92.6658 -249.918 0.666625 -0.494646 0.557632 
14.8809 -231.892 -208.289 -0.0587336 0.915255 0.398593 
-36.9216 155.558 -219.969 0.201982 -0.850988 0.48481 
76.5683 -138.002 -232.668 -0.412017 0.742592 0.528031 
-100.751 191.043 -237.307 0.420031 -0.796463 0.435015 
83.009 -235.621 -223.823 -0.307052 0.871567 0.382241 
-130.1 106.36 -204.467 0.684344 -0.55947 0.467637 
32.8469 -268.967 -200.482 -0.113713 0.931146 0.346487 
-33.873 218.75 -227.574 0.13997 -0.903917 0.404178 
102.298 -148.518 -242.556 -0.490363 0.71192 0.502724 
-87.4801 230.781 -225.491 0.327247 -0.863309 0.384219 
125.757 -159.846 -213.873 -0.559592 0.711284 0.425382 
-40.0583 277.035 -199.281 0.135304 -0.935731 0.325757 
116.666 -23.5673 -185.295 -0.830007 0.167667 0.531971 
-38.2894 -255.489 -221.953 0.138754 0.92585 0.35152 
-131.687 65.6336 -249.22 0.728936 -0.363306 0.58024 
-2.42575 -235.37 -204.972 0.00947015 0.918884 0.394436 
17.0802 128.526 -198.971 -0.111865 -0.841769 0.528137 
68.1117 -56.436 -235.859 -0.567823 0.470488 0.675452 
-56.2747 90.405 -210.832 0.413287 -0.663943 0.62321 
53.1082 -176.612 -226.91 -0.255148 0.848496 0.463651 
-102.36 163.716 -242.094 0.465945 -0.745237 0.477006 
74.5331 -238.829 -224.712 -0.27528 0.88209 0.382302 
-132.669 101.043 -212.074 0.697228 -0.531023 0.481565 
44.1528 -258.918 -204.183 -0.156821 0.919621 0.36017 
-46.6367 212.052 -229.78 0.195716 -0.8899 0.412055 
93.7426 -163.183 -238.14 -0.435549 0.758183 0.485256 
-114.533 188.416 -228.468 0.471843 -0.776219 0.418169 
65.7662 -258.94 -213.243 -0.2303 0.906754 0.353238 
-122.589 47.5425 -187.942 0.800132 -0.310308 0.513338 
143.247 -51.0256 -232.619 -0.770791 0.274562 0.574904 
-11.6291 275.975 -182.776 0.0401606 -0.953071 0.3001 
104.496 -9.25263 -155.664 -0.850556 0.0753129 0.52048 
-136.35 -135.161 -228.463 0.625021 0.619569 0.474869 
91.2141 122.283 -239.583 -0.497247 -0.666614 0.555327 
-7.14003 -68.3991 -173.887 0.0804859 0.771028 0.631709 
-43.5898 40.2408 -213.478 0.4991 -0.460754 0.733909 
30.4959 -104.87 -188.679 -0.226651 0.779416 0.584087 
-36.6055 122.615 -210.518 0.240558 -0.805783 0.541167 
75.1637 -143.178 -233.987 -0.397719 0.757611 0.517555 
-87.6698 200.524 -235.032 0.361592 -0.827055 0.430405 
115.012 -189.593 -228.571 -0.470924 0.7763 0.419055 
-80.5063 248.754 -210.214 0.28816 -0.89038 0.352428 
120.845 -81.7598 -179.454 -0.730992 0.494564 0.470186 
-44.146 267.383 -192.965 0.153286 -0.928417 0.338472 
2.35236 -237.569 -225.023 -0.00913969 0.923032 0.384638 
-123.803 94.4842 -250.079 0.660147 -0.503813 0.557132 
14.5407 -232.265 -208.719 -0.0573142 0.915507 0.398221 
-42.866 155.397 -222.919 0.232393 -0.842467 0.486067 
73.5929 -142.192 -230.172 -0.392062 0.757518 0.521988 
-109.05 175.719 -239.461 0.47098 -0.758918 0.44971 
57.4602 -247.791 -220.093 -0.209261 0.902414 0.376663 
-131.467 57.1832 -216.509 0.777226 -0.338064 0.530706 
136.39 -17.1854 -244.243 -0.779568 0.0982267 0.618581 
69.0849 244.987 -211.555 -0.251189 -0.890761 0.37877 
-75.886 -97.7471 -228.757 0.486053 0.626075 0.609754 
21.6547 34.0686 -176.702 -0.343865 -0.54099 0.767531 
-1.8023 10.1262 -119.207 -0.0805438 0.452538 0.88811 
-10.3896 17.3131 -154.905 0.292943 -0.488158 0.822134 
12.2946 -68.2119 -164.163 -0.133772 0.742181 0.656727 
-23.9728 80.4481 -188.563 0.223734 -0.750808 0.621489 
56.9091 -118.902 -222.62 -0.358469 0.748964 0.557288 
-74.9731 178.487 -233.632 0.343005 -0.816587 0.464274 
112.055 -179.327 -237.231 -0.475069 0.760279 0.443061 
-69.24 252.375 -218.217 0.246476 -0.898387 0.363548 
127.974 -66.4182 -197.563 -0.767197 0.398172 0.502877 
-119.188 171.427 -220.591 0.509155 -0.732313 0.452213 
118.817 -144.727 -203.845 -0.574872 0.700233 0.423336 
-105.789 200.336 -219.867 0.42345 -0.801901 0.4215 
124.377 -106.631 -204.51 -0.671901 0.576033 0.465567 
-134.812 108.984 -233.249 0.660307 -0.533799 0.528271 
98.0398 -191 -183.163 -0.426578 0.831053 0.356931 
-69.693 257.746 -195.973 0.246007 -0.90981 0.334281 
101.732 -26.9641 -153.889 -0.831107 0.220285 0.51064 
-138.37 -126.194 -226.65 0.647712 0.590716 0.481187 
107.871 84.4402 -245.525 -0.625309 -0.489487 0.60779 
-68.5475 15.7833 -222.03 0.630108 -0.145085 0.762845 
-26.6206 -145.936 -188.823 0.153506 0.841527 0.517963 
12.2509 45.4602 -157.413 -0.178894 -0.663832 0.726182 
5.1512 -13.2394 -147.466 -0.212298 0.54564 0.810693 
-20.0396 51.9985 -171.567 0.255642 -0.663336 0.703314 
28.9006 -101.974 -196.9 -0.222088 0.783621 0.580199 
-73.0444 128.904 -234.599 0.41529 -0.732877 0.538927 
59.3353 -198.419 -225.849 -0.25738 0.860689 0.439304 
-130.375 110.568 -239.56 0.656372 -0.556651 0.509247 
65.1725 -215.555 -215.879 -0.26296 0.86973 0.417658 
-96.5645 168.605 -241.646 0.440961 -0.769935 0.46127 
78.5162 -175.809 -226.37 -0.359474 0.804916 0.47213 
-124.276 134.438 -238.145 0.594932 -0.643583 0.481533 
82.324 -196.693 -222.607 -0.346461 0.827782 0.441315 
-120.433 142.948 -237.74 0.568089 -0.674293 0.471827 
97.7284 -168.713 -229.668 -0.440295 0.760102 0.477915 
-123.638 148.376 -228.178 0.571281 -0.685589 0.451245 
81.3137 -215.04 -219.955 -0.321755 0.850905 0.415274 
-125.077 126.712 -233.379 0.615944 -0.623995 0.480895 
118.233 -121.466 -238.206 -0.588548 0.604644 0.536689 
-107.669 199.211 -212.232 0.438938 -0.812134 0.384433 
66.289 -258.495 -210.673 -0.232361 0.906094 0.353581 
-120.792 40.7228 -189.321 0.808711 -0.272642 0.521219 
140.294 83.7374 -240.702 -0.717372 -0.428179 0.549598 
-98.2949 103.89 -227.444 0.557928 -0.589686 0.583955 
25.2026 -232.75 -224.447 -0.0989771 0.91407 0.393316 
-129.609 98.4874 -245.972 0.671843 -0.510522 0.536666 
31.7397 -230.802 -209.141 -0.124889 0.908154 0.399596 
-45.8316 169.339 -226.011 0.230971 -0.853392 0.467323 
78.125 -151.733 -232.636 -0.394767 0.76671 0.506292 
-113.473 175.003 -237.533 0.487144 -0.751298 0.445264 
53.8063 -253.978 -217.865 -0.192638 0.909292 0.368912 
-130.364 51.0644 -215.228 0.786621 -0.308124 0.535075 
135.75 33.8315 -246.824 -0.767382 -0.191246 0.612019 
30.5214 201.9 -190.792 -0.134573 -0.890205 0.43525 
-68.1035 10.1195 -212.023 0.62506 -0.092878 0.775043 
-44.4926 -122.937 -189.357 0.279584 0.772513 0.570152 
25.949 14.9687 -176.899 -0.454437 -0.262142 0.851344 
-12.7646 13.6139 -147.936 0.339301 -0.361879 0.868295 
-3.00573 -55.2572 -137.864 0.0377159 0.693369 0.719607 
-0.0562221 22.1549 -128.033 0.00149192 -0.587906 0.808939 
5.83277 -22.2282 -140.182 -0.154015 0.586939 0.794858 
-13.001 51.0192 -161.664 0.176429 -0.692355 0.699668 
26.8604 -83.2118 -191.069 -0.241363 0.747728 0.618599 
-59.6378 125.793 -225.323 0.359224 -0.757705 0.544848 
75.3915 -182.162 -233.419 -0.339684 0.820751 0.459347 
-116.152 173.275 -236.815 0.498243 -0.743274 0.446446 
57.4103 -259.307 -216.336 -0.201755 0.911277 0.359008 
-127.715 46.7578 -202.199 0.798769 -0.292438 0.5258 
141.124 -5.70948 -240.942 -0.79394 0.0321205 0.607161 
81.759 233.525 -210.073 -0.304352 -0.869306 0.389479 
-99.8622 -3.95068 -236.361 0.705878 0.0279255 0.707795 
-61.8409 -162.487 -204.688 0.30784 0.808851 0.501011 
53.7658 -0.354286 -205.027 -0.589162 0.00388224 0.808016 
20.2 105.219 -161.506 -0.150692 -0.784933 0.600991 
-15.1383 -16.0237 -153.681 0.34446 0.364607 0.865117 
-1.7019 0.476361 -137.465 -0.320288 0.0896481 0.943078 
-5.55782 20.4061 -120.191 0.13763 -0.505322 0.851895 
-1.12288 -28.1524 -122.039 0.0228485 0.57285 0.819352 
-1.11883 13.3668 -120.406 0.0436167 -0.521095 0.852394 
4.07494 -20.3624 -131.323 -0.114134 0.570328 0.81346 
-7.35176 37.3963 -146.232 0.128763 -0.654979 0.744607 
14.5409 -57.0835 -167.754 -0.181082 0.710878 0.679616 
-35.7344 92.2431 -202.228 0.288236 -0.744041 0.602777 
64.0812 -143.199 -228.319 -0.349692 0.781439 0.516803 
-91.3415 183.177 -238.178 0.397749 -0.797647 0.453401 
98.2496 -213.626 -229.491 -0.382233 0.831095 0.403977 
-117.947 185.692 -214.022 0.49085 -0.772781 0.40236 
74.005 -253.23 -197.908 -0.264313 0.904424 0.334923 
-108.095 54.0564 -156.817 0.782901 -0.391514 0.483529 
100.69 -216.13 -196.434 -0.390579 0.838373 0.380258 
-108.309 183.662 -213.787 0.466335 -0.790769 0.396526 
105.569 -192.352 -225.828 -0.432911 0.788784 0.436377 
-125.532 103.985 -203.711 0.680613 -0.563789 0.467895 
126.179 -148.74 -227.459 -0.567 0.668382 0.48145 
-115.238 140.053 -189.795 0.57873 -0.703357 0.412769 
81.4143 -241.046 -206.874 -0.297262 0.880115 0.370203 
-125.155 115.004 -218.513 0.648954 -0.59632 0.472523 
135.682 -51.0008 -242.945 -0.749998 0.281913 0.59837 
9.86421 284.968 -203.464 -0.0327382 -0.945776 0.323192 
124.326 -10.4755 -208.396 -0.828795 0.0698324 0.555193 
72.2007 -203.441 -229.313 -0.306532 0.863722 0.40005 
-121.398 -13.1791 -252.01 0.754671 0.0819283 0.650981 
13.7109 -177.807 -188.062 -0.0681044 0.883199 0.464046 
34.1816 68.5502 -186.366 -0.326357 -0.654498 0.682012 
-0.84412 -5.93007 -127.417 0.0759701 0.533701 0.842264 
-6.89613 12.6529 -149.926 0.265713 -0.487525 0.831705 
14.3013 -59.385 -163.097 -0.171445 0.711912 0.681033 
-22.7426 83.0122 -187.076 0.208116 -0.75964 0.616159 
58.8044 -117.026 -224.565 -0.371924 0.740164 0.560221 
-67.0043 181.063 -229.776 0.307851 -0.831895 0.461732 
121.584 -151.292 -240.191 -0.55235 0.687313 0.471727 
-35.7905 255.085 -214.444 0.129057 -0.91981 0.370555 
126.638 -83.1846 -239.534 -0.704027 0.462455 0.538979 
-121.921 -18.0592 -250.31 0.750745 0.111202 0.651179 
-17.2857 -184.015 -187.098 0.0831309 0.884966 0.458194 
50.5665 27.2598 -201.885 -0.541283 -0.291799 0.788596 
-21.3057 51.2266 -150.601 0.261288 -0.628229 0.732853 
-13.23 -50.4391 -145.433 0.169885 0.647682 0.742741 
0.166584 4.26349 -117.327 -0.018703 -0.478676 0.877802 
3.78862 -11.9751 -131.08 -0.161547 0.510621 0.844504 
-7.46267 39.0548 -145.309 0.125651 -0.657578 0.742846 
12.0542 -54.6111 -163.188 -0.156835 0.710535 0.685974 
-31.5383 83.9345 -196.687 0.276246 -0.735188 0.619035 
59.1351 -134.95 -224.823 -0.3404 0.776813 0.529818 
-88.4849 177.265 -238.331 0.395917 -0.793155 0.462787 
95.1339 -212.996 -231.017 -0.372295 0.833532 0.408213 
-120.216 180.069 -217.313 0.506134 -0.758128 0.411202 
64.443 -262.959 -201.286 -0.22438 0.91558 0.333744 
-110.338 37.7244 -163.725 0.816328 -0.2791 0.505697 
145.441 -54.0174 -222.487 -0.77901 0.289328 0.556282 
-30.68 249.008 -162.478 0.116962 -0.949295 0.291851 
97.9908 -40.4853 -137.763 -0.807416 0.333587 0.486638 
-56.1951 256.118 -177.091 0.202416 -0.922547 0.328561 
-60.1603 -235.949 -227.43 0.227521 0.892339 0.389849 
-121.806 0.856287 -248.096 0.785435 -0.00552155 0.618934 
9.89096 164.713 -216.527 -0.0531985 -0.885907 0.460822 
87.8743 -50.5409 -244.383 -0.641083 0.368719 0.673109 
-10.6032 174.952 -197.065 0.0534691 -0.88223 0.467792 
17.8548 -108.342 -195.591 -0.135072 0.819605 0.556795 
-68.4511 106.907 -230.522 0.438957 -0.685566 0.580805 
55.8244 -196.033 -225.376 -0.245705 0.862819 0.441803 
-128.779 114.846 -241.85 0.642158 -0.572679 0.509597 
52.8647 -223.792 -213.473 -0.2099 0.888569 0.407926 
-86.809 168.006 -240.775 0.405966 -0.785685 0.466806 
75.5171 -168.911 -226.251 -0.35752 0.799674 0.482409 
-122.828 137.866 -239.824 0.58302 -0.654401 0.481522 
71.4887 -208.002 -219.599 -0.29384 0.854952 0.427472 
-116.708 141.581 -241.704 0.557471 -0.676278 0.481551 
98.1452 -153.261 -231.998 -0.466502 0.728476 0.501712 
-119.978 163.509 -229.478 0.531597 -0.724475 0.438814 
63.6934 -235.489 -216.478 -0.240233 0.888196 0.391681 
-125.504 111.95 -237.101 0.644984 -0.575329 0.503 
123.33 -67.493 -244.944 -0.697455 0.381685 0.606539 
-25.2434 278.538 -211.944 0.0850592 -0.938549 0.334526 
130.391 -36.2019 -205.167 -0.813659 0.225906 0.53567 
-139.459 35.0214 -239.824 0.775038 -0.194631 0.60121 
-36.1296 -279.239 -201.52 0.121256 0.93716 0.327178 
-124.15 76.8375 -234.752 0.716105 -0.443205 0.539241 
90.6999 159.917 -241.225 -0.431024 -0.759957 0.48652 
89.4446 -3.88528 -248.894 -0.723255 0.0314167 0.689879 
-3.28929 -99.1061 -193.863 0.0276443 0.832922 0.552716 
-66.8906 7.58313 -234.906 0.652292 -0.0739477 0.754364 
47.5224 -56.9267 -201.264 -0.453801 0.543604 0.7061 
-14.6598 151.759 -202.7 0.0835644 -0.865067 0.494665 
93.7067 -95.7992 -247.462 -0.567748 0.580426 0.583767 
-58.6184 150.641 -214.38 0.311858 -0.801429 0.510366 
84.8449 -161.4 -240.607 -0.408001 0.776139 0.480792 
-61.1024 193.621 -222.586 0.269202 -0.853046 0.447057 
126.997 -108.525 -241.903 -0.65131 0.556578 0.515784 
-100.021 153.182 -230.899 0.473181 -0.724675 0.500962 
116.508 -171.625 -230.333 -0.506454 0.746047 0.432361 
-65.9274 232.56 -217.875 0.25052 -0.883715 0.395353 
127.805 -102.201 -234.466 -0.672249 0.537575 0.50903 
-126.417 54.5867 -245.636 0.72364 -0.312467 0.615408 
-3.8578 -280.311 -211.231 0.0129569 0.941457 0.33691 
-128.461 16.4875 -219.901 0.819414 -0.105169 0.563487 
13.2547 231.245 -226.49 -0.0528606 -0.922221 0.383055 
112.23 -80.646 -250.432 -0.650505 0.467438 0.598634 
-3.89882 239.871 -213.161 0.0149655 -0.920737 0.389918 
95.3199 -119.187 -246.559 -0.526935 0.658871 0.536885 
-93.9802 81.0355 -238.296 0.591511 -0.510037 0.624495 
50.8597 -243.617 -225.501 -0.188985 0.905238 0.380586 
-134.978 107.272 -231.898 0.677701 -0.538595 0.500653 
27.9707 -254.623 -207.194 -0.10144 0.923432 0.370135 
-41.2454 189.592 -226.899 0.19092 -0.877602 0.439751 
87.3928 -150.923 -237.175 -0.432326 0.746608 0.505657 
-106.96 195.801 -233.094 0.434934 -0.796189 0.420633 
81.0515 -243.994 -218.575 -0.293101 0.882341 0.368217 
-126.668 87.4531 -193.227 0.723461 -0.499485 0.476588 
56.1024 -258.017 -200.034 -0.198695 0.913803 0.354262 
-46.914 228.88 -229.317 0.184787 -0.901527 0.391306 
100.667 -168.512 -239.047 -0.451534 0.755844 0.474167 
-113.816 193.637 -223.092 0.463055 -0.7878 0.406163 
72.6996 -256.112 -209.5 -0.255951 0.901682 0.348533 
-117.952 54.0499 -176.075 0.788439 -0.36129 0.497845 
131.194 -146.271 -217.254 -0.58973 0.657505 0.468959 
-108.048 129.874 -174.471 0.584494 -0.702561 0.405946 
98.0322 -223.429 -205.386 -0.371455 0.846596 0.381201 
-121.032 96.4626 -197.456 0.69055 -0.55037 0.469309 
142.903 -30.5413 -237.439 -0.788503 0.168519 0.591507 
49.9104 272.777 -199.711 -0.169763 -0.927812 0.332208 
69.4988 -200.159 -234.562 -0.297526 0.856887 0.420999 
-93.7769 143.024 -235.815 0.468769 -0.714945 0.518774 
117.497 -175.924 -230.018 -0.501554 0.750959 0.42956 
-50.1448 256.424 -214.526 0.178591 -0.913255 0.366179 
129.746 -64.8484 -225.286 -0.755671 0.377692 0.535097 
-128.693 -63.0878 -249.581 0.717675 0.351819 0.600985 
79.2592 -101.961 -218.175 -0.491632 0.632446 0.598604 
-8.31238 191.261 -215.212 0.0389625 -0.896494 0.441359 
114.135 -77.6967 -252.354 -0.668038 0.454764 0.589009 
-74.7551 145.976 -221.23 0.389566 -0.760713 0.519202 
87.0038 -181.932 -239.273 -0.385238 0.805563 0.450198 
-67.2068 207.81 -225.365 0.278116 -0.85996 0.427945 
132.139 -95.5728 -232.716 -0.695486 0.503027 0.513108 
-111.291 148.203 -232.246 0.519588 -0.69192 0.501291 
117.479 -171.937 -220.155 -0.51261 0.750234 0.417608 
-66.9123 242.451 -214.955 0.246001 -0.891363 0.380752 
128.315 -97.0623 -229.198 -0.687617 0.520139 0.506611 
-130.899 25.1283 -246.917 0.763884 -0.146641 0.628487 
-57.7002 -246.427 -212.887 0.210826 0.9004 0.380591 
42.8459 129.408 -211.895 -0.264693 -0.799455 0.539284 
45.2205 -46.1828 -218.674 -0.494802 0.505331 0.706986 
-55.9258 31.7127 -219.346 0.572147 -0.324436 0.753264 
2.819 -145.722 -188.866 -0.0166535 0.860863 0.508581 
-20.1816 87.8088 -190.165 0.179558 -0.781245 0.597856 
57.5564 -106.888 -221.525 -0.38572 0.716324 0.581478 
-70.9141 181.398 -232.306 0.323251 -0.826877 0.460218 
113.899 -172.435 -238.666 -0.491716 0.744425 0.451736 
-60.6609 255.889 -218.003 0.214929 -0.906649 0.363056 
128.826 -53.6972 -203.089 -0.788274 0.328568 0.520274 
-139.347 61.6914 -236.918 0.745975 -0.330257 0.578333 
30.7643 -274.478 -189.962 -0.105984 0.945586 0.307656 
-117.136 42.4032 -171.093 0.811266 -0.293677 0.505587 
111.249 -197.112 -205.951 -0.448462 0.79459 0.409299 
-112.91 170.844 -211.122 0.504018 -0.762629 0.405438 
105.928 -194.508 -224.117 -0.43129 0.791949 0.43223 
-125.119 103.968 -203.665 0.679791 -0.564876 0.46778 
130.247 -133.265 -229.776 -0.605466 0.619496 0.499652 
-110.44 154.515 -185.433 0.534679 -0.748063 0.393113 
62.107 -261.075 -201.025 -0.217141 0.91278 0.345978 
-125.696 100.305 -218.309 0.681957 -0.544203 0.488666 
136.325 13.1571 -246.591 -0.78178 -0.075452 0.618986 
59.2975 206.173 -202.139 -0.249152 -0.866279 0.433014 
-75.2329 36.7923 -214.219 0.613946 -0.300247 0.730027 
-45.7655 -145.268 -203.403 0.25594 0.812397 0.523949 
9.72839 45.8681 -157.782 -0.145433 -0.685699 0.71322 
12.2856 -22.5544 -166.773 -0.297733 0.546589 0.782696 
-25.3181 69.2688 -180.492 0.258066 -0.706052 0.659477 
37.911 -116.854 -208.771 -0.256896 0.791839 0.554088 
-78.8128 145.405 -236.577 0.409172 -0.7549 0.512564 
76.683 -209.1 -231.554 -0.31202 0.850819 0.42281 
-129.231 143.307 -229.78 0.594216 -0.658938 0.461221 
27.1086 -267.708 -208.979 -0.0942302 0.930561 0.353827 
-117.504 123.44 -242.515 0.596231 -0.626349 0.502208 
118.1 -47.7386 -247.244 -0.714316 0.288743 0.637494 
20.507 261.437 -215.174 -0.0728165 -0.928313 0.364624 
112.54 -89.3192 -248.761 -0.648288 0.514525 0.561252 
-105.539 -27.3915 -248.888 0.712177 0.184839 0.677242 
45.8174 -118.858 -192.731 -0.296654 0.769571 0.565486 
10.2611 107.401 -183.25 -0.0782209 -0.818725 0.568848 
38.1358 -63.4529 -207.219 -0.384317 0.639452 0.665897 
-42.3716 104.379 -202.335 0.304314 -0.749653 0.587733 
68.5684 -149.85 -233.346 -0.359619 0.785916 0.503018 
-68.3493 190.839 -228.81 0.301216 -0.841031 0.449391 
129.214 -127.347 -237.123 -0.621711 0.612727 0.487912 
-43.7078 240.931 -211.839 0.164598 -0.907315 0.386917 
90.9951 -164.441 -241.734 -0.427532 0.772611 0.469368 
-82.7202 155.893 -228.917 0.405449 -0.7641 0.501776 
119.885 -154.094 -237.591 -0.544728 0.700164 0.461584 
-59.5344 227.257 -217.08 0.231887 -0.88517 0.403385 
120.228 -123.832 -242.464 -0.602782 0.620852 0.501213 
-112.49 102.568 -240.784 0.606033 -0.552582 0.572184 
87.741 -233.871 -219.599 -0.326558 0.870432 0.36841 
-106.945 213.006 -217.668 0.413602 -0.823785 0.387723 
116.004 -158.579 -187.952 -0.542084 0.741032 0.396276 
-45.8348 268.721 -184.376 0.159713 -0.936373 0.312594 
97.4005 -13.9056 -149.918 -0.846418 0.120841 0.518643 
-9.36145 -267.121 -206.775 0.0331785 0.94672 0.320371 
-133.766 112.411 -241.588 0.65369 -0.549331 0.52052 
33.8318 -279.292 -204.957 -0.11362 0.93797 0.327597 
-120.455 22.2965 -186.9 0.832792 -0.154152 0.531707 
132.69 128.868 -239.843 -0.620823 -0.602942 0.501055 
-73.0046 -112.61 -230.757 0.444498 0.685638 0.576489 
-5.89756 48.764 -166.235 0.0890462 -0.736278 0.670808 
43.0578 -42.7259 -209.184 -0.482787 0.479065 0.733097 
-21.1285 133.766 -193.462 0.132603 -0.839516 0.526922 
58.3637 -115.697 -227.101 -0.37389 0.74118 0.557563 
-53.4126 154.029 -217.266 0.283306 -0.816984 0.502287 
111.047 -135.36 -246.831 -0.547065 0.666843 0.506021 
-54.8105 203.35 -216.688 0.234405 -0.869656 0.434477 
108.362 -136.909 -246.033 -0.537085 0.678575 0.501092 
-87.7882 149.821 -229.427 0.434657 -0.741791 0.510722 
114.991 -167.581 -236.743 -0.506002 0.73742 0.447427 
-59.8791 229.607 -218.166 0.231236 -0.886676 0.40044 
126.19 -104.514 -239.097 -0.66033 0.546899 0.514668 
-121.792 65.1626 -245.106 0.697282 -0.373068 0.612074 
20.0093 -278.151 -213.173 -0.0675429 0.938922 0.337464 
-130.779 30.162 -209.382 0.817929 -0.188642 0.543529 
137.653 26.8738 -245.206 -0.776615 -0.151618 0.611472 
58.0602 201.81 -198.969 -0.248489 -0.863717 0.43848 
-71.3714 56.5115 -206.32 0.560557 -0.443847 0.699137 
-45.4587 -120.493 -199.214 0.290088 0.768905 0.569782 
8.68125 30.9055 -149.817 -0.173634 -0.618141 0.766662 
4.51806 -9.43664 -147.582 -0.240452 0.50222 0.830648 
-17.7415 50.2805 -166.381 0.234723 -0.665217 0.708809 
23.5162 -92.2738 -189.393 -0.197993 0.776892 0.597708 
-64.7954 118.842 -229.502 0.397726 -0.729475 0.556505 
58.1074 -185.948 -225.014 -0.26551 0.849652 0.455646 
-126.778 120.602 -242.664 0.625155 -0.594699 0.505501 
52.1212 -223.193 -213.885 -0.207536 0.888708 0.408833 
-92.0069 161.786 -242.247 0.435339 -0.765503 0.473817 
78.268 -163.784 -226.773 -0.375839 0.786484 0.490107 
-120.709 145.606 -239.547 0.562182 -0.678134 0.473396 
67.2666 -213.776 -218.841 -0.272363 0.865579 0.420249 
-118.203 134.48 -242.223 0.575592 -0.654853 0.489775 
103.718 -136.779 -235.084 -0.514281 0.678208 0.524944 
-114.474 182.695 -226.152 0.482651 -0.770289 0.416797 
58.1076 -250.185 -215.416 -0.209921 0.903823 0.3729 
-129.76 71.7004 -224.666 0.743681 -0.41093 0.527345 
131.674 34.8531 -248.889 -0.757945 -0.200621 0.620715 
5.80407 193.983 -186.969 -0.0268175 -0.896289 0.442677 
-57.2985 -28.8108 -207.537 0.564196 0.283688 0.775385 
17.9337 -70.9297 -147.578 -0.18099 0.715836 0.674418 
16.4332 40.1953 -146.811 -0.234835 -0.574404 0.784174 
2.68502 10.1198 -108.9 0.0864877 0.32597 0.941425 
-2.48451 7.52663 -120.388 0.145701 -0.441391 0.885417 
2.78448 -27.008 -126.881 -0.0608503 0.590216 0.80496 
-3.39159 27.3413 -133.528 0.0760087 -0.612745 0.786628 
8.04637 -36.5509 -148.816 -0.143725 0.652875 0.743717 
-17.8547 62.3809 -173.985 0.205094 -0.716558 0.666707 
41.5341 -102.612 -209.135 -0.304686 0.752746 0.583573 
-69.1233 153.471 -231.29 0.355414 -0.789108 0.501005 
96.6451 -186.92 -238.153 -0.411206 0.795309 0.445434 
-95.6711 221.403 -226.42 0.364693 -0.843976 0.393346 
123.048 -165.332 -209.298 -0.543337 0.730049 0.414524 
-46.28 273.96 -196.956 0.157587 -0.932852 0.323993 
110.79 -20.1806 -171.893 -0.837122 0.152484 0.525351 
-71.1718 -243.161 -221.884 0.261876 0.894707 0.361854 
-135.206 -0.555982 -240.844 0.806912 0.00331811 0.590677 
115.226 32.3295 -248.933 -0.725016 -0.203422 0.658019 
-9.29539 162.933 -180.148 0.0498141 -0.87316 0.4849 
-37.0406 -47.974 -185.918 0.405695 0.525445 0.747888 
7.20428 2.08911 -158.818 -0.399983 -0.115988 0.909163 
-6.83545 8.90848 -138.002 0.284352 -0.370589 0.884208 
0.952033 -45.0656 -133.333 -0.0140271 0.663988 0.747623 
-1.44474 26.2852 -131.337 0.0335606 -0.610595 0.791242 
7.28245 -29.5579 -145.546 -0.153518 0.623095 0.766943 
-16.1329 58.463 -169.644 0.195573 -0.708726 0.677847 
36.0844 -96.3044 -203.217 -0.282213 0.753188 0.594206 
-66.8588 143.748 -230.066 0.361259 -0.776716 0.515966 
88.5812 -188.704 -236.855 -0.380158 0.80985 0.446811 
-107.274 201.155 -230.261 0.428507 -0.803519 0.413227 
99.7821 -223.95 -213.412 -0.377739 0.847794 0.372258 
-117.589 158.703 -190.249 0.545838 -0.736684 0.399218 
47.9312 -266.547 -183.375 -0.168144 0.935056 0.312114 
-93.9404 13.5241 -143.009 0.848162 -0.122105 0.515489 
64.1598 251.601 -209.31 -0.232563 -0.911992 0.337939 
138.782 -14.1634 -230.798 -0.816565 0.0833344 0.571222 
-121.904 91.817 -238.586 0.652428 -0.491403 0.576956 
74.3266 -249.309 -213.418 -0.267755 0.898113 0.34888 
-119.408 186.553 -216.401 0.492451 -0.769364 0.406926 
93.0811 -220.338 -189.443 -0.365123 0.864307 0.345941 
-108.155 136.081 -164.214 0.571984 -0.71967 0.393606 
37.5293 -257.708 -166.049 -0.137524 0.944355 0.298828 
-81.8081 8.06919 -127.984 0.853412 -0.0841768 0.514411 
-85.8723 184.285 -191.484 0.393583 -0.844643 0.362888 
141.826 63.0961 -240.662 -0.75417 -0.335517 0.564512 
-93.4768 132.752 -222.631 0.485779 -0.689885 0.536745 
25.0292 -217.89 -223.99 -0.104122 0.906423 0.409357 
-122.163 111.375 -248.561 0.624662 -0.569498 0.534309 
21.7453 -235.897 -211.022 -0.0843638 0.915194 0.394106 
-76.781 151.35 -238.87 0.393459 -0.775585 0.493635 
74.9537 -143.321 -226.421 -0.395163 0.755601 0.522427 
-112.406 162.608 -241.09 0.504237 -0.729432 0.462269 
52.6053 -229.756 -217.884 -0.204457 0.892979 0.401003 
-125.36 100.22 -241.716 0.664974 -0.531621 0.524601 
119.638 -58.5457 -245.714 -0.702209 0.34363 0.623568 
-4.34931 275.363 -214.7 0.014823 -0.938474 0.345057 
130.529 -21.2428 -222.76 -0.815354 0.132694 0.563567 
-84.0218 -186.504 -237.709 0.36717 0.815009 0.448289 
-106.454 -14.9534 -252.189 0.749006 0.105211 0.65417 
-11.4715 119.177 -204.095 0.0818413 -0.850248 0.519998 
75.7429 -12.4024 -238.862 -0.666535 0.109141 0.737453 
-35.5131 105.558 -186.681 0.257935 -0.766675 0.587959 
5.84265 -106.662 -184.952 -0.0451704 0.824623 0.563892 
-62.6185 86.7973 -229.25 0.460575 -0.638416 0.616695 
40.9857 -149.849 -207.603 -0.227433 0.831525 0.506812 
-88.8505 135.265 -243.458 0.468908 -0.71386 0.520141 
56.3234 -178.243 -217.828 -0.266246 0.842571 0.468192 
-112.207 131.543 -246.698 0.559227 -0.655598 0.507418 
78.084 -171.109 -224.117 -0.364355 0.798427 0.479351 
-114.306 153.837 -241.328 0.526601 -0.708721 0.469493 
72.686 -200.562 -221.734 -0.306361 0.845342 0.437673 
-122.155 129.394 -240.5 0.598013 -0.633454 0.491054 
103.129 -147.875 -233.13 -0.492847 0.706685 0.507657 
-118.403 170.237 -226.352 0.516064 -0.741985 0.427965 
61.8444 -241.994 -215.594 -0.228707 0.894919 0.383185 
-127.588 100.135 -233.806 0.676535 -0.530965 0.510289 
127.695 -34.3464 -247.118 -0.749787 0.201671 0.630211 
44.5739 257.535 -213.265 -0.158596 -0.916322 0.36772 
31.081 -167.59 -220.783 -0.161429 0.870433 0.465085 
-80.9071 125.633 -234.933 0.452694 -0.702948 0.548589 
89.9651 -206.43 -234.431 -0.362651 0.832124 0.419608 
-107.285 205.555 -227.159 0.422958 -0.810375 0.405482 
108.183 -206.573 -207.781 -0.429547 0.820206 0.377848 
-101.923 203.63 -188.759 0.417822 -0.834757 0.35864 
101.262 -164.876 -164.768 -0.48725 0.793348 0.36497 
-75.0232 204.515 -153.993 0.326414 -0.889811 0.318916 
74.3557 -55.7803 -103.712 -0.72059 0.540573 0.43422 
2.22408 256.28 -150.713 -0.0082947 -0.955794 0.293949 
-132.101 -130.92 -237.429 0.612317 0.606842 0.506782 
99.1881 -48.3985 -233.613 -0.664995 0.324482 0.672689 
23.0888 233.958 -218.445 -0.0901553 -0.913542 0.396649 
108.67 -63.5315 -251.379 -0.68677 0.401505 0.605935 
-94.8298 -36.3532 -245.379 0.677932 0.259886 0.687666 
58.6138 -53.1509 -209.203 -0.519614 0.471186 0.712743 
1.48178 162.087 -201.901 -0.0080121 -0.876413 0.481512 
78.0166 -86.3466 -241.103 -0.532178 0.589 0.60818 
-67.5321 103.386 -220.336 0.439268 -0.67248 0.595677 
74.202 -190.626 -235.19 -0.325043 0.83504 0.443928 
-90.6692 200.767 -234.071 0.37151 -0.822627 0.430444 
124.569 -164.665 -223.129 -0.544169 0.719327 0.431817 
-40.4353 273.665 -207.079 0.137472 -0.930407 0.339795 
125.433 -38.9452 -207.261 -0.804679 0.249842 0.538599 
-92.0395 -199.978 -236.241 0.378399 0.822164 0.425297 
-116.733 -27.7915 -249.855 0.761985 0.181412 0.621679 
-63.3517 107.394 -232.812 0.423235 -0.717472 0.553284 
50.5436 107.818 -221.825 -0.349213 -0.744932 0.568458 
62.0497 1.79477 -235.604 -0.657024 -0.0190043 0.753642 
-32.5226 -40.3935 -199.296 0.423666 0.5262 0.737318 
-0.00534778 0.173034 -130.245 0.0175555 -0.568029 0.822832 
17.5752 -12.7634 -182.722 -0.443521 0.322091 0.836399 
-19.7819 60.8794 -165.884 0.224892 -0.692114 0.685871 
12.4454 -84.1974 -176.678 -0.115731 0.782955 0.611232 
-50.4324 94.7547 -218.166 0.375697 -0.705877 0.600505 
49.6834 -157.946 -217.83 -0.260823 0.829172 0.494432 
-114.011 130.024 -247.358 0.566245 -0.645776 0.512209 
48.3502 -211.038 -214.898 -0.20221 0.882601 0.424433 
-102.235 140.123 -245.775 0.510043 -0.69906 0.501187 
85.0347 -146.462 -228.984 -0.429898 0.740446 0.516668 
-113.493 168.764 -237.887 0.498671 -0.741522 0.448876 
57.6996 -230.582 -218.257 -0.222541 0.88933 0.399481 
-126.846 99.6705 -239.042 0.671742 -0.527828 0.519787 
122.526 -55.8653 -245.889 -0.712869 0.325029 0.621443 
1.43246 277.168 -213.418 -0.0048556 -0.939516 0.342497 
129.504 -19.7039 -223.771 -0.814812 0.123973 0.56633 
-45.8524 -216.52 -229.778 0.189402 0.894374 0.405265 
-115.773 36.4689 -254.012 0.734613 -0.231407 0.637818 
67.0536 -140.429 -214.681 -0.365729 0.765939 0.52877 
-51.62 181.104 -228.133 0.24407 -0.856298 0.455194 
91.078 -168.717 -238.422 -0.417663 0.773697 0.476412 
-105.88 202.499 -230.467 0.422266 -0.807601 0.411691 
95.5142 -230.158 -215.668 -0.355886 0.857569 0.3714 
-121.864 136.384 -190.443 0.60426 -0.676255 0.421386 
20.713 -281.174 -189.318 -0.0697243 0.946492 0.315133 
-124.598 93.0547 -218.518 0.695106 -0.519132 0.49734 
129.796 90.5824 -248.123 -0.677671 -0.472933 0.563129 
-90.3247 -14.6338 -238.271 0.685067 0.11099 0.719987 
-12.4578 -142.125 -172.56 0.0744864 0.849778 0.521869 
29.3434 27.5773 -175.907 -0.421477 -0.396109 0.815764 
-9.3478 3.86265 -153.365 0.387153 -0.159977 0.90804 
3.0234 -48.5901 -129.51 -0.0413033 0.663798 0.746782 
2.64953 26.369 -125.925 -0.0578687 -0.575929 0.81546 
1.8339 -10.7634 -124.002 -0.0885026 0.519434 0.849925 
-6.4478 27.9133 -139.975 0.140623 -0.608776 0.780791 
10.5365 -49.4987 -157.621 -0.148048 0.695506 0.703115 
-24.2663 75.1162 -186.446 0.237198 -0.734247 0.63611 
53.7928 -119.735 -220.583 -0.340945 0.758892 0.554848 
-76.3624 173.131 -234.368 0.355846 -0.806786 0.471685 
107.036 -187.171 -236.735 -0.446567 0.7809 0.436797 
-83.9539 240.289 -220.096 0.306199 -0.876388 0.371757 
128.048 -106.896 -198.03 -0.68146 0.568891 0.460426 
-22.8373 275.169 -197.052 0.0778784 -0.938361 0.336795 
18.1791 -224.062 -225.64 -0.0741727 0.914195 0.398451 
-111.715 125.054 -247.369 0.564816 -0.632258 0.53033 
37.9584 -252.659 -218.982 -0.13783 0.917421 0.373308 
-132.201 51.0189 -228.214 0.778873 -0.300582 0.550476 
128.98 30.7157 -249.283 -0.755492 -0.179916 0.629984 
15.8062 190.94 -186.949 -0.0737543 -0.890957 0.448078 
-57.6195 -18.3395 -207.271 0.583673 0.185775 0.790462 
-1.74693 -94.73 -144.359 0.0144759 0.784976 0.619371 
17.4849 19.2453 -150.609 -0.339155 -0.373302 0.863503 
-0.638852 0.227267 -134.158 0.311394 -0.110776 0.943811 
4.31362 -26.4277 -116.1 -0.0871855 0.534149 0.840893 
2.12407 22.6932 -117.628 -0.0489298 -0.522757 0.851086 
0.524099 -6.7408 -113.841 -0.0353885 0.455155 0.889718 
-2.58211 14.1142 -122.46 0.0946065 -0.517133 0.85067 
4.06947 -26.5657 -132.653 -0.0922441 0.602173 0.79303 
-6.84068 36.745 -145.827 0.122024 -0.655454 0.745324 
15.1744 -56.3043 -168.54 -0.190333 0.706226 0.681935 
-36.1175 93.9315 -202.697 0.287246 -0.747047 0.599523 
65.6383 -143.991 -229.383 -0.355431 0.779711 0.515496 
-89.638 186.423 -237.371 0.387076 -0.805016 0.449599 
104.074 -205.978 -230.033 -0.41141 0.814243 0.409594 
-107.282 210.737 -213.739 0.419244 -0.823533 0.38216 
107.009 -197.377 -193.568 -0.442995 0.817101 0.368942 
-96.2271 195.727 -174.073 0.413548 -0.841161 0.348488 
95.235 -145.669 -148.548 -0.509417 0.779189 0.365208 
-63.787 205.251 -143.979 0.282455 -0.908871 0.306903 
55.6169 -27.1188 -79.9654 -0.795654 0.387961 0.465229 
-61.5915 227.607 -149.374 0.247852 -0.915918 0.315722 
-57.3319 -263.001 -215.707 0.199894 0.916983 0.345257 
-131.464 -14.1146 -225.004 0.818311 0.0878575 0.568037 
-23.6574 217.4 -226.954 0.0993494 -0.912974 0.395758 
105.7 -80.0535 -246.932 -0.631284 0.478115 0.610658 
-21.5944 253.441 -218.814 0.0787644 -0.924413 0.373194 
131.44 -45.885 -235.559 -0.778492 0.271767 0.565782 
-121.398 -51.5934 -250.351 0.716553 0.30453 0.627559 
62.9869 -118.86 -205.427 -0.385305 0.727093 0.568237 
7.8849 141.751 -198.253 -0.0478153 -0.859598 0.508746 
72.9946 -73.1196 -238.428 -0.544148 0.54508 0.637815 
-59.9692 103.797 -214.19 0.402063 -0.69591 0.59504 
67.1778 -178.882 -233.222 -0.312087 0.831029 0.460446 
-87.951 191.071 -235.319 0.374419 -0.813416 0.445177 
121.335 -172.986 -228.266 -0.518002 0.738514 0.431612 
-50.2284 268.397 -210.438 0.172611 -0.92235 0.345679 
123.919 -34.3878 -197.447 -0.815662 0.226348 0.532428 
-129.037 -131.063 -242.406 0.605787 0.615296 0.504431 
47.6792 129.594 -217.74 -0.291317 -0.791813 0.536828 
59.3813 -31.1576 -232.606 -0.606746 0.318362 0.72837 
-57.5742 -1.36837 -224.171 0.622445 0.0147937 0.782535 
31.069 -70.7563 -176.199 -0.298722 0.680307 0.669302 
-0.0984372 91.1716 -172.707 0.000864271 -0.80048 0.599374 
33.3795 -70.1206 -200.383 -0.327156 0.687261 0.648582 
-43.5098 120.728 -208.212 0.282166 -0.782937 0.554445 
89.5725 -145.039 -242.491 -0.452829 0.733236 0.507275 
-51.1487 208.37 -220.691 0.215522 -0.877992 0.427432 
127.879 -92.9951 -242.78 -0.683759 0.497237 0.534085 
-112.791 104.622 -239.489 0.60295 -0.559285 0.568919 
90.203 -230.027 -220.06 -0.33898 0.864434 0.3713 
-99.7327 224.005 -218.37 0.375978 -0.844464 0.381496 
121.128 -123.083 -186.099 -0.633176 0.643396 0.430287 
-16.2188 281.14 -190.638 0.0545582 -0.945724 0.320387 
84.3579 -208.031 -232.638 -0.34372 0.847632 0.40422 
-96.2105 168.924 -233.223 0.434719 -0.763267 0.477975 
127.408 -138.489 -223.071 -0.602977 0.655422 0.454817 
-64.087 239.676 -213.152 0.238414 -0.891632 0.384928 
115.371 -146.794 -239.671 -0.544869 0.693272 0.471709 
-108.997 127.354 -237.723 0.548865 -0.641303 0.536186 
110.693 -194.385 -221.295 -0.453468 0.796322 0.400319 
-61.9981 256.403 -214.089 0.219129 -0.90624 0.361564 
126.404 -48.1265 -204.377 -0.794007 0.302307 0.527428 
-136.667 -77.1398 -245.179 0.716834 0.404606 0.567856 
91.7114 -100.377 -225.144 -0.54215 0.593375 0.594976 
-18.4147 220.686 -222.267 0.0759447 -0.910138 0.407307 
126.561 -86.3883 -248.966 -0.685602 0.467979 0.55764 
-56.2651 199.837 -213.173 0.243525 -0.864928 0.438876 
67.582 -173.471 -234.846 -0.321612 0.825522 0.463785 
-71.6482 175.108 -227.714 0.333763 -0.815715 0.472471 
126.786 -130.45 -238.562 -0.608771 0.626366 0.48691 
-58.5099 225.356 -215.23 0.229699 -0.884708 0.405645 
105.027 -153.496 -243.418 -0.49632 0.725368 0.476996 
-90.2619 153.113 -230.696 0.438405 -0.743676 0.504741 
119.203 -161.375 -234.318 -0.530985 0.718842 0.448708 
-60.6279 232.131 -217.022 0.231952 -0.888094 0.396869 
123.954 -114.428 -239.928 -0.633924 0.585207 0.505658 
-119.534 78.2332 -243.968 0.670106 -0.438574 0.598855 
48.2151 -269.085 -214.176 -0.165818 0.925418 0.340769 
-134.002 86.3462 -209.428 0.730663 -0.470814 0.494452 
30.3962 -265.49 -200.676 -0.106462 0.929871 0.35217 
6.50912 205.269 -220.989 -0.0287363 -0.906216 0.421858 
113.562 -74.1871 -252.629 -0.670818 0.438226 0.598313 
-44.107 183.249 -207.829 0.207754 -0.863146 0.460256 
46.8259 -156.54 -224.16 -0.250288 0.836718 0.48711 
-75.4641 155.956 -231.949 0.377356 -0.779855 0.499446 
113.676 -172.523 -238.424 -0.491478 0.745903 0.449549 
-52.9053 254.004 -217.972 0.189511 -0.909866 0.369116 
130.56 -51.08 -216.036 -0.786252 0.307611 0.535912 
-135.412 -33.3546 -246.999 0.767025 0.188933 0.613184 
-30.5079 -201.369 -190.769 0.134808 0.889805 0.435995 
67.7617 -9.36026 -211.907 -0.624557 0.0862731 0.776211 
43.9511 122.211 -188.473 -0.277673 -0.7721 0.571643 
-25.91 -14.3574 -176.696 0.456021 0.252694 0.853351 
13.0183 -15.0718 -146.664 -0.330353 0.382462 0.862906 
3.57254 54.3188 -137.593 -0.0453279 -0.68919 0.723173 
0.126655 -20.8633 -127.234 -0.0035281 0.581168 0.813786 
-5.74399 21.835 -139.659 0.153675 -0.584175 0.796957 
12.5759 -50.2879 -160.663 -0.17281 0.691022 0.701885 
-25.8752 81.4344 -189.563 0.237073 -0.746115 0.622194 
58.3352 -123.675 -224.341 -0.356751 0.756339 0.548359 
-74.4748 180.302 -233.141 0.338579 -0.819693 0.462045 
115.62 -172.938 -237.355 -0.496935 0.74329 0.447875 
-57.4757 258.497 -216.792 0.202464 -0.910584 0.360364 
128.166 -47.7536 -203.372 -0.796988 0.296951 0.525973 
-140.796 9.85162 -241.026 0.792321 -0.0554393 0.607595 
-78.5755 -240.048 -209.663 0.287652 0.878777 0.38082 
98.0298 40.3522 -238.46 -0.67182 -0.276543 0.687167 
3.51237 139.655 -166.473 -0.021416 -0.851519 0.523903 
-34.6489 -21.9665 -180.71 0.471797 0.299107 0.829434 
16.1764 -25.2498 -143.075 -0.30246 0.47211 0.828038 
8.9723 49.6164 -136.374 -0.117633 -0.650506 0.750347 
-0.624594 -8.55407 -117.546 0.0354359 0.485309 0.873634 
-2.46956 9.21856 -125.295 0.132209 -0.493522 0.859636 
5.96915 -31.4907 -138.719 -0.118422 0.624744 0.771809 
-8.8276 45.7399 -153.701 0.132652 -0.68733 0.714141 
21.41 -68.2341 -181.158 -0.227025 0.723533 0.651903 
-48.4536 112.568 -215.827 0.325728 -0.756734 0.566808 
74.2544 -164.871 -233.79 -0.359417 0.798033 0.483714 
-101.31 190.233 -237.188 0.422687 -0.793689 0.437506 
94.2142 -227.063 -223.15 -0.353841 0.852782 0.384157 
-124.671 150.785 -203.799 0.577749 -0.698769 0.421836 
30.6567 -279.952 -195.283 -0.103092 0.941425 0.321105 
-121.561 41.9648 -200.851 0.800648 -0.276397 0.531587 
42.6717 245.267 -225.974 -0.159476 -0.916633 0.366563 
127.435 -54.8879 -251.706 -0.734751 0.316466 0.600006 
-15.7911 215.083 -202.547 0.0665278 -0.906142 0.41773 
-8.38739 -125.478 -195.575 0.0565512 0.846022 0.530157 
-71.3398 66.407 -237.004 0.553375 -0.515112 0.654563 
47.8939 -122.113 -204.954 -0.303214 0.773093 0.557141 
-59.5325 154.919 -229.47 0.311969 -0.811825 0.493592 
73.5527 -177.719 -231.106 -0.338108 0.816941 0.467235 
-124.046 150.006 -237.372 0.563623 -0.681579 0.466687 
35.6727 -255.015 -213.08 -0.128681 0.919905 0.370451 
-121.685 105.743 -243.006 0.643785 -0.559443 0.522093 
119.01 -29.9477 -248.259 -0.736164 0.185249 0.650971 
44.9141 234.418 -213.298 -0.172643 -0.901069 0.397852 
-15.9855 -122.171 -197.581 0.109497 0.836843 0.536397 
-67.3529 54.4982 -235.096 0.569218 -0.460579 0.681084 
51.3119 -99.8907 -206.061 -0.364766 0.710102 0.602261 
-52.0552 164.063 -225.7 0.265249 -0.835989 0.480399 
91.7012 -167.236 -239.395 -0.422448 0.770422 0.477499 
-95.1316 215.311 -230.168 0.369718 -0.836782 0.403883 
118.46 -185.539 -217.221 -0.491642 0.770037 0.406631 
-74.1908 253.861 -200.07 0.26411 -0.903712 0.336998 
110.491 -56.5761 -160.809 -0.779105 0.398936 0.483594 
-97.2647 221.171 -197.105 0.372838 -0.847799 0.377156 
104.952 -193.103 -217.971 -0.438999 0.80772 0.393555 
-99.9974 198.167 -225.911 0.406359 -0.80529 0.431738 
127.363 -101.008 -208.498 -0.688851 0.546305 0.4765 
-127.773 136.786 -230.511 0.591644 -0.633374 0.49881 
112.919 -156.485 -191.487 -0.53681 0.743923 0.398034 
-64.5824 257.89 -203.963 0.227341 -0.907818 0.35242 
126.172 -102.09 -220.71 -0.677818 0.548442 0.489686 
-135.468 -0.617427 -246.593 0.782164 0.00356491 0.623076 
-68.7381 -213.5 -208.303 0.277692 0.862507 0.423067 
81.8071 -21.6722 -222.785 -0.654112 0.173286 0.736292 
50.3775 159.591 -206.056 -0.260308 -0.824631 0.502236 
-21.6288 -47.7436 -172.44 0.282879 0.62443 0.728069 
-0.190152 0.868228 -129.137 0.11307 -0.516274 0.848937 
14.3389 -28.2794 -161.633 -0.28368 0.559478 0.778799 
-17.7162 82.203 -177.535 0.165112 -0.766116 0.621145 
45.7197 -103.898 -214.536 -0.328003 0.745385 0.580373 
-59.6534 156.355 -224.631 0.309225 -0.810499 0.497483 
113.007 -152.635 -243.92 -0.521567 0.704463 0.481369 
-41.8356 241.897 -217.369 0.157166 -0.908748 0.386643 
128.192 -78.2274 -239.514 -0.716469 0.437214 0.543629 
-122.687 1.30175 -249.391 0.756771 -0.00802965 0.653644 
-50.8061 -197.832 -202.96 0.222713 0.867214 0.445372 
63.4575 14.6144 -214.515 -0.60983 -0.140445 0.78 
9.13758 106.925 -153.221 -0.0685903 -0.802623 0.592545 
-19.3175 -18.0384 -157.32 0.37089 0.346331 0.861692 
3.99403 -2.15547 -138.237 -0.326354 0.176125 0.928704 
-2.38724 37.3027 -120.837 0.0386248 -0.603547 0.796403 
-2.10263 -21.1701 -119.663 0.0525285 0.528878 0.847081 
-0.977751 7.30701 -117.212 0.0635834 -0.475177 0.8776 
3.79949 -19.3847 -128.599 -0.109338 0.557836 0.822728 
-5.70595 33.8295 -140.852 0.108104 -0.640925 0.759964 
10.9828 -48.0306 -158.819 -0.157947 0.690746 0.705649 
-26.6057 77.8306 -189.582 0.250889 -0.733935 0.631198 
55.891 -125.018 -222.444 -0.341976 0.764935 0.545843 
-79.3749 175.731 -235.424 0.363885 -0.80562 0.467527 
106.157 -191.939 -235.391 -0.436883 0.789918 0.430325 
-90.6077 234.391 -219.336 0.334444 -0.865162 0.37371 
125.728 -128.281 -196.903 -0.629696 0.642484 0.43671 
-15.1777 281.775 -194.263 0.050892 -0.944813 0.32366 
100.873 -181.273 -235.456 -0.438801 0.788544 0.430894 
-108.478 133.703 -238.138 0.535747 -0.660327 0.526271 
114.668 -185.502 -219.835 -0.480475 0.77728 0.406198 
-56.0382 260.432 -212.097 0.196463 -0.913041 0.357457 
127.515 -52.4452 -211.543 -0.783704 0.322328 0.53097 
-129.002 -107.66 -246.47 0.645828 0.538982 0.540761 
80.7993 60.8837 -234.532 -0.588844 -0.443704 0.675579 
-45.4041 2.75889 -205.934 0.574128 -0.0348857 0.818033 
2.22872 -94.4519 -154.282 -0.0186649 0.791011 0.611532 
9.07896 37.0638 -142.5 -0.151696 -0.619282 0.770387 
1.16461 -5.5963 -125.974 -0.105812 0.508458 0.854571 
-9.4861 30.6001 -148.294 0.189247 -0.610469 0.76911 
14.0782 -63.1095 -167.836 -0.162569 0.728764 0.665201 
-34.9308 91.0374 -201.884 0.285473 -0.744005 0.604135 
61.6895 -140.957 -226.407 -0.342317 0.782178 0.520609 
-94.2351 177.567 -239.562 0.416276 -0.784387 0.459858 
86.7528 -225.012 -228.141 -0.330303 0.85671 0.396188 
-129.347 139.399 -214.226 0.60917 -0.656514 0.44488 
21.6835 -278.079 -202.234 -0.0732235 0.939052 0.335914 
-116.661 137.259 -238.588 0.568472 -0.668842 0.479069 
121.561 -56.2387 -246.815 -0.710489 0.328699 0.622238 
4.64422 274.263 -214.069 -0.0158774 -0.937637 0.347277 
128.847 -28.1545 -231.069 -0.800705 0.174963 0.572955 
-50.8253 -202.416 -230.505 0.220594 0.878533 0.423717 
-110.907 23.7947 -254.041 0.739154 -0.158583 0.654615 
84.1163 -71.5449 -230.476 -0.577584 0.491262 0.651978 
-32.1132 229.277 -223.61 0.127188 -0.90808 0.399037 
132.141 -86.6093 -243.049 -0.703441 0.461057 0.540938 
-70.8505 200.291 -217.078 0.299849 -0.84766 0.437699 
86.9326 -179.868 -239.545 -0.388507 0.803838 0.450471 
-72.0136 188.45 -225.528 0.318013 -0.832198 0.454237 
128.303 -116.15 -237.514 -0.642334 0.581491 0.499293 
-95.5187 175.673 -226.928 0.422119 -0.776341 0.468111 
120.333 -155.246 -232.092 -0.54705 0.70577 0.450159 
-84.2035 205.005 -222.628 0.34321 -0.83559 0.428967 
126.336 -124.356 -232.258 -0.624553 0.614764 0.481681 
-115.873 134.829 -235.851 0.557405 -0.64859 0.518312 
115.022 -179.503 -213.557 -0.493825 0.770662 0.402784 
-58.5208 257.885 -210.912 0.206464 -0.909831 0.359996 
128.346 -71.2787 -219.424 -0.745927 0.41426 0.521536 
-132.162 -64.5035 -248.509 0.724106 0.35341 0.592275 
80.0476 -114.381 -217.368 -0.469255 0.670525 0.574642 
-6.61908 188.176 -214.646 0.0314863 -0.895133 0.444706 
112.213 -77.804 -252.367 -0.662268 0.459191 0.592082 
-70.7241 149.207 -219.118 0.367417 -0.77514 0.513984 
83.2524 -178.365 -238.965 -0.376332 0.806278 0.456408 
-67.3395 201.971 -225.76 0.284712 -0.853933 0.435608 
131.597 -101.373 -234.556 -0.681485 0.524967 0.509907 
-102.024 168.206 -228.241 0.456013 -0.751821 0.476271 
119.536 -161.557 -228.218 -0.53465 0.722597 0.438201 
-79.79 217.253 -220.325 0.314011 -0.854991 0.412802 
127.225 -115.701 -231.583 -0.64499 0.586566 0.489842 
-123.649 100.951 -240.616 0.641381 -0.523643 0.560755 
88.858 -232.364 -208.091 -0.334028 0.873482 0.35422 
-104.108 217.869 -208.986 0.399974 -0.837029 0.373391 
113.381 -129.059 -172.514 -0.602156 0.685423 0.409415 
-20.3854 277.417 -180.656 0.0697362 -0.949012 0.307459 
122.561 -99.793 -212.292 -0.679407 0.553194 0.482079 
-134.632 -78.6689 -246.754 0.70987 0.414796 0.569251 
97.1974 -52.0022 -234.543 -0.654459 0.350147 0.670148 
10.8869 238.577 -218.748 -0.0419642 -0.919612 0.390601 
120.096 -47.6425 -249.713 -0.742117 0.294401 0.602169 
-99.5728 -61.3105 -246.709 0.648438 0.399267 0.648175 
61.0466 2.54716 -220.529 -0.621372 -0.0259266 0.783098 
-3.23669 108.074 -160.034 0.0243566 -0.813276 0.581383 
-13.3188 -39.6472 -149.603 0.204684 0.609301 0.766077 
0.0957957 -0.671629 -119.246 0.0671404 -0.470725 0.879731 
7.36992 -21.5314 -141.714 -0.192213 0.561554 0.804816 
-10.2607 53.5005 -157.411 0.135638 -0.707233 0.69386 
21.9312 -72.8817 -183.428 -0.221472 0.735997 0.639747 
-51.9431 114.262 -218.795 0.341597 -0.751432 0.564516 
73.0313 -170.743 -232.999 -0.345971 0.808863 0.475461 
-108.344 181.278 -238.168 0.459578 -0.768951 0.444431 
75.2304 -246.135 -220.41 -0.271552 0.888448 0.370051 
-129.398 83.6899 -200.241 0.733185 -0.474195 0.487439 
73.1119 -241.602 -205.948 -0.26856 0.887469 0.374556 
-82.1614 210.175 -233.541 0.332715 -0.85111 0.406117 
85.0314 -192.54 -229.512 -0.361475 0.818502 0.44655 
-131.123 112.252 -224.785 0.664624 -0.56897 0.484319 
92.7498 -201.605 -221.011 -0.377389 0.82031 0.429751 
-121.056 148.59 -231.27 0.562448 -0.690374 0.455031 
104.407 -169.126 -230.317 -0.462643 0.749419 0.473656 
-124.955 141.74 -220.16 0.59155 -0.671013 0.447022 
87.1621 -216.106 -218.917 -0.341021 0.845513 0.410888 
-125.739 125.905 -228.382 0.622171 -0.622994 0.47413 
123.013 -116.29 -238.456 -0.61224 0.578779 0.538696 
-104.211 203.637 -206.258 0.422586 -0.825765 0.373565 
71.5089 -256.89 -207.799 -0.251294 0.902753 0.349151 
-114.614 38.5893 -174.609 0.813889 -0.274029 0.512358 
145.993 32.0175 -233.251 -0.797433 -0.174884 0.577523 
80.5015 210.153 -201.955 -0.324386 -0.846825 0.42152 
-41.9399 158.68 -178.089 0.222654 -0.842414 0.490695 
-67.0433 -7.18619 -207.518 0.618012 0.0662429 0.783384 
-43.3367 -104.964 -175.524 0.300919 0.728841 0.615025 
30.0574 -8.94804 -171.579 -0.4823 0.14358 0.864169 
15.6194 73.9777 -144.613 -0.150343 -0.712067 0.685839 
-5.77087 -8.73809 -131.18 0.240859 0.364702 0.899443 
-11.9692 2.09587 -121.168 -0.239962 0.0420187 0.969881 
-0.782264 1.65806 -114.873 0.16086 -0.340953 0.926225 
1.51613 -22.0321 -116.88 -0.0364488 0.529665 0.847434 
-0.775056 17.1789 -119.067 0.0237703 -0.526862 0.849628 
2.56662 -16.9389 -125.22 -0.0827916 0.546397 0.833435 
-5.2739 28.4655 -137.594 0.114047 -0.61556 0.779805 
9.69797 -44.6891 -154.695 -0.147763 0.680907 0.717321 
-22.1028 70.9797 -182.47 0.227044 -0.729117 0.645644 
50.3191 -114.576 -217.666 -0.332236 0.756496 0.563339 
-73.635 167.914 -233.318 0.352435 -0.803677 0.47949 
105.69 -184.993 -237.824 -0.445115 0.779104 0.44146 
-82.5998 239.8 -221.485 0.301967 -0.876655 0.374579 
129.136 -105.817 -200.952 -0.684947 0.561262 0.464597 
-26.9935 272.63 -198.545 0.0926248 -0.935496 0.341008 
22.1656 -221.622 -225.93 -0.091161 0.911469 0.401163 
-109.219 131.157 -246.292 0.545215 -0.654731 0.523532 
49.656 -251.798 -220.944 -0.179566 0.910552 0.372381 
-133.316 58.3371 -219.228 0.775592 -0.339388 0.53225 
133.114 -69.1922 -240.64 -0.718973 0.373719 0.586028 
-40.9206 274.222 -200.124 0.139876 -0.937354 0.319092 
127.064 -68.3353 -189.301 -0.7658 0.411851 0.493909 
-40.7161 266.014 -195.269 0.142041 -0.928011 0.344437 
-27.0192 -216.17 -223.753 0.112998 0.904058 0.412224 
-117.808 38.8352 -253.299 0.741427 -0.24441 0.624954 
97.7836 -46.0684 -240.65 -0.66789 0.31466 0.674484 
12.8567 235.634 -216.057 -0.0500553 -0.917403 0.394821 
104.511 -84.18 -250.354 -0.632631 0.509563 0.583216 
-98.603 8.92943 -245.488 0.710249 -0.0643197 0.701018 
-19.6091 -169.571 -189.016 0.1008 0.871677 0.479621 
28.8717 48.2439 -178.719 -0.345462 -0.577257 0.739898 
2.38436 5.77098 -124.122 0.165474 0.400505 0.901239 
-4.05692 7.69782 -137.029 0.233737 -0.443505 0.865267 
7.27511 -44.6575 -145.243 -0.110038 0.675454 0.729158 
-9.33168 51.3337 -158.157 0.12863 -0.707595 0.694824 
27.082 -74.255 -189.99 -0.263427 0.722279 0.639482 
-53.0696 125.289 -219.928 0.326931 -0.771833 0.545351 
84.8996 -169.332 -238.062 -0.39439 0.786608 0.475102 
-90.5419 211.738 -232.226 0.357981 -0.837162 0.413554 
123.127 -171.198 -221.282 -0.528815 0.735271 0.423968 
-50.5982 271.624 -204.825 0.172553 -0.926309 0.334954 
117.398 -27.1921 -182.541 -0.828124 0.191813 0.526722 
-126.153 -156.263 -236.598 0.555834 0.688499 0.46587 
-35.709 163.374 -223.135 0.188821 -0.863883 0.466979 
84.8978 -86.7213 -237.228 -0.549681 0.561487 0.618547 
-49.6755 229.487 -225.612 0.193967 -0.896071 0.399314 
134.229 -96.6213 -235.763 -0.69466 0.500035 0.517136 
-61.1646 224.592 -213.177 0.240174 -0.881902 0.405689 
78.5817 -184.802 -237.696 -0.350404 0.82405 0.445169 
-75.49 179.795 -227.614 0.342508 -0.815753 0.466104 
128.112 -124.542 -236.324 -0.625599 0.608167 0.488647 
-77.3335 207.416 -219.681 0.315895 -0.84726 0.427058 
115.16 -151.003 -239.999 -0.53574 0.702485 0.468525 
-94.8868 165.757 -230.068 0.434841 -0.759622 0.483638 
123.287 -149.73 -230.271 -0.566653 0.688192 0.453115 
-75.7995 219.398 -218.969 0.297725 -0.861751 0.410807 
123.772 -127.639 -236.346 -0.608841 0.627866 0.484885 
-116.448 117.513 -238.966 0.590262 -0.59566 0.544791 
104.39 -207.488 -214.895 -0.415505 0.825872 0.381193 
-73.3105 253.477 -212.361 0.259504 -0.897253 0.357228 
119.19 -46.347 -182.181 -0.801532 0.311675 0.510316 
-145.108 23.1788 -232.526 0.800281 -0.127833 0.585855 
-57.01 -268.242 -194.647 0.196312 0.923683 0.329072 
-38.2379 225.171 -228.672 0.153905 -0.906296 0.393647 
99.0519 -148.982 -240.221 -0.477778 0.718619 0.505304 
-107.451 203.679 -226.5 0.427073 -0.809543 0.402823 
84.7565 -243.56 -214.069 -0.306406 0.880504 0.361726 
-122.268 86.8467 -183.072 0.720628 -0.511861 0.467666 
43.7317 -267.495 -194.362 -0.151739 0.928148 0.339903 
-12.651 236.51 -225.574 0.049296 -0.921585 0.385056 
120.015 -114.894 -248.53 -0.61015 0.584113 0.535301 
-18.6478 251.692 -214.28 0.0684688 -0.924134 0.375907 
118.368 -95.0023 -247.094 -0.653612 0.524588 0.545541 
-112.964 13.8493 -248.627 0.735643 -0.0901894 0.671351 
-42.2562 -197.752 -203.683 0.187167 0.875906 0.444719 
46.3584 50.7505 -201.283 -0.460213 -0.503815 0.731021 
-14.5155 -3.91936 -171.715 0.446084 0.120448 0.886859 
10.9455 -14.4369 -146.378 -0.310442 0.409469 0.857892 
-0.249318 54.711 -141.338 0.00320587 -0.703504 0.710697 
2.91912 -31.1861 -138.738 -0.0602235 0.643392 0.763176 
-12.5534 41.5246 -160.552 0.199315 -0.659299 0.724994 
27.1101 -82.2203 -190.051 -0.245083 0.743293 0.622468 
-59.0183 126.4 -225.279 0.35521 -0.760754 0.543228 
73.4759 -181.044 -232.534 -0.333655 0.822125 0.461306 
-118.114 166.994 -237.665 0.514773 -0.727804 0.453131 
48.6939 -260.621 -215.837 -0.171311 0.916896 0.360516 
-129.425 44.8158 -213.302 0.796252 -0.275718 0.538498 
132.969 75.5128 -247.462 -0.709471 -0.402907 0.578217 
-89.6923 83.9742 -226.33 0.569068 -0.532788 0.626351 
13.7001 -222.497 -221.114 -0.0561654 0.912157 0.405996 
-127.26 71.4705 -248.86 0.715432 -0.401794 0.571609 
91.5643 -144.059 -228.139 -0.458468 0.721314 0.519164 
-99.9322 191.504 -236.597 0.418195 -0.801404 0.427647 
66.5324 -225.867 -222.63 -0.258416 0.877284 0.404488 
-131.948 79.4199 -226.825 0.730985 -0.439981 0.521628 
130.468 -62.6262 -243.193 -0.721914 0.346526 0.59898 
-20.6757 282.524 -205.625 0.0690694 -0.943801 0.323243 
125.606 -27.1732 -193.591 -0.82735 0.178987 0.532422 
-142.814 -4.62714 -239.109 0.798279 0.0258641 0.601747 
-88.5279 -221.515 -209.669 0.339491 0.849476 0.403922 
95.7253 -67.7851 -224.022 -0.620702 0.439533 0.649274 
37.2723 198.178 -216.679 -0.165918 -0.882193 0.440708 
68.8077 -84.979 -236.25 -0.498388 0.615521 0.610542 
-75.9762 48.8895 -232.067 0.60229 -0.387564 0.697895 
3.58829 -200.118 -209.958 -0.0161447 0.900388 0.434809 
-91.749 96.3675 -247.083 0.56196 -0.590248 0.579505 
85.0572 -82.0798 -233.253 -0.558741 0.539182 0.630165 
-53.9676 230.277 -227.637 0.209462 -0.893766 0.396644 
131.107 -126.9 -237.187 -0.62649 0.606389 0.489714 
-20.5306 260.447 -209.618 0.073184 -0.928397 0.364337 
90.8645 -159.799 -242.092 -0.434958 0.76494 0.475075 
-89.9707 133.835 -233.005 0.471081 -0.700754 0.535765 
111.489 -182.208 -234.313 -0.470983 0.769733 0.430933 
-56.3108 245.915 -218.047 0.206502 -0.901815 0.37961 
130.803 -65.923 -225.157 -0.755356 0.380689 0.533415 
-131.833 -22.518 -248.485 0.76742 0.131081 0.627616 
-39.2516 -197.408 -193.787 0.174815 0.879196 0.443251 
66.3885 -10.0552 -211.346 -0.620696 0.0940108 0.778406 
41.9954 122.152 -187.323 -0.26693 -0.776415 0.570916 
-23.8448 -16.3534 -173.645 0.434343 0.297884 0.850076 
9.83894 -7.3577 -149.458 -0.358995 0.268462 0.893906 
-0.137529 52.882 -134.343 0.00178219 -0.685282 0.728288 
-0.856731 -25.0824 -127.869 0.0202156 0.591849 0.805806 
-4.22596 18.4778 -134.661 0.130455 -0.570407 0.810947 
10.6618 -42.7928 -154.725 -0.166441 0.668036 0.725288 
-20.4442 72.058 -180.319 0.209145 -0.737156 0.642554 
49.8359 -110.863 -217.342 -0.336944 0.749553 0.569786 
-68.7334 167.094 -230.757 0.333484 -0.810715 0.481194 
111.106 -171.394 -240.114 -0.484048 0.746701 0.456237 
-59.6761 251.974 -219.689 0.21413 -0.904131 0.369748 
130.598 -56.4962 -209.242 -0.78197 0.338277 0.523554 
-137.796 57.3275 -239.161 0.747284 -0.310893 0.587306 
17.0543 -282.035 -195.492 -0.0573679 0.948718 0.310903 
-117.033 19.1218 -176.19 0.839428 -0.137152 0.525897 
145.306 39.9385 -235.121 -0.78759 -0.216475 0.576938 
69.1325 210.993 -198.618 -0.282203 -0.861285 0.422571 
-54.9719 133.558 -184.247 0.321035 -0.779977 0.537205 
-62.2841 -33.4138 -205.725 0.567789 0.304604 0.764755 
2.89304 -91.7619 -139.664 -0.0245553 0.778849 0.626744 
20.8264 17.0485 -153.791 -0.377102 -0.308696 0.873223 
-7.64239 7.29615 -130.88 0.294256 -0.280925 0.913516 
-3.25688 -40.185 -120.35 0.0485328 0.598823 0.79942 
1.64711 10.8152 -113.76 -0.0675599 -0.44361 0.89368 
0.348369 -1.87646 -111.979 -0.0753031 0.405614 0.910947 
-2.55667 15.6537 -120.586 0.0843069 -0.516186 0.852327 
2.91485 -24.059 -128.292 -0.070891 0.58513 0.807845 
-5.15237 30.1265 -139.012 0.107251 -0.627108 0.771525 
11.0142 -46.1219 -157.928 -0.163099 0.682977 0.71201 
-25.2555 76.8989 -187.618 0.241581 -0.735575 0.632919 
55.1223 -122.151 -221.877 -0.343369 0.760904 0.550582 
-76.3078 175.124 -234.181 0.352815 -0.809698 0.468965 
109.516 -184.024 -236.806 -0.459549 0.772197 0.438797 
-77.0843 246.674 -219.087 0.277447 -0.887846 0.367111 
128.167 -85.1524 -196.726 -0.729576 0.48472 0.482476 
-63.358 251.436 -202.578 0.227715 -0.903686 0.362651 
61.598 -222.921 -231.326 -0.244534 0.884957 0.396322 
-92.1008 182.649 -234.493 0.40028 -0.793812 0.457882 
127.986 -144.467 -222.887 -0.592341 0.668617 0.449556 
-36.8788 263.436 -208.359 0.129467 -0.924819 0.357724 
110.973 -146.157 -241.939 -0.531163 0.69957 0.478001 
-110.673 101.415 -241.453 0.602885 -0.552454 0.575624 
84.9181 -236.881 -220.669 -0.313734 0.87517 0.368327 
-113.057 201.011 -218.311 0.449885 -0.799878 0.397261 
106.122 -196.524 -192.013 -0.441936 0.818403 0.367324 
-93.4997 205.366 -176.398 0.389125 -0.854689 0.343665 
97.3536 -120.992 -144.156 -0.577941 0.71827 0.387414 
-32.4116 248.162 -154.588 0.123843 -0.94821 0.292538 
76.6381 -9.04006 -122.219 -0.852375 0.100544 0.513191 
99.6185 -112.297 -181.542 -0.59908 0.675326 0.43018 
58.3672 -228.998 -212.912 -0.231209 0.907125 0.351687 
-134.334 -12.3729 -249.15 0.780583 0.071896 0.620918 
-15.1396 -207.298 -192.605 0.0658638 0.901834 0.427053 
61.6553 32.2661 -212.484 -0.574608 -0.30071 0.761194 
-21.4514 71.1954 -153.128 0.213426 -0.708345 0.67284 
-16.6599 -46.5589 -149.903 0.21991 0.614575 0.757598 
-0.468442 -3.72486 -112.85 -0.0517 -0.411097 0.910134 
2.7147 -7.71934 -126.221 -0.163446 0.464764 0.870228 
-5.1649 33.1412 -136.474 0.0981682 -0.629909 0.770451 
6.83906 -40.7595 -148.168 -0.112939 0.673098 0.730891 
-17.1431 58.7024 -172.646 0.206744 -0.707946 0.675342 
40.0352 -100.248 -207.13 -0.299934 0.751036 0.588219 
-69.3821 151.009 -231.624 0.360468 -0.784552 0.504537 
92.1407 -190.384 -237.113 -0.390563 0.806995 0.442987 
-105.316 206.984 -228.21 0.414526 -0.81469 0.405544 
106.865 -211.01 -211.203 -0.418141 0.825637 0.378812 
-107.149 193.264 -190.533 0.450691 -0.812907 0.368887 
93.0978 -199.43 -172.059 -0.397302 0.851083 0.343258 
-95.1788 128.358 -142.919 0.551577 -0.743856 0.377437 
45.2295 -230.992 -148.043 -0.183626 0.937799 0.294673 
-52.7516 6.03392 -84.1068 0.858975 -0.0982528 0.502519 
61.7926 232.807 -178.431 -0.243529 -0.917507 0.314472 
130.968 -6.35471 -197.333 -0.840326 0.0407735 0.540562 
-136.956 87.3727 -232.32 0.702236 -0.448001 0.553333 
79.0396 -229.487 -187.334 -0.307292 0.892204 0.331 
-105.675 208.712 -197.38 0.42016 -0.829837 0.367224 
103.458 -117.846 -153.694 -0.6043 0.68834 0.401281 
-18.6519 270.419 -170.214 0.065644 -0.951722 0.299889 
119.665 -106.311 -205.108 -0.661425 0.587611 0.466098 
-138.862 -64.4526 -244.486 0.741854 0.344331 0.575419 
78.7929 -145.932 -214.118 -0.406264 0.752438 0.518463 
4.3468 176.748 -211.388 -0.0218451 -0.888256 0.458848 
102.811 -67.9933 -251.651 -0.655703 0.433643 0.618082 
-76.4825 111.563 -223.953 0.460819 -0.672185 0.579508 
75.855 -199.123 -235.245 -0.321178 0.843106 0.431317 
-89.6616 204.36 -232.944 0.363475 -0.828445 0.426126 
127.855 -149.899 -220.869 -0.581974 0.682311 0.442465 
-29.2312 273.992 -206.062 0.0996519 -0.934066 0.342939 
125.071 -100.3 -235.287 -0.669645 0.537016 0.513037 
-125.736 -20.9559 -250.322 0.756777 0.126129 0.641403 
-15.6799 -188.803 -187.719 0.0738591 0.889346 0.451249 
53.5737 26.6586 -204.612 -0.554747 -0.276045 0.784903 
-19.0666 63.2926 -147.773 0.20708 -0.687411 0.696133 
-14.9234 -43.5306 -145.24 0.206792 0.603198 0.770329 
-0.51153 -4.36431 -111.294 -0.0464069 -0.395938 0.917113 
2.41862 -7.30614 -123.687 -0.151696 0.458242 0.875797 
-4.38791 30.2209 -133.107 0.0892258 -0.614524 0.783847 
5.62807 -36.2969 -143.388 -0.101693 0.655843 0.748028 
-13.5358 51.1326 -164.57 0.183753 -0.694144 0.696 
32.118 -87.7611 -197.406 -0.271971 0.74315 0.611373 
-62.7078 136.533 -227.588 0.354675 -0.772228 0.52715 
83.7315 -184.731 -236.114 -0.367839 0.811537 0.454005 
-109.76 192.667 -232.969 0.448243 -0.786821 0.424274 
87.6031 -239.712 -215.797 -0.319523 0.874323 0.365352 
-124.686 111.048 -190.252 0.66764 -0.594619 0.447998 
13.7808 -279.963 -192.851 -0.0464717 0.944092 0.326418 
-23.9754 232.331 -226.714 0.094597 -0.91668 0.388286 
111.027 -137.136 -245.432 -0.539977 0.666957 0.513431 
-60.3074 253.082 -220.92 0.215636 -0.904925 0.36692 
132.762 -72.9467 -210.622 -0.754439 0.414529 0.508925 
-104.176 193.802 -219.232 0.426816 -0.79402 0.432873 
117.594 -163.819 -224.842 -0.526333 0.733227 0.430544 
-98.2094 192.865 -225.861 0.407296 -0.799852 0.440868 
127.7 -118.362 -219.084 -0.647372 0.600034 0.469985 
-118.791 153.307 -230.788 0.535449 -0.69103 0.485581 
119.876 -149.142 -204.855 -0.568326 0.707075 0.420795 
-77.179 239.965 -211.392 0.28347 -0.881365 0.377965 
125.978 -116.544 -225.795 -0.643783 0.595573 0.480472 
-131.547 61.4619 -243.884 0.726421 -0.339401 0.59761 
13.71 -283.962 -205.383 -0.0456359 0.945212 0.323278 
-124.171 16.2332 -194.557 0.835108 -0.109177 0.539159 
125.926 143.2 -241.382 -0.575629 -0.654592 0.49008 
-12.5151 -147.519 -209.367 0.0736817 0.868506 0.49019 
-83.0199 60.35 -242.918 0.607834 -0.441855 0.659787 
27.6652 -158.941 -198.311 -0.149332 0.857938 0.491589 
-35.7813 127.097 -212.404 0.229664 -0.815777 0.53083 
70.1671 -138.354 -230.038 -0.384458 0.758066 0.526826 
-97.4996 186.356 -238.57 0.415207 -0.793605 0.44476 
85.9519 -229.856 -226.037 -0.322626 0.862781 0.38928 
-130.019 124.871 -209.145 0.64281 -0.617354 0.453528 
19.9823 -276.09 -200.714 -0.0679234 0.938478 0.338618 
-71.146 203.03 -234.681 0.300258 -0.856848 0.419135 
86.6432 -168.178 -232.216 -0.401381 0.779096 0.481581 
-126.892 142.027 -230.773 0.590775 -0.661239 0.462348 
53.6643 -241.948 -213.177 -0.199896 0.901241 0.384478 
-111.349 145.467 -242.73 0.532977 -0.696282 0.480775 
104.264 -124.814 -237.275 -0.538051 0.644099 0.543741 
-108.018 198.777 -225.608 0.437008 -0.804189 0.402891 
65.6511 -252.217 -216.59 -0.234339 0.900278 0.366881 
-126.796 50.3297 -202.312 0.792119 -0.31442 0.523168 
140.918 20.6548 -242.533 -0.788484 -0.11557 0.604114 
72.3884 206.708 -204.177 -0.298288 -0.851773 0.430725 
-73.0615 88.241 -203.431 0.495511 -0.59846 0.629549 
-49.5913 -103.866 -200.946 0.342869 0.718118 0.605611 
10.5521 21.231 -152.848 -0.259479 -0.522076 0.81248 
-2.32734 4.53391 -129.942 -0.203551 0.396541 0.895176 
-9.85113 27.989 -145.845 0.205506 -0.583882 0.785408 
9.22649 -58.608 -158.767 -0.114198 0.725404 0.678797 
-23.4415 72.4113 -185.718 0.236405 -0.730259 0.640977 
51.8052 -117.064 -218.425 -0.33533 0.757743 0.559818 
-78.3787 169.655 -235.561 0.368819 -0.798332 0.476084 
99.4041 -197.445 -235.426 -0.406327 0.807083 0.428407 
-104.625 213.716 -222.192 0.404633 -0.826537 0.391314 
111.891 -195.13 -203.348 -0.459738 0.801753 0.381903 
-91.0621 221.161 -185.752 0.357769 -0.868908 0.342079 
103.936 -108.326 -151.392 -0.631188 0.657848 0.41092 
-10.3628 270.111 -167.798 0.0365949 -0.953866 0.298023 
112.506 -162.177 -215.902 -0.517676 0.746228 0.418536 
-134.511 76.7941 -241.653 0.711661 -0.406297 0.573131 
45.768 -271.406 -197.865 -0.157619 0.934687 0.318645 
-123.991 67.2727 -182.933 0.766413 -0.415827 0.489608 
41.1002 -267.052 -193.148 -0.143016 0.929261 0.340642 
31.7369 219.403 -224.641 -0.130638 -0.903124 0.409046 
118.672 -31.9144 -252.991 -0.752265 0.202307 0.627046 
-99.1746 12.3979 -243.982 0.708248 -0.0885386 0.700402 
-33.5585 -179.055 -197.536 0.162681 0.868002 0.469175 
32.5003 49.9999 -184.935 -0.370373 -0.569798 0.733602 
1.48474 2.73726 -131.871 0.214098 0.39471 0.893523 
-3.62221 6.23781 -137.971 0.246042 -0.423709 0.871752 
7.38237 -44.5696 -144.744 -0.111585 0.673675 0.730567 
-8.52204 50.4918 -156.468 0.119223 -0.706379 0.697734 
25.2298 -70.9176 -187.13 -0.255677 0.718676 0.646647 
-50.8931 121.03 -217.965 0.323115 -0.768405 0.552421 
82.656 -166.68 -237.465 -0.38988 0.786211 0.479462 
-90.464 208.995 -232.996 0.360947 -0.833881 0.417585 
121.785 -175.389 -222.794 -0.517004 0.744564 0.422314 
-56.3088 268.417 -205.755 0.193288 -0.92138 0.337218 
116.481 -31.3831 -178.179 -0.824498 0.222143 0.520454 
-143.986 -65.0587 -236.518 0.755549 0.341389 0.559121 
22.5853 -215.566 -192.186 -0.0948756 0.905541 0.413535 
71.6121 48.2823 -219.624 -0.576419 -0.388633 0.718835 
-30.868 65.7625 -166.165 0.307844 -0.655844 0.689288 
-17.8874 -63.1578 -158.441 0.19502 0.688588 0.698449 
0.165037 8.89017 -123.547 -0.00991469 -0.534082 0.845385 
6.64197 -17.8886 -142.945 -0.20282 0.54625 0.812707 
-12.6946 55.0983 -161.275 0.162548 -0.705508 0.689822 
24.8061 -80.9924 -188.676 -0.229295 0.748652 0.622062 
-57.8174 121.271 -223.772 0.358659 -0.75228 0.552681 
73.5005 -179.733 -232.806 -0.335521 0.820463 0.462908 
-115.683 171.656 -237.801 0.499119 -0.740617 0.449871 
56.0953 -258.443 -216.933 -0.1978 0.911308 0.361123 
-128.607 47.2142 -205.369 0.797053 -0.292614 0.528299 
140.153 2.82162 -242.474 -0.791815 -0.0159411 0.610567 
82.4327 219.115 -210.46 -0.320951 -0.853124 0.411323 
-91.3903 48.6024 -224.639 0.642485 -0.341681 0.685919 
-43.0101 -191.31 -214.937 0.195696 0.870459 0.451687 
-29.5337 93.6507 -203.176 0.243948 -0.773553 0.584913 
57.1942 -93.0565 -217.363 -0.413553 0.672862 0.61339 
-70.0814 182.204 -233.081 0.319171 -0.829811 0.457778 
103.719 -185.329 -237.936 -0.437662 0.78203 0.443733 
-93.3215 229.037 -222.139 0.348883 -0.856257 0.380949 
124.719 -149.835 -203.18 -0.579965 0.696759 0.42212 
-30.051 280.09 -194.76 0.101056 -0.941891 0.320384 
121.437 -42.2186 -200.679 -0.800236 0.278208 0.531263 
-41.1674 -246.004 -225.751 0.153629 0.918042 0.365532 
-127.27 57.5014 -251.661 0.73034 -0.329971 0.598113 
10.4198 -218.621 -202.823 -0.0433451 0.909438 0.413595 
10.1499 123.331 -195.015 -0.069337 -0.842505 0.534224 
68.7209 -63.8739 -235.431 -0.549541 0.510781 0.661154 
-48.7926 115.337 -205.116 0.320076 -0.7566 0.570197 
58.4452 -157.267 -228.876 -0.303612 0.816971 0.490302 
-77.4586 177.608 -233.029 0.353546 -0.810663 0.466742 
121.344 -162.226 -235.832 -0.533972 0.713873 0.453074 
-40.9465 261.654 -214.008 0.144191 -0.9214 0.3609 
129.725 -58.3959 -226.719 -0.765588 0.34463 0.543252 
-123.379 -90.4786 -249.363 0.660082 0.484063 0.574449 
80.6505 23.474 -233.85 -0.654632 -0.190536 0.731553 
-21.3204 107.257 -167.335 0.158388 -0.796805 0.583123 
-17.5497 -56.0824 -159.853 0.209257 0.668708 0.713483 
-0.602188 6.54491 -125.241 0.049181 -0.534526 0.84373 
9.99641 -25.6706 -151.304 -0.225113 0.578087 0.78432 
-15.8802 67.7593 -170.888 0.172438 -0.735776 0.654917 
36.967 -96.2136 -204.879 -0.288611 0.751166 0.593692 
-63.5858 144.472 -227.565 0.345245 -0.784421 0.515273 
96.8561 -178.405 -239.786 -0.424324 0.781587 0.457261 
-83.8688 229.506 -226.827 0.315873 -0.864384 0.391257 
130.783 -125.262 -212.214 -0.642496 0.615373 0.456654 
-20.7699 274.68 -201.887 0.0708694 -0.937239 0.341434 
71.8649 -199.987 -235.116 -0.306401 0.852659 0.423212 
-85.7763 166.969 -231.889 0.399969 -0.778565 0.483611 
126.489 -142.698 -231.75 -0.587905 0.66324 0.46314 
-54.1581 240.431 -213.568 0.202677 -0.899769 0.386466 
112.016 -143.69 -242.869 -0.538422 0.690672 0.482795 
-104.725 123.282 -237.499 0.542442 -0.638559 0.545908 
106.933 -201.103 -225.333 -0.430168 0.808992 0.40063 
-67.6756 251.523 -216.791 0.241709 -0.898333 0.366869 
126.153 -50.8717 -199.431 -0.792185 0.319452 0.52001 
-141.997 0.150847 -240.345 0.796666 -0.000846323 0.604434 
-84.8132 -225.93 -209.902 0.322196 0.858281 0.399451 
97.9938 -39.1106 -229.778 -0.674483 0.269195 0.687476 
47.8236 206.967 -217.538 -0.20303 -0.878659 0.432152 
27.119 -106.852 -204.312 -0.204161 0.804415 0.5579 
-61.3381 98.8243 -221.615 0.421543 -0.679166 0.600877 
73.6612 -188.005 -233.974 -0.325821 0.831591 0.449794 
-107.1 186.723 -236.791 0.447197 -0.779667 0.438352 
90.0295 -234.834 -219.557 -0.33207 0.866176 0.373477 
-126.01 130.891 -198.337 0.624291 -0.648471 0.43562 
15.9829 -281.952 -194.546 -0.0535571 0.944792 0.323292 
-110.172 162.897 -235.194 0.501179 -0.741029 0.446892 
118.911 -97.462 -243.013 -0.634418 0.519982 0.571971 
-79.4189 245.759 -213.649 0.287719 -0.890336 0.352897 
121.392 -177.488 -211.289 -0.515497 0.753713 0.407673 
-76.9657 243.771 -189.088 0.284221 -0.900203 0.329954 
104.365 -67.4522 -149.032 -0.745381 0.481745 0.46081 
-28.7881 271.703 -178.327 0.0999031 -0.942889 0.317801 
-73.32 -212.658 -230.867 0.295798 0.857932 0.420089 
-103.705 28.4203 -251.258 0.733597 -0.201041 0.64918 
37.399 123.407 -214.527 -0.245142 -0.808908 0.534407 
71.9336 -13.2342 -240.376 -0.66743 0.122792 0.734491 
-59.2183 12.8527 -222.309 0.615514 -0.133591 0.776733 
1.77945 -121.508 -171.262 -0.0122046 0.833378 0.552585 
6.56496 52.9078 -153.61 -0.088098 -0.709992 0.69869 
11.7025 -30.2843 -161.967 -0.236692 0.612525 0.754194 
-27.3681 76.3529 -186.783 0.259361 -0.723577 0.639676 
51.5821 -125.895 -220.357 -0.318577 0.777545 0.542172 
-76.4944 168.94 -234.231 0.362291 -0.80013 0.478074 
107.064 -186.647 -236.907 -0.447471 0.780085 0.437327 
-81.6196 241.941 -220.312 0.296781 -0.879737 0.371485 
128.522 -99.3788 -198.424 -0.698749 0.540301 0.468873 
-34.0626 269.668 -198.475 0.117687 -0.931709 0.343636 
19.8869 -223.881 -225.734 -0.0811379 0.913426 0.398856 
-111.767 127.108 -247.144 0.561157 -0.638182 0.527109 
39.8242 -253.145 -219.195 -0.144227 0.916787 0.372448 
-132.403 50.6729 -226.208 0.781252 -0.298998 0.547963 
130.643 22.3195 -248.621 -0.76485 -0.130669 0.630831 
40.4342 195.293 -193.875 -0.181419 -0.876237 0.446445 
-65.5758 10.6879 -210.607 0.617942 -0.100716 0.779758 
-41.4494 -121.379 -186.92 0.265023 0.776087 0.572249 
22.9613 16.7593 -172.325 -0.426057 -0.310978 0.84958 
-8.45724 5.4196 -149.679 0.363226 -0.232764 0.902167 
1.69992 -50.1957 -132.336 -0.0228556 0.674886 0.73758 
1.23131 26.2697 -127.625 -0.0277619 -0.592294 0.805254 
3.547 -16.9497 -132.014 -0.11767 0.562299 0.81853 
-9.52473 38.8441 -151.164 0.160565 -0.654822 0.738542 
17.6943 -66.4132 -174.901 -0.194316 0.729339 0.65599 
-43.7675 103.031 -211.486 0.317614 -0.747682 0.58319 
66.7114 -157.073 -229.733 -0.339482 0.799313 0.495851 
-104.217 176.591 -240.199 0.452582 -0.766875 0.455071 
73.3412 -241.867 -223.162 -0.268577 0.885724 0.378651 
-131.674 86.6231 -207.765 0.727364 -0.478505 0.491927 
77.0071 -234.138 -209.488 -0.288265 0.876461 0.385665 
-92.8822 197.236 -235.188 0.386939 -0.821669 0.418516 
84.3723 -190.867 -228.063 -0.361201 0.817109 0.449314 
-130.161 114.232 -228.103 0.656632 -0.576271 0.486584 
103.246 -178.094 -226.701 -0.445299 0.768117 0.460133 
-123.155 147.329 -223.982 0.574014 -0.686691 0.446073 
95.4317 -199.226 -223.46 -0.389519 0.813172 0.432486 
-126.917 123.61 -223.346 0.632426 -0.61595 0.469745 
119.91 -142.096 -233.63 -0.557653 0.66083 0.50234 
-117.398 162.966 -205.631 0.533563 -0.740665 0.408343 
62.5301 -255.202 -208.701 -0.221915 0.905697 0.361227 
-127 101.908 -226.567 0.676506 -0.542844 0.497672 
132.535 -9.59799 -247.405 -0.774771 0.0561078 0.629761 
66.9173 221.959 -210.968 -0.262995 -0.872332 0.412174 
-80.345 -21.6307 -227.856 0.650324 0.175082 0.739217 
-16.0083 -125.939 -163.632 0.104935 0.825538 0.55452 
28.0458 15.0961 -172.768 -0.45413 -0.244443 0.856756 
-13.5113 24.4962 -135.863 0.26663 -0.483404 0.833814 
-7.94009 -43.6021 -131.378 0.113146 0.621326 0.775351 
0.460807 6.12347 -114.631 -0.0342759 -0.455478 0.889597 
1.88005 -7.47398 -121.278 -0.118705 0.471903 0.873633 
-4.54123 26.6583 -132.591 0.101947 -0.598458 0.794653 
6.2049 -37.243 -144.517 -0.109623 0.657979 0.745026 
-13.9075 53.2359 -165.786 0.182951 -0.700313 0.690006 
33.5186 -89.4772 -199.286 -0.278491 0.743427 0.608093 
-63.4084 139.186 -227.999 0.35336 -0.775652 0.522989 
86.494 -184.682 -236.889 -0.378078 0.807272 0.453195 
-106.289 200.078 -231.706 0.426473 -0.802788 0.416737 
99.5094 -224.255 -215.359 -0.376068 0.847511 0.374586 
-118.53 159.612 -192.777 0.54613 -0.735418 0.401148 
47.486 -268.129 -185.278 -0.165604 0.93508 0.313399 
-96.4755 14.0929 -147.19 0.847056 -0.123736 0.516917 
58.8493 254.856 -210.443 -0.21186 -0.91749 0.336667 
139.433 -26.7871 -234.493 -0.805521 0.154753 0.572019 
-95.2673 172.366 -222.738 0.42637 -0.771426 0.472364 
85.3032 -206.318 -234.931 -0.347844 0.84131 0.413786 
-77.7715 210.392 -227.439 0.314173 -0.849919 0.423025 
132.549 -95.4762 -222.688 -0.702999 0.506377 0.499392 
-108.498 173.771 -226.366 0.469512 -0.75197 0.462728 
121.691 -152.315 -220.201 -0.561747 0.703112 0.435995 
-93.1492 207.508 -221.559 0.371461 -0.827503 0.421039 
127.4 -116.766 -222.201 -0.648521 0.594386 0.475545 
-126.6 116.483 -237.088 0.622599 -0.572845 0.533138 
104.525 -197.425 -200.303 -0.434431 0.820544 0.371477 
-67.8545 260.078 -205.003 0.237008 -0.908424 0.344399 
113.652 -33.9987 -174.967 -0.820103 0.245332 0.516972 
-139.157 -111.564 -235.597 0.670807 0.537798 0.510694 
109.366 19.9947 -244.712 -0.721028 -0.131821 0.680264 
38.4844 165.293 -187.856 -0.197476 -0.84817 0.491557 
-49.942 -1.2281 -198.792 0.573157 0.0140942 0.819335 
-19.7285 -97.4571 -155.816 0.15539 0.767613 0.621805 
14.443 12.1263 -151.967 -0.357774 -0.300387 0.884185 
-2.45834 1.57172 -134.156 0.304842 -0.194898 0.932257 
2.36427 -34.4099 -119.741 -0.040471 0.589021 0.807115 
1.60763 20.5918 -119.084 -0.0412116 -0.52787 0.848335 
1.14825 -8.56614 -118.02 -0.0649344 0.484421 0.872432 
-3.88145 20.2104 -129.316 0.108325 -0.564038 0.818624 
5.9876 -34.5451 -141.963 -0.111681 0.644336 0.756556 
-11.7501 49.8421 -160.809 0.163838 -0.694972 0.700135 
28.5428 -81.14 -192.508 -0.259214 0.736879 0.624367 
-58.1639 129.176 -224.217 0.345812 -0.768013 0.539062 
81.5888 -178.625 -236.026 -0.368262 0.806248 0.462995 
-106.219 194.572 -234.33 0.4335 -0.794085 0.426057 
93.6188 -231.501 -218.271 -0.347722 0.859847 0.37386 
-123.853 138.153 -195.592 0.604176 -0.673931 0.425213 
20.9419 -281.705 -192.042 -0.0702828 0.945424 0.318199 
-125.03 95.0124 -221.653 0.689943 -0.524301 0.499103 
129.832 78.635 -248.938 -0.697325 -0.422348 0.579118 
-92.0487 29.1867 -235.153 0.675079 -0.214053 0.706022 
-36.5681 -203.42 -211.657 0.159239 0.885805 0.435902 
-11.7563 100.636 -191.096 0.0956659 -0.818913 0.565903 
62.7506 -89.6361 -226.036 -0.451648 0.645157 0.616282 
-47.218 186.87 -221.143 0.218383 -0.864276 0.453159 
124.623 -109.583 -246.343 -0.638737 0.561652 0.525908 
-64.4946 199.809 -216.99 0.275988 -0.855032 0.439053 
95.8844 -163.697 -242.484 -0.446115 0.761622 0.470033 
-73.4951 179.228 -224.541 0.335393 -0.8179 0.467514 
123.102 -131.591 -240.592 -0.595842 0.636931 0.489192 
-85.4075 185.812 -224.508 0.371615 -0.808482 0.456374 
120.031 -147.422 -237.156 -0.558511 0.685964 0.466409 
-89.6056 186.057 -226.012 0.386419 -0.802359 0.454882 
124.706 -137.197 -232.421 -0.594168 0.653684 0.468699 
-98.3493 180.54 -227.286 0.424895 -0.779982 0.459467 
124.903 -140.174 -226.307 -0.591864 0.664229 0.456633 
-97.5774 192.268 -224.768 0.405981 -0.799953 0.441895 
126.129 -130.436 -224.009 -0.615988 0.637022 0.463443 
-112.701 162.855 -230.269 0.500184 -0.72278 0.476888 
122.82 -144.09 -211.759 -0.5844 0.685605 0.434097 
-85.5941 225.484 -215.784 0.325762 -0.858167 0.396795 
126.183 -119.984 -225.352 -0.637261 0.605956 0.476165 
-129.119 89.8538 -241.107 0.675839 -0.470316 0.567505 
74.0889 -248.943 -202.168 -0.268653 0.90269 0.336145 
-122.228 165.061 -201.434 0.543455 -0.7339 0.407511 
65.0714 -250.114 -181.308 -0.238755 0.917699 0.317556 
-92.5964 37.6601 -132.785 0.809188 -0.329107 0.486746 
121 -172.935 -192.784 -0.522127 0.746231 0.412964 
-104.936 116.233 -168.874 0.609876 -0.675532 0.414398 
135.489 -135.71 -217.234 -0.621999 0.623015 0.474327 
-96.6164 111.555 -149.54 0.600113 -0.692902 0.399711 
74.4655 -248.702 -188.344 -0.269629 0.900515 0.34116 
-118.872 139.278 -211.346 0.583949 -0.684191 0.436926 
136.275 -80.941 -239.151 -0.709999 0.421705 0.563989 
-59.3929 257.844 -191.995 0.212728 -0.92352 0.319179 
123.785 -109.769 -184.304 -0.67018 0.594298 0.44462 
0.596183 281.646 -184.521 -0.00201129 -0.950165 0.311768 
68.1542 -226.849 -229.53 -0.265557 0.883898 0.384994 
-96.5892 175.206 -234.305 0.426671 -0.773952 0.467941 
128.018 -138.071 -219.861 -0.606669 0.654311 0.451495 
-50.3879 254.057 -209.391 0.18091 -0.912151 0.367791 
107.281 -159.173 -240.8 -0.495362 0.734971 0.463089 
-102.549 135.417 -236.092 0.512827 -0.677195 0.527667 
114.815 -183.059 -225.993 -0.483053 0.77017 0.416552 
-56.1935 253.666 -214.821 0.201072 -0.90767 0.368405 
129.604 -65.1103 -221.895 -0.757498 0.380552 0.530467 
-131.425 -56.1352 -248.91 0.733638 0.313358 0.602992 
60.8931 -149.162 -203.796 -0.324361 0.794543 0.513331 
19.3853 130.925 -196.62 -0.124219 -0.838957 0.529848 
50.8709 -63.5692 -221.766 -0.466359 0.58277 0.665512 
-53.0019 83.6845 -209.817 0.412579 -0.651419 0.636749 
54.3575 -174.442 -226.839 -0.26302 0.844073 0.46731 
-104.332 163.004 -242.458 0.473988 -0.740543 0.476393 
68.4187 -242.694 -223.552 -0.251026 0.890436 0.379641 
-132.894 83.3288 -212.243 0.733681 -0.460041 0.500092 
88.6683 -217.314 -214.339 -0.345199 0.846033 0.406304 
-107.876 179.334 -233.797 0.465395 -0.773679 0.429938 
90.6592 -188.231 -227.626 -0.387203 0.803932 0.451425 
-128.557 121.54 -226.602 0.638823 -0.603957 0.476611 
106.623 -173.378 -227.985 -0.463708 0.754027 0.465226 
-123.826 143.911 -219.511 0.58451 -0.67932 0.443723 
94.769 -205.53 -221.445 -0.379432 0.822892 0.422964 
-126.761 121.552 -222.451 0.636831 -0.61066 0.4707 
124.464 -126.107 -235.927 -0.599361 0.607276 0.521535 
-110.488 182.657 -201.616 0.477544 -0.789466 0.385633 
58.9933 -263.958 -205.88 -0.204603 0.915469 0.346514 
-123.707 50.4413 -201.925 0.788681 -0.321584 0.524007 
121.18 152.506 -241.557 -0.545731 -0.686808 0.480093 
46.8801 -137.232 -224.752 -0.278651 0.815697 0.50696 
-84.2561 51.8723 -238.716 0.62364 -0.383944 0.680939 
1.15329 -205.86 -209.574 -0.00506172 0.903508 0.428561 
-79.653 109.598 -241.336 0.486038 -0.668764 0.562618 
76.8073 -101.068 -227.571 -0.484935 0.638106 0.59806 
-78.7518 205.378 -234.653 0.324359 -0.8459 0.423393 
99.7493 -203.405 -232.926 -0.399481 0.814608 0.420531 
-118.784 182.979 -215.907 0.497468 -0.766319 0.406569 
65.9046 -261.847 -201.347 -0.230012 0.913868 0.334601 
-110.025 38.6783 -163.047 0.81463 -0.286374 0.504367 
144.968 -62.2145 -221.464 -0.767876 0.329542 0.549351 
-47.6021 231.559 -158.058 0.192266 -0.935276 0.297171 
107.46 -91.3901 -151.702 -0.686255 0.583628 0.434108 
6.91494 268.014 -164.439 -0.0246314 -0.954682 0.296636 
44.5559 -256.204 -220.628 -0.160549 0.923182 0.349251 
-111.683 173.893 -236.913 0.480108 -0.747538 0.459021 
117.563 -177.985 -208.144 -0.505098 0.76469 0.400178 
-53.1044 270.522 -201.016 0.181721 -0.925711 0.331744 
113.642 -25.5757 -176.599 -0.830598 0.18693 0.524577 
-105.183 -203.85 -229.653 0.418678 0.811418 0.407831 
-121.119 -31.2137 -241.306 0.778093 0.200522 0.595298 
-100.321 -20.359 -243.522 0.754182 0.153053 0.638594 
-78.0192 -102.337 -238.789 0.507474 0.665652 0.54717 
-51.3968 -141.048 -228.377 0.298308 0.818647 0.490761 
-78.7863 -83.2635 -241.723 0.543251 0.574122 0.612601 
-51.7291 13.4351 -229.42 0.632163 -0.164186 0.757252 
14.0817 55.9487 -180.302 -0.18496 -0.734873 0.65251 
41.7689 5.73001 -218.757 -0.596214 -0.0817907 0.79866 
-27.2461 -13.1401 -196.927 0.506745 0.244391 0.826741 
13.4291 0.103053 -178.471 -0.469344 -0.00360167 0.883018 
-14.305 19.5938 -156.49 0.329711 -0.45161 0.82907 
3.71826 -68.422 -154.898 -0.0407179 0.749274 0.66102 
-10.6108 51.8909 -162.808 0.145328 -0.710705 0.688328 
34.3346 -80.9626 -199.005 -0.303835 0.716459 0.628004 
-56.5987 140.428 -223.286 0.319167 -0.791892 0.520631 
95.9816 -168.51 -241.102 -0.436327 0.766036 0.472043 
-74.6305 231.297 -226.8 0.282288 -0.874875 0.393605 
133.317 -103.962 -217.017 -0.690027 0.538092 0.484084 
-48.8463 253.32 -206.493 0.176064 -0.913079 0.367839 
61.3078 -204.573 -232.968 -0.260469 0.869141 0.420438 
-85.1006 173.922 -233.183 0.387327 -0.791589 0.472634 
127.005 -145.71 -230.479 -0.583841 0.66983 0.458775 
-41.1593 254.065 -211.273 0.148542 -0.916911 0.370442 
111.903 -139.282 -243.409 -0.546448 0.680146 0.488685 
-109.129 100.4 -241.107 0.600115 -0.552112 0.578836 
83.5077 -237.464 -221.847 -0.308242 0.876521 0.369749 
-114.338 198.013 -219.726 0.457991 -0.793159 0.401448 
103.155 -206.009 -194.299 -0.417311 0.833405 0.36236 
-101.658 185.366 -175.581 0.4488 -0.818357 0.35901 
90.214 -176.088 -155.145 -0.428222 0.835845 0.343521 
-84.4289 139.956 -132.537 0.483565 -0.801596 0.351604 
66.8672 -163.366 -123.422 -0.359398 0.878058 0.316014 
-54.743 51.012 -76.4971 0.668555 -0.62299 0.406122 
-3.01025 -222.278 -124.219 0.0129984 0.959813 0.280372 
42.3897 270.62 -207.229 -0.146301 -0.933998 0.325979 
136.043 -15.6152 -219.048 -0.82477 0.0946682 0.557503 
-133.213 36.0559 -243.207 0.759224 -0.205493 0.617551 
-36.1219 -275.659 -208.604 0.122193 0.932502 0.339893 
-119.817 89.4816 -243.012 0.673382 -0.502894 0.541915 
107.535 87.4481 -248.886 -0.622154 -0.505939 0.597467 
-45.4577 -62.2249 -208.048 0.428204 0.586149 0.687814 
1.02499 10.9008 -135.783 -0.0562445 -0.598161 0.799411 
15.1509 -17.2435 -174.603 -0.381293 0.433958 0.81628 
-19.5644 72.1983 -171.061 0.198269 -0.731669 0.652202 
23.0601 -94.2833 -191.11 -0.191602 0.783383 0.591284 
-66.0479 118.078 -229.885 0.404905 -0.723875 0.558636 
59.8525 -190.036 -226.32 -0.268272 0.851783 0.450016 
-127.735 122.765 -241.34 0.624161 -0.599875 0.500591 
45.8314 -231.841 -212.636 -0.177892 0.899881 0.39823 
-88.5142 163.123 -241.535 0.420223 -0.774428 0.472961 
78.6192 -159.894 -227.3 -0.383149 0.77924 0.495984 
-120.141 148.573 -239.388 0.554899 -0.686216 0.470332 
62.6629 -219.735 -217.821 -0.24978 0.875885 0.412861 
-118.07 130.949 -242.958 0.581793 -0.645256 0.495155 
106.366 -124.219 -237.185 -0.546048 0.637699 0.543314 
-107.544 199.953 -224.439 0.434126 -0.807153 0.40007 
66.3101 -252.039 -216.4 -0.236705 0.899693 0.366798 
-126.511 50.2635 -201.681 0.79229 -0.314782 0.522692 
141.049 22.9211 -242.457 -0.787599 -0.127988 0.602765 
69.9522 206.546 -202.985 -0.289446 -0.854637 0.431085 
-72.1944 87.105 -202.589 0.494329 -0.596425 0.632403 
-49.8296 -100.984 -200.415 0.349796 0.708893 0.612479 
11.5411 19.1061 -155.531 -0.291943 -0.483309 0.825348 
-3.59471 5.34894 -130.33 -0.229306 0.341208 0.911599 
-8.10373 25.8454 -139.093 0.180207 -0.574738 0.79826 
5.94415 -48.5125 -148.787 -0.085487 0.697692 0.711291 
-14.3191 54.9318 -168.04 0.184156 -0.706471 0.683376 
36.9461 -91.9285 -203.028 -0.297058 0.739134 0.604529 
-64.3762 145.733 -228.673 0.346935 -0.78538 0.512671 
92.355 -183.074 -238.337 -0.401505 0.795899 0.453162 
-97.4407 215.353 -228.999 0.377474 -0.834253 0.401936 
119.387 -181.182 -213.446 -0.502966 0.763302 0.40548 
-67.4905 259.497 -197.984 0.237471 -0.913062 0.331576 
106.938 -40.7631 -156.802 -0.810154 0.308817 0.498297 
-140.276 106.9 -214.111 0.688018 -0.524319 0.501736 
88.0833 -138.457 -145.853 -0.500285 0.786389 0.362386 
-59.5611 259.554 -182.664 0.211672 -0.922423 0.32303 
116.233 -69.4548 -188.273 -0.747323 0.446563 0.492043 
-129.116 -145.41 -237.66 0.583282 0.656889 0.477803 
-11.3958 168.183 -216.896 0.0600669 -0.886489 0.458854 
85.2323 -90.0279 -239.618 -0.544915 0.575574 0.609753 
-37.9599 222.886 -221.243 0.153252 -0.899837 0.408441 
131.053 -74.8919 -241.717 -0.725084 0.414357 0.550072 
-115.342 95.5719 -240.352 0.627264 -0.519749 0.580016 
79.2414 -243.674 -218.047 -0.288588 0.887434 0.359438 
-116.773 192.969 -218.409 0.473599 -0.782629 0.403997 
98.9841 -212.177 -192.059 -0.395239 0.847215 0.355008 
-105.641 164.54 -170.952 0.501384 -0.780931 0.37253 
72.0142 -217.761 -159.938 -0.297905 0.900824 0.315889 
-75.358 45.4247 -105.756 0.762829 -0.459822 0.454612 
25.7451 -258.213 -157.343 -0.0945618 0.948416 0.302626 
121.731 159.855 -236.683 -0.532744 -0.69959 0.476208 
-78.5854 -74.0726 -232.08 0.550718 0.519093 0.653659 
37.0655 15.695 -199.31 -0.527503 -0.223366 0.819674 
-21.3618 20.2886 -168.213 0.403278 -0.383018 0.831072 
-1.63701 -79.6488 -157.325 0.0158201 0.769728 0.638189 
-5.29613 42.035 -151.296 0.0871336 -0.691573 0.717044 
24.4582 -60.1889 -184.16 -0.277689 0.683362 0.67522 
-43.4243 117.704 -211.198 0.287493 -0.779269 0.556871 
85.4302 -152.076 -239.766 -0.424198 0.755123 0.499863 
-67.4421 217.49 -227.9 0.269597 -0.869407 0.414084 
133.767 -105.222 -229.047 -0.681595 0.536148 0.497987 
-62.7498 232.286 -212.542 0.239589 -0.886905 0.394987 
87.9762 -183.442 -239.013 -0.387643 0.808288 0.443194 
-78.9973 178.925 -227.575 0.357078 -0.808766 0.467343 
127.363 -127.138 -235.587 -0.619094 0.617999 0.48458 
-83.7037 199.876 -221.864 0.34758 -0.829987 0.436264 
119.519 -146.445 -237.182 -0.559025 0.684969 0.467254 
-98.2007 168.795 -229.88 0.441818 -0.75943 0.477579 
124.092 -146.962 -227.353 -0.575661 0.681754 0.45149 
-81.8483 215.366 -219.784 0.323289 -0.850665 0.414572 
124.996 -127.349 -233.067 -0.614627 0.626198 0.479716 
-118.401 121.799 -238.158 0.588467 -0.605351 0.53598 
107.924 -198.471 -211.935 -0.440963 0.810922 0.384676 
-65.7723 258.862 -210.493 0.230384 -0.90673 0.353245 
120.94 -40.6279 -189.944 -0.808653 0.271656 0.521825 
-139.259 -91.0039 -240.962 0.703074 0.459451 0.542779 
104.437 -61.4636 -235.588 -0.657641 0.387036 0.64632 
-1.64472 254.029 -220.54 0.00601013 -0.928274 0.371872 
131.739 -36.326 -239.763 -0.785831 0.216686 0.579254 
-118.459 -36.3753 -250.002 0.728365 0.223659 0.647671 
26.4191 -158.465 -185.278 -0.143103 0.858346 0.492728 
31.551 70.5021 -182.599 -0.300821 -0.672199 0.676515 
-0.57073 -7.5097 -127.197 0.0417146 0.548884 0.834867 
-8.61199 16.7417 -152.674 0.264754 -0.514682 0.815491 
15.7267 -65.1366 -167.757 -0.17537 0.726343 0.664597 
-29.0038 91.0908 -195.964 0.242512 -0.761646 0.600916 
63.7625 -129.874 -227.898 -0.371312 0.756302 0.538658 
-78.3295 187.987 -234.225 0.343343 -0.824006 0.450718 
116.719 -176.296 -234.964 -0.49562 0.748605 0.440419 
-60.927 260.004 -215.113 0.213257 -0.910068 0.355408 
125.777 -47.9455 -195.538 -0.798729 0.304472 0.518985 
-142.191 40.7202 -236.185 0.777639 -0.222698 0.587963 
-19.2746 -282.649 -192.938 0.064648 0.948023 0.311595 
-118.646 7.09006 -196.509 0.835068 -0.0499023 0.547894 
-111.228 109.071 -226.56 0.621137 -0.60909 0.493169 
-70.2584 182.837 -231.446 0.324621 -0.844775 0.425434 
94.6764 124.321 -245.002 -0.509617 -0.669184 0.540833 
61.464 -45.605 -233.984 -0.581853 0.431723 0.68926 
-41.8994 -66.4146 -210.76 0.399935 0.633936 0.661963 
-18.0136 18.4999 -189.896 0.42802 -0.439574 0.789678 
33.944 2.75524 -206.882 -0.560496 -0.0454955 0.826917 
-27.0821 17.0884 -186.809 0.474612 -0.299473 0.827694 
4.995 -93.863 -165.063 -0.0423678 0.79615 0.603628 
-6.86028 58.325 -162.026 0.0868099 -0.738044 0.669158 
34.7869 -73.0772 -199.768 -0.328071 0.689182 0.646077 
-48.1977 137.377 -216.164 0.281758 -0.803087 0.525054 
101.293 -147.713 -244.857 -0.490221 0.714878 0.498648 
-46.4678 227.133 -219.767 0.183319 -0.896055 0.404347 
129.451 -79.1742 -239.947 -0.716431 0.438181 0.542901 
-122.154 43.0529 -246.584 0.728555 -0.256777 0.635052 
-27.3812 -265.124 -214.394 0.0958689 0.928267 0.359371 
-110.711 98.583 -248.171 0.623894 -0.55555 0.549671 
106.746 17.7904 -249.075 -0.722373 -0.120392 0.680955 
-23.0055 147.76 -182.697 0.132417 -0.850491 0.509066 
-22.4931 -71.543 -173.932 0.224056 0.712646 0.664795 
-3.09963 15.9316 -140.008 0.116322 -0.597875 0.793116 
20.0569 -42.9433 -173.335 -0.289804 0.620493 0.728711 
-28.647 103.144 -195.564 0.218125 -0.785368 0.57934 
73.4788 -127.399 -235.328 -0.42032 0.728758 0.54061 
-54.246 194.005 -222.868 0.241115 -0.862321 0.44529 
128.176 -104.869 -242.957 -0.660186 0.540138 0.521941 
-84.6776 181.541 -223.48 0.374745 -0.803419 0.462711 
111.258 -164.489 -239.322 -0.498931 0.737642 0.454939 
-76.8172 198.864 -223.372 0.323667 -0.837909 0.439507 
125.75 -122.858 -237.129 -0.622972 0.608647 0.491398 
-108.343 145.178 -233.874 0.515 -0.690091 0.508495 
118.123 -171.77 -221.715 -0.514201 0.747734 0.420129 
-61.7855 246.725 -214.224 0.225068 -0.898755 0.3763 
128.131 -95.5858 -230.875 -0.68912 0.514085 0.510733 
-129.886 16.0236 -247.78 0.767026 -0.0946257 0.634614 
-63.1283 -228.417 -212.249 0.24366 0.881636 0.404184 
71.5781 59.6796 -224.207 -0.554475 -0.462304 0.69199 
-39.2663 15.6584 -194.494 0.530423 -0.211519 0.820932 
-10.4286 -104.303 -166.433 0.0803113 0.80324 0.590232 
3.25953 36.0895 -142.174 -0.0596135 -0.66004 0.748873 
9.67388 -25.6073 -155.246 -0.223837 0.592509 0.773852 
-22.5 70.6124 -179.871 0.230463 -0.723268 0.65099 
44.9159 -113.995 -213.958 -0.303246 0.769628 0.561901 
-72.8768 158.5 -232.947 0.36332 -0.790186 0.49358 
100.173 -188.998 -237.67 -0.420543 0.793449 0.439999 
-92.6654 227.527 -224.179 0.347994 -0.85445 0.385788 
125.97 -146.428 -205.387 -0.589471 0.685204 0.427828 
-25.9891 280.965 -196.915 0.0871427 -0.942089 0.323871 
125.777 -68.7521 -216.962 -0.748364 0.409069 0.522141 
-110.281 -159.257 -243.01 0.499646 0.721541 0.479322 
-83.1178 67.2761 -244.689 0.605644 -0.490212 0.626822 
55.2462 93.8009 -223.113 -0.40489 -0.687451 0.602903 
40.0253 -20.836 -218.026 -0.565269 0.294262 0.770648 
-38.6189 -22.1299 -209.722 0.534604 0.306346 0.787635 
14.2676 8.21351 -178.978 -0.444457 -0.255864 0.858492 
-4.538 0.69367 -166.022 0.423268 -0.0646999 0.903701 
11.136 -17.6573 -149.446 -0.293644 0.465606 0.834866 
-4.4075 60.3305 -150.831 0.0532288 -0.728603 0.682878 
9.92074 -49.7891 -160.234 -0.140374 0.704494 0.695702 
-31.2074 77.7068 -195.081 0.288205 -0.717634 0.634 
55.0738 -134.166 -221.937 -0.321884 0.784149 0.530584 
-91.3101 169.233 -239.992 0.418342 -0.775351 0.473115 
81.8255 -223.585 -229.113 -0.314797 0.860172 0.401279 
-131.232 131.138 -218.751 0.628639 -0.62819 0.458484 
22.5055 -272.44 -204.398 -0.0772453 0.935093 0.345908 
-89.312 180.167 -239.148 0.397814 -0.802502 0.444693 
91.6767 -150.239 -232.947 -0.448508 0.735011 0.508544 
-120.862 161.872 -231.799 0.535936 -0.717786 0.444492 
53.4534 -243.843 -214.893 -0.197848 0.90254 0.382486 
-124.149 109.761 -239.747 0.644248 -0.569587 0.510424 
121.886 -52.5135 -246.487 -0.716184 0.308562 0.626009 
10.0955 273.412 -214.021 -0.034586 -0.936682 0.348493 
127.718 -33.9578 -235.005 -0.789708 0.209968 0.576448 
-52.9195 -193.816 -230.658 0.237149 0.868549 0.435202 
-107.497 17.8436 -253.74 0.737923 -0.12249 0.663689 
84.6159 -38.6629 -234.767 -0.645344 0.294872 0.704698 
16.0211 204.864 -209.893 -0.0703528 -0.899613 0.431005 
55.2317 -110.266 -226.27 -0.370226 0.73913 0.562704 
-64.5427 107.46 -220.614 0.417098 -0.694448 0.586336 
84.2141 -183.477 -238.022 -0.372064 0.810615 0.452204 
-79.8758 215.543 -229.97 0.316294 -0.853512 0.414116 
132.353 -120.517 -221.717 -0.651614 0.59334 0.472614 
-36.433 260.037 -206.632 0.12936 -0.923296 0.361673 
70.4568 -193.18 -235.479 -0.308733 0.846488 0.433775 
-81.2856 169.375 -230.53 0.379424 -0.790606 0.480622 
126.656 -138.932 -234.246 -0.594361 0.651968 0.47084 
-55.9476 235.17 -214.278 0.212809 -0.894521 0.393143 
109.867 -147.047 -243.202 -0.524792 0.70239 0.480893 
-99.9695 134.599 -235.126 0.505432 -0.680516 0.530522 
113.3 -184.686 -228.625 -0.474814 0.773975 0.418965 
-57.5458 250.138 -216.225 0.207997 -0.904114 0.373273 
130.037 -65.6065 -222.592 -0.756721 0.381784 0.53069 
-132.196 -41.7634 -248.701 0.752292 0.237664 0.614483 
11.8447 -189.644 -187.47 -0.0557473 0.892565 0.447479 
51.5677 49.9343 -202.607 -0.486714 -0.471297 0.735531 
-24.1786 9.26863 -175.513 0.469835 -0.180106 0.864195 
-3.45047 -76.3201 -146.64 0.0339521 0.750979 0.659466 
3.73799 27.7143 -132.307 -0.0807806 -0.598925 0.796731 
3.14355 -12.0949 -132.42 -0.139533 0.536858 0.832065 
-10.7578 40.0591 -153.283 0.175643 -0.654048 0.735791 
18.0421 -70.1122 -176.416 -0.19007 0.738616 0.64679 
-46.1912 104.607 -213.978 0.328888 -0.744816 0.580603 
65.187 -160.71 -228.743 -0.327532 0.807487 0.490617 
-109.611 167.874 -241.398 0.484596 -0.742176 0.462989 
56.9865 -249.229 -220.396 -0.206667 0.903852 0.374644 
-131.707 57.3116 -215.031 0.778258 -0.338654 0.528816 
136.53 -39.6402 -242.221 -0.763848 0.221776 0.60611 
30.025 280.355 -204.749 -0.100509 -0.938495 0.330366 
125.355 -57.3606 -233.173 -0.755534 0.34572 0.556475 
-54.9439 -199.267 -231.481 0.240279 0.871427 0.427666 
-110.324 17.2894 -254.062 0.743484 -0.116515 0.658539 
86.3209 -44.6261 -234.871 -0.63954 0.330629 0.694039 
9.68015 216.835 -213.554 -0.0405573 -0.908482 0.415972 
93.3333 -91.1151 -247.881 -0.580084 0.566297 0.585515 
-90.3977 49.14 -239.319 0.644496 -0.350347 0.679632 
-4.87015 -223.276 -214.031 0.0199047 0.912546 0.40851 
-99.3837 91.0126 -249.415 0.600896 -0.550282 0.579768 
94.9533 -42.1993 -241.818 -0.668199 0.296962 0.682159 
16.618 219.06 -211.817 -0.0688403 -0.907458 0.414487 
58.0788 -119.944 -228.799 -0.365407 0.754635 0.544996 
-67.9314 110.825 -223.031 0.425793 -0.694648 0.579811 
88.3553 -185.733 -238.549 -0.38416 0.807547 0.447556 
-77.2192 221.317 -228.389 0.300893 -0.862384 0.407154 
133.139 -106.394 -219.5 -0.683455 0.546166 0.484365 
-56.3045 246.47 -208.732 0.206352 -0.903295 0.376157 
78.0633 -195.651 -236.462 -0.334744 0.838973 0.429054 
-80.8286 179.347 -229.425 0.3635 -0.806554 0.466214 
128.969 -126.423 -232.657 -0.626172 0.613809 0.480795 
-73.8306 217.683 -217.654 0.292468 -0.862316 0.413389 
114.161 -151.524 -240.195 -0.531648 0.705648 0.468432 
-98.1716 156.755 -231.967 0.460827 -0.735822 0.496207 
121.892 -157.731 -228.39 -0.5483 0.709508 0.442699 
-66.1511 233.554 -216.342 0.25052 -0.884488 0.393621 
124.087 -119.778 -237.542 -0.625013 0.603312 0.495369 
-121.035 84.5488 -243.312 0.663152 -0.463242 0.587923 
61.1968 -262.03 -212.611 -0.213742 0.91519 0.341701 
-131.96 122.524 -209.249 0.651729 -0.605123 0.457266 
7.00301 -282.262 -197.383 -0.0234371 0.944649 0.327271 
-93.7176 185.267 -237.189 0.407011 -0.804604 0.432403 
101.28 -141.191 -236.333 -0.498263 0.69461 0.518911 
-118.138 175.206 -225.32 0.506651 -0.751397 0.422759 
52.1752 -255.934 -213.387 -0.18589 0.911843 0.366067 
-129.16 76.0908 -227.948 0.73201 -0.431243 0.527455 
129.408 41.0383 -249.677 -0.747162 -0.236943 0.620987 
-23.4033 179.581 -188.644 0.114634 -0.879625 0.461667 
-42.5403 -67.4144 -194.339 0.38631 0.612192 0.68993 
4.97159 6.43185 -148.151 -0.297757 -0.385215 0.87348 
11.6466 -3.096 -138.041 0.312629 -0.0831058 0.946242 
1.93158 -2.9071 -134.749 -0.249835 0.376012 0.892309 
-5.9018 39.0463 -137.777 0.0980224 -0.648516 0.754875 
4.89014 -40.7376 -145.081 -0.0810929 0.675548 0.732855 
-14.4788 50.9804 -166.747 0.196266 -0.69106 0.695653 
34.2283 -91.0868 -199.864 -0.27997 0.745044 0.605428 
-65.2231 140.65 -229.351 0.359223 -0.774644 0.520484 
84.2339 -188.211 -235.838 -0.364995 0.815539 0.449103 
-112.629 189.091 -232.287 0.4631 -0.777488 0.425522 
80.2546 -247.759 -214.417 -0.287631 0.887965 0.358894 
-124.214 85.4901 -186.89 0.725867 -0.499575 0.472821 
46.804 -265.07 -196.142 -0.16326 0.924609 0.344183 
-18.408 234.553 -225.982 0.0721456 -0.919272 0.386977 
117.166 -125.129 -247.421 -0.582057 0.621616 0.524234 
-31.2054 257.329 -216.914 0.111929 -0.922997 0.368194 
130.671 -51.2803 -231.806 -0.773604 0.303592 0.556226 
-121.411 -76.8382 -250.043 0.678137 0.429176 0.59662 
82.3566 -18.0019 -231.456 -0.66388 0.145114 0.733637 
35.1331 169.594 -199.917 -0.177636 -0.857483 0.482893 
-16.0555 -58.245 -168.125 0.193191 0.700843 0.686668 
-9.20544 20.1511 -160.299 0.258034 -0.564847 0.783826 
25.8455 -59.245 -180.689 -0.290779 0.666544 0.686429 
-34.8821 118.313 -205.792 0.235927 -0.800213 0.551375 
83.6583 -137.807 -239.699 -0.44239 0.728732 0.522742 
-57.6898 213.003 -225.128 0.237144 -0.875589 0.420862 
132.837 -94.0174 -235.847 -0.697351 0.493562 0.519727 
-95.4849 178.579 -225.307 0.41782 -0.781421 0.463492 
115.829 -165.553 -233.814 -0.513936 0.734564 0.44306 
-81.028 206.204 -222.862 0.33049 -0.841046 0.428293 
127.365 -118.072 -232.787 -0.639618 0.592947 0.489204 
-117.835 125.732 -237.17 0.579667 -0.618516 0.530511 
110.279 -192.51 -212.546 -0.457653 0.798909 0.390276 
-62.0772 259.498 -210.802 0.217489 -0.909155 0.35518 
124.494 -46.5954 -201.031 -0.796452 0.298093 0.526139 
-131.608 -116.42 -243.74 0.638481 0.564799 0.52284 
80.2198 81.8715 -234.27 -0.540325 -0.55145 0.635586 
-28.4007 -31.853 -188.085 0.41777 0.468553 0.778424 
-2.16259 -2.16127 -146.387 -0.309738 -0.30955 0.899032 
7.04466 -4.48673 -143.451 0.320713 -0.204261 0.924899 
7.19503 -12.2886 -143.677 -0.265742 0.45387 0.85053 
-6.65949 53.1213 -148.902 0.0885016 -0.705958 0.702714 
10.3985 -52.9193 -161.362 -0.139864 0.711788 0.688341 
-31.4878 79.5716 -195.947 0.285973 -0.722671 0.629272 
55.964 -134.536 -222.48 -0.325645 0.78284 0.530221 
-91.6376 170.413 -239.956 0.417725 -0.776816 0.471253 
82.3959 -223.795 -229.033 -0.316557 0.859799 0.400693 
-131.063 131.895 -218.213 0.626935 -0.630916 0.457073 
22.1522 -273.16 -204.175 -0.075875 0.935618 0.344788 
-91.9109 177.852 -239.468 0.410801 -0.794919 0.446503 
94.0436 -146.164 -233.828 -0.464062 0.721249 0.51426 
-119.418 167.537 -230.696 0.521926 -0.732233 0.437545 
52.7049 -247.349 -214.863 -0.192939 0.905481 0.378016 
-126.882 97.0974 -236.785 0.678978 -0.519594 0.51868 
125.544 -21.5731 -248.316 -0.755449 0.129814 0.642233 
56.3407 230.824 -212.76 -0.217135 -0.889585 0.401881 
-53.3005 -90.575 -211.953 0.395373 0.671868 0.626332 
1.9067 23.8061 -143.212 -0.0518838 -0.647795 0.760058 
18.7594 -25.1729 -178.585 -0.370036 0.496543 0.785198 
-22.6827 85.3319 -179.782 0.201532 -0.758162 0.620155 
37.6958 -109.953 -208.477 -0.267491 0.780227 0.56543 
-69.3737 145.214 -230.807 0.36964 -0.773737 0.514505 
94.4877 -188.404 -237.865 -0.401646 0.800862 0.444206 
-97.0563 218.374 -227.444 0.372731 -0.838636 0.397213 
121.503 -172.183 -210.538 -0.525932 0.745307 0.409794 
-55.1197 268.765 -197.031 0.189927 -0.926089 0.326043 
106.852 -23.8831 -161.338 -0.835726 0.186798 0.516416 
-140.861 -110.443 -230.522 0.679799 0.532999 0.503789 
116.223 -5.88302 -244.049 -0.740689 0.0374926 0.670815 
67.6673 202.274 -213.643 -0.284838 -0.851453 0.440354 
-64.8554 -34.5821 -218.51 0.58489 0.311874 0.748769 
29.7905 -58.6715 -167.077 -0.319617 0.629474 0.708255 
13.1149 69.3627 -158.183 -0.137543 -0.727446 0.672252 
2.32374 -20.2839 -135.897 -0.0697443 0.608797 0.790265 
-14.9166 39.2096 -164.22 0.240877 -0.633165 0.735594 
26.345 -88.4615 -189.987 -0.226448 0.760368 0.608753 
-62.5076 124.485 -228.099 0.375872 -0.748554 0.546265 
64.4081 -184.502 -228.079 -0.293072 0.839526 0.457517 
-125.734 135.631 -240.511 0.593993 -0.640749 0.486447 
36.0185 -244.498 -212.435 -0.134608 0.913735 0.383388 
-101.953 144.482 -244.833 0.501813 -0.71114 0.492423 
95.6794 -123.279 -235.203 -0.511556 0.65912 0.551261 
-104.902 198.68 -231.371 0.425357 -0.805611 0.412407 
67.831 -245.868 -219.837 -0.246433 0.893247 0.37603 
-129.1 58.4821 -206.451 0.778516 -0.352666 0.51919 
139.535 -41.0849 -239.676 -0.769939 0.226702 0.596505 
23.8449 283.119 -199.414 -0.0795055 -0.944 0.320252 
124.262 -24.3869 -215.129 -0.814271 0.159804 0.558071 
72.1179 -196.889 -230.748 -0.31383 0.856789 0.409196 
-117.838 -34.8609 -252.271 0.732205 0.216613 0.645733 
70.5376 -97.6242 -214.111 -0.464201 0.642456 0.609742 
-13.0274 179.441 -212.967 0.0644502 -0.887743 0.455824 
110.305 -87.3704 -251.687 -0.637723 0.50513 0.581525 
-59.4583 167.798 -214.271 0.292241 -0.824737 0.484171 
77.5546 -166.108 -238.227 -0.372381 0.797575 0.474578 
-65.4751 185.728 -224.606 0.295605 -0.83852 0.457732 
127.555 -115.594 -240.48 -0.639344 0.579392 0.505532 
-85.2834 187.035 -223.457 0.369558 -0.810475 0.454505 
115.799 -156.535 -238.305 -0.528118 0.713902 0.459841 
-84.5948 190.613 -225.122 0.362326 -0.816411 0.449678 
125.295 -131.447 -234.448 -0.606092 0.63585 0.477876 
-102.131 168.318 -229.618 0.456153 -0.751768 0.476222 
123.342 -149.631 -224.93 -0.569514 0.690903 0.445336 
-83.5471 216.112 -219.722 0.328429 -0.849549 0.412819 
126.067 -123.301 -230.773 -0.626993 0.613238 0.480454 
-121.938 113.558 -239.049 0.613914 -0.571722 0.544299 
101.852 -210.061 -208.429 -0.405139 0.835564 0.371098 
-77.3117 251.968 -209.089 0.274464 -0.894511 0.352898 
114.219 -46.6786 -171.299 -0.800564 0.327173 0.502069 
-144.434 64.8899 -224.741 0.760653 -0.341739 0.551941 
49.6905 -236.974 -163.668 -0.195771 0.933634 0.30003 
-110.725 95.7905 -157.592 0.681153 -0.589282 0.434505 
-5.03637 -270.834 -167.628 0.0177466 0.954336 0.298236 
-64.011 242.211 -222.105 0.23836 -0.901929 0.360174 
103.76 -183.2 -233.782 -0.439602 0.776165 0.452035 
-126.812 130.91 -208.073 0.623176 -0.643314 0.444765 
47.3075 -262.257 -204.987 -0.165966 0.920059 0.354913 
-98.8092 179.094 -238.282 0.433815 -0.786298 0.439953 
95.7059 -157.19 -232.867 -0.451456 0.741482 0.496397 
-123.616 153.513 -228.217 0.561102 -0.696811 0.446806 
60.9428 -238.941 -214.794 -0.227855 0.893358 0.387313 
-121.273 126.3 -239.687 0.602756 -0.627741 0.49259 
117.784 -90.5325 -242.791 -0.643647 0.494728 0.583936 
-70.7181 253.557 -215.216 0.251654 -0.902296 0.350072 
127.963 -154.087 -213.53 -0.576369 0.694037 0.431426 
-40.3317 276.51 -195.5 0.136731 -0.937414 0.320275 
110.642 -17.3702 -172.15 -0.839526 0.131801 0.527108 
-41.7151 -259.218 -218.273 0.149231 0.927321 0.343255 
-135.544 61.6816 -246.17 0.745776 -0.339377 0.573288 
0.343761 -238.855 -203.922 -0.00132531 0.920867 0.389898 
27.996 126.628 -201.897 -0.181985 -0.82313 0.537918 
53.1694 -50.8456 -225.092 -0.519643 0.496932 0.695016 
-56.1626 58.4418 -214.552 0.497779 -0.51798 0.695651 
27.302 -180.383 -214.096 -0.133027 0.878905 0.458091 
-115.535 96.2822 -250.853 0.636569 -0.530491 0.559801 
71.3127 -165.112 -219.908 -0.345902 0.800878 0.488839 
-94.5437 170.119 -241.644 0.430553 -0.774723 0.463083 
64.5376 -199.805 -222.534 -0.276158 0.85497 0.439068 
-127.227 108.357 -240.367 0.653593 -0.55665 0.512811 
108.67 -133.402 -235.285 -0.53677 0.658936 0.526971 
-112.208 188.714 -223.137 0.466804 -0.785082 0.407134 
61.0247 -251.331 -215.237 -0.219188 0.902728 0.370212 
-129.26 63.4429 -217.947 0.762751 -0.374372 0.527328 
133.757 52.3568 -248.011 -0.743822 -0.291157 0.601643 
-41.4296 175.838 -194.929 0.202556 -0.859703 0.468935 
-38.3355 -92.5967 -194.838 0.299773 0.72408 0.621178 
-0.91107 21.3018 -140.081 0.0272674 -0.637539 0.769947 
20.2798 -34.45 -176.87 -0.332821 0.565375 0.754718 
-25.7375 99.9351 -189.83 0.201927 -0.784052 0.586946 
63.2511 -121.672 -229.449 -0.3853 0.741177 0.549743 
-55.571 177.255 -222.291 0.264395 -0.843345 0.467849 
123.673 -119.968 -244.998 -0.616683 0.59821 0.511726 
-61.6534 207.103 -216.608 0.257678 -0.865579 0.429409 
100.292 -157.155 -243.474 -0.472932 0.741074 0.476616 
-79.0345 169.871 -226.139 0.369848 -0.794924 0.480965 
121.038 -143.31 -239.396 -0.567761 0.672235 0.475148 
-74.9624 204.073 -220.989 0.310904 -0.846385 0.432423 
120.103 -136.882 -240.142 -0.577628 0.658326 0.482669 
-101.595 152.105 -232.567 0.480427 -0.719284 0.501834 
120.03 -164.663 -226.898 -0.530716 0.728066 0.43391 
-64.0252 238.241 -215.875 0.239231 -0.89019 0.387747 
126.136 -109.72 -235.691 -0.652124 0.567253 0.502967 
-125.197 58.5233 -245.615 0.7154 -0.334412 0.613506 
4.41295 -280.506 -211.592 -0.0148156 0.941739 0.336043 
-128.835 15.8227 -214.069 0.824719 -0.101287 0.556415 
66.0051 216.309 -232.495 -0.266591 -0.873657 0.407025 
120.898 -2.66321 -252.979 -0.772622 0.0170198 0.634652 
-91.8136 -40.0358 -242.801 0.663317 0.289243 0.690194 
54.8538 -54.2716 -204.558 -0.498364 0.493075 0.713111 
3.35325 149.58 -197.346 -0.0194179 -0.866183 0.499367 
65.0696 -86.2635 -232.629 -0.475608 0.630519 0.6134 
-57.8003 111.182 -213.71 0.375928 -0.723116 0.579482 
76.4399 -171.942 -236.802 -0.358724 0.806906 0.469295 
-74.0073 203.219 -229.919 0.308557 -0.847275 0.43236 
131.999 -120.477 -230.2 -0.646376 0.589956 0.483908 
-47.0678 245.596 -210.383 0.174099 -0.908433 0.380076 
83.8452 -179.051 -239.123 -0.378573 0.808439 0.450696 
-79.8529 167.891 -228.386 0.375978 -0.790497 0.483499 
124.788 -138.656 -236.894 -0.58858 0.65399 0.475278 
-67.8773 218.365 -217.803 0.270223 -0.869321 0.413858 
115.755 -141.765 -241.918 -0.554194 0.678721 0.481896 
-101.544 142.446 -234.182 0.496832 -0.696958 0.517132 
117.012 -175.081 -227.316 -0.502934 0.752521 0.42519 
-57.7288 246.843 -215.321 0.210865 -0.90164 0.377622 
128.808 -87.7982 -231.646 -0.70566 0.480991 0.520298 
-129.161 2.77069 -248.57 0.769124 -0.0164988 0.6389 
-61.3798 -208.457 -207.576 0.254873 0.865595 0.431049 
73.9463 4.16781 -221.455 -0.645507 -0.0363825 0.762899 
35.8041 127.461 -179.355 -0.224165 -0.798019 0.559404 
-29.1267 -11.4724 -178.181 0.478074 0.188303 0.857907 
13.9115 -35.0658 -135.826 -0.225248 0.567767 0.791784 
8.48759 41.4001 -133.149 -0.125874 -0.613981 0.779231 
-0.114258 -4.50718 -114.618 0.0115956 0.457415 0.889188 
-2.70228 10.3377 -124.704 0.129559 -0.495636 0.858823 
5.26609 -30.7833 -136.746 -0.106369 0.621786 0.775942 
-7.9124 42.3396 -150.636 0.126463 -0.676708 0.725321 
18.9167 -63.3695 -176.392 -0.213993 0.71686 0.663579 
-43.9756 105.778 -211.438 0.313146 -0.753233 0.578444 
71.2315 -157.689 -232.461 -0.357819 0.792123 0.494494 
-97.6643 189.161 -237.691 0.411604 -0.797213 0.441647 
97.2841 -220.879 -225.501 -0.370835 0.841964 0.391914 
-121.578 169.422 -207.723 0.532036 -0.741406 0.408989 
52.7077 -269.759 -195.154 -0.181457 0.928699 0.323434 
-105.491 21.082 -159.951 0.838898 -0.16765 0.517843 
129.273 158.901 -228.226 -0.563788 -0.693002 0.449343 
34.782 -187.987 -226.347 -0.163799 0.885285 0.435267 
-90.746 103.553 -239.384 0.534603 -0.610051 0.584855 
70.4246 -231.215 -228.667 -0.267938 0.879682 0.39292 
-130.16 143.535 -228.351 0.596589 -0.657892 0.459649 
24.0798 -274.242 -207.46 -0.0821224 0.935282 0.34427 
-125.437 92.6531 -236.405 0.685365 -0.506239 0.523464 
123.456 39.3407 -250.812 -0.73667 -0.234749 0.634215 
-41.7124 155.456 -193.239 0.224424 -0.836395 0.500096 
-25.5442 -96.1128 -185.747 0.204829 0.770692 0.603405 
-11.287 34.2322 -165.205 0.21404 -0.649158 0.72993 
33.279 -65.4382 -192.656 -0.335817 0.660334 0.671717 
-44.8344 138.627 -216.132 0.262808 -0.812595 0.52023 
95.7727 -149.647 -243.184 -0.466812 0.729403 0.500075 
-56.3256 229.423 -223.825 0.218472 -0.889872 0.40052 
133.813 -76.8327 -229.462 -0.736723 0.423011 0.527559 
-121.717 116.122 -236.965 0.608653 -0.580677 0.540715 
103.225 -206.85 -210.252 -0.413869 0.829342 0.375394 
-72.6373 254.278 -211.145 0.256686 -0.898568 0.355957 
118.321 -43.0113 -181.889 -0.806524 0.293183 0.513402 
-145.283 -20.8384 -235.406 0.801379 0.114944 0.587024 
-87.76 -210.212 -205.945 0.349641 0.837496 0.419963 
56.2457 -151.741 -188.145 -0.299969 0.809262 0.505104 
66.8765 38.0477 -211.246 -0.576907 -0.328217 0.747977 
-7.97486 93.0739 -143.818 0.0669815 -0.781735 0.620017 
-21.8786 -22.4922 -155.613 0.364505 0.374727 0.852486 
5.17486 -2.78192 -136.529 -0.324501 0.174446 0.92967 
-1.0808 38.3563 -118.863 0.0169017 -0.59982 0.799967 
-2.52059 -18.0871 -117.133 0.0688483 0.494037 0.866721 
-0.430262 3.30262 -112.77 0.0558275 -0.428523 0.901814 
2.75943 -14.997 -122.309 -0.0954506 0.518757 0.849587 
-3.67452 26.4597 -131.55 0.0834366 -0.600816 0.795032 
6.30254 -34.6881 -143.862 -0.117658 0.647567 0.752882 
-13.9714 53.3237 -165.618 0.183388 -0.699922 0.690287 
32.9914 -89.3937 -198.764 -0.2749 0.74487 0.60796 
-63.4137 138.146 -227.989 0.355153 -0.773697 0.524668 
85.39 -185.151 -236.55 -0.373388 0.809619 0.452898 
-107.999 196.808 -232.174 0.436628 -0.795673 0.419854 
94.2877 -231.715 -215.449 -0.350193 0.860612 0.36977 
-122.305 136.421 -191.285 0.60509 -0.674929 0.422319 
20.5201 -281.299 -189.577 -0.0690435 0.946479 0.315322 
-124.664 92.1494 -218.561 0.697159 -0.515328 0.498422 
129.267 93.5114 -248.064 -0.6713 -0.485615 0.559957 
-88.0289 -27.0061 -237.811 0.668516 0.205092 0.714872 
19.0536 -118.735 -169.083 -0.131292 0.818163 0.559811 
21.0221 53.1878 -163.554 -0.25259 -0.639076 0.726497 
0.00389855 0.15713 -118.62 0.0119862 0.483103 0.875492 
-6.08718 14.7331 -140.986 0.213532 -0.516821 0.829046 
10.4407 -51.8948 -155.783 -0.140729 0.699482 0.700669 
-18.7323 70.2533 -178.518 0.196896 -0.738436 0.644951 
48.7765 -106.644 -215.982 -0.339456 0.742179 0.577891 
-67.0106 165.613 -229.947 0.328371 -0.81155 0.483298 
110.787 -169.437 -240.727 -0.486045 0.743355 0.459567 
-58.0275 251.26 -219.897 0.208929 -0.904668 0.371406 
131.081 -56.0661 -211.845 -0.781629 0.334318 0.526598 
-137.538 43.9851 -241.015 0.761952 -0.243675 0.600058 
-18.2824 -284.185 -201.484 0.0607923 0.944966 0.321498 
-124.061 14.0335 -211.133 0.824815 -0.0933009 0.557667 
-85.5186 180.908 -231.808 0.386989 -0.818646 0.424355 
113.378 87.4333 -250.672 -0.640246 -0.493734 0.588498 
-42.6059 -80.116 -206.998 0.361311 0.679409 0.638651 
-9.69429 22.3788 -166.235 0.258024 -0.595636 0.760697 
34.9747 -28.5668 -200.187 -0.485291 0.396378 0.779356 
-14.7191 113.081 -180.901 0.106694 -0.819691 0.562797 
27.7135 -94.8721 -197.861 -0.226621 0.775797 0.588897 
-61.0569 124.248 -224.717 0.368471 -0.749821 0.549559 
84.7237 -182.025 -237.089 -0.375376 0.806479 0.456839 
-100.234 205.034 -232.552 0.399351 -0.816898 0.416191 
111.673 -201.832 -217.742 -0.444981 0.804238 0.393969 
-96.0496 225.085 -199.662 0.36693 -0.859873 0.354964 
112.553 -131.176 -170.589 -0.595217 0.693699 0.405606 
-24.5231 272.507 -175.503 0.0854243 -0.949256 0.302709 
112.402 -42.4161 -182.245 -0.800832 0.302204 0.517068 
7.94809 -259.866 -216.928 -0.0287739 0.940775 0.337835 
-125.477 104.52 -246.434 0.642075 -0.534836 0.549279 
46.5376 -271.753 -211.496 -0.158822 0.92743 0.338626 
-127.714 49.991 -195.999 0.797029 -0.31198 0.517137 
132.439 -126.575 -227.205 -0.624119 0.596485 0.504677 
-107.147 165.358 -185.725 0.50248 -0.775467 0.382338 
65.2936 -259.447 -202.062 -0.228874 0.909441 0.347206 
-124.884 76.6647 -208.571 0.736188 -0.451937 0.503784 
136.08 75.7361 -245.89 -0.717821 -0.399507 0.570215 
-94.2327 86.168 -228.462 0.579928 -0.530296 0.618456 
19.421 -231.993 -222.944 -0.0766359 0.915449 0.395092 
-130.656 78.7045 -246.098 0.711933 -0.428853 0.556107 
74.7221 -186.594 -218.834 -0.330718 0.82586 0.456726 
-87.6968 181.03 -239.506 0.389536 -0.804108 0.449099 
70.2336 -194.474 -225.111 -0.30403 0.841844 0.445961 
-129.371 109.674 -236.813 0.658442 -0.558195 0.504866 
102.76 -161.511 -229.948 -0.469037 0.737198 0.486375 
-119.77 162.639 -227.27 0.533663 -0.724676 0.435965 
74.365 -225.564 -218.497 -0.286607 0.869337 0.402651 
-126.84 113.595 -233.209 0.647424 -0.579817 0.494644 
124.804 -84.0598 -242.814 -0.67401 0.45397 0.582786 
-62.2482 261.746 -208.822 0.217861 -0.916077 0.336685 
130.523 -125.448 -205.161 -0.643924 0.618888 0.449841 
-8.75538 283.457 -194.535 0.0292361 -0.946524 0.321334 
114.718 -149.116 -235.088 -0.541349 0.703671 0.460225 
-123.928 62.7153 -246.309 0.706601 -0.357583 0.610628 
9.15192 -279.322 -212.383 -0.0308214 0.940685 0.337903 
-129.337 18.7764 -213.866 0.823381 -0.119534 0.554773 
92.4232 188.701 -238.325 -0.394294 -0.805032 0.443252 
108.161 15.2937 -251.195 -0.755306 -0.106798 0.646626 
41.237 -112.848 -219.219 -0.289187 0.791386 0.538607 
-67.3361 -65.554 -232.796 0.536271 0.522079 0.663223 
-1.10059 35.1514 -156.824 0.022315 -0.71271 0.701116 
37.8988 -19.0557 -209.518 -0.542331 0.272687 0.794692 
-28.7605 72.4915 -178.52 0.277149 -0.698562 0.65971 
15.2279 -105.054 -187.917 -0.117996 0.814023 0.568737 
-68.3869 102.911 -232.721 0.448978 -0.67564 0.584763 
43.079 -172.338 -213.875 -0.213568 0.85438 0.473752 
-110.317 118.396 -248.775 0.577736 -0.620044 0.530833 
74.5793 -164.069 -222.577 -0.360672 0.79345 0.490277 
-106.917 161.468 -242.47 0.488153 -0.737219 0.467153 
65.4677 -204.102 -220.924 -0.275252 0.858128 0.43344 
-123.505 118.464 -241.955 0.622688 -0.597268 0.505518 
107.601 -129.031 -236.213 -0.541193 0.648982 0.534743 
-110.283 193.718 -223.773 0.452574 -0.794975 0.403992 
62.2628 -252.505 -215.651 -0.222612 0.902793 0.368002 
-128.316 54.6635 -211 0.781337 -0.332854 0.527958 
136.088 58.6207 -246.556 -0.74143 -0.319375 0.590169 
-50.7715 173.207 -198.959 0.247696 -0.845013 0.473938 
-35.4462 -108.046 -196.789 0.253138 0.771606 0.583578 
-9.17757 35.4205 -162.089 0.17382 -0.670853 0.720944 
34.4366 -58.7891 -194.943 -0.366023 0.624864 0.68963 
-39.5401 139.943 -211.865 0.232633 -0.823346 0.517688 
100.118 -134.711 -246 -0.509765 0.685902 0.519322 
-41.3963 217.322 -217.176 0.170135 -0.893172 0.416311 
121.419 -97.5633 -246.902 -0.655792 0.526945 0.540633 
-111.089 74.651 -243.154 0.653895 -0.439412 0.615919 
40 -265.725 -219.179 -0.139304 0.925415 0.352448 
-135.825 72.9572 -219.224 0.7534 -0.404681 0.518303 
80.0794 -221.134 -213.375 -0.311351 0.859777 0.404798 
-87.4479 198.984 -236.081 0.36496 -0.830449 0.420923 
79.82 -194.575 -227.651 -0.339919 0.82861 0.444834 
-130.918 109.647 -229.446 0.666833 -0.55849 0.493397 
102.942 -176.324 -226.912 -0.446878 0.765432 0.463067 
-122.295 151.163 -225.254 0.563576 -0.696611 0.443997 
91.6838 -203.739 -222.721 -0.37095 0.824321 0.427679 
-127.122 121.987 -225.764 0.635048 -0.609398 0.474728 
121.109 -132.223 -235.537 -0.578375 0.631454 0.516494 
-113.741 177.304 -206.124 0.495882 -0.773003 0.395707 
58.2043 -261.472 -207.996 -0.203303 0.913302 0.352938 
-127.238 68.5448 -215.139 0.752252 -0.405246 0.519529 
131.396 87.421 -247.577 -0.686845 -0.456976 0.565186 
-94.1352 14.9337 -237.453 0.692822 -0.10991 0.712696 
-45.3978 -182.519 -205.715 0.213504 0.858377 0.466501 
28.9303 58.3947 -182.983 -0.316301 -0.638442 0.701686 
0.258173 -3.30072 -127.391 -0.0426983 0.545894 0.836776 
-13.5622 23.7593 -162.871 0.30193 -0.528942 0.793143 
18.0031 -80.5059 -176.092 -0.170092 0.760612 0.626542 
-40.814 102.585 -210.016 0.300819 -0.756103 0.581234 
62.6261 -149.559 -226.517 -0.33274 0.794628 0.507807 
-105.645 167.893 -241.949 0.471156 -0.748774 0.466226 
59.5834 -243.842 -222.007 -0.219431 0.898009 0.381377 
-132.636 64.3081 -217.302 0.766032 -0.371408 0.52466 
133.176 -79.8813 -239.176 -0.702938 0.421634 0.572817 
-62.8405 257.317 -197.418 0.224362 -0.918709 0.325043 
126.269 -134.038 -195.734 -0.61869 0.656757 0.431173 
-22.0464 279.167 -185.083 0.0748847 -0.948242 0.308622 
115.101 -32.2061 -187.181 -0.817092 0.228629 0.529251 
39.0965 -245.823 -219.1 -0.147149 0.925211 0.349786 
-126.042 78.8944 -247.625 0.687516 -0.430343 0.584931 
19.1436 -278.723 -211.713 -0.0645001 0.939097 0.337571 
-128.38 22.3835 -208.883 0.823778 -0.143628 0.548433 
112.499 160.486 -242.311 -0.504508 -0.719708 0.47698 
70.8722 -98.1302 -237.513 -0.478013 0.66186 0.577462 
-80.7221 -31.8056 -240.315 0.652331 0.257027 0.713035 
51.612 -11.9632 -212.492 -0.58885 0.13649 0.796645 
5.7611 116.485 -168.984 -0.0407835 -0.824608 0.564249 
-6.84998 -43.1744 -147.888 0.106749 0.672823 0.732073 
-7.27815 20.6155 -150.128 0.204926 -0.580456 0.788095 
20.9659 -61.6478 -175.593 -0.237752 0.699085 0.674367 
-37.5227 108.184 -206.462 0.269061 -0.775748 0.570823 
74.8709 -145.456 -234.692 -0.392912 0.76333 0.5128 
-79.8795 203.031 -233.015 0.330525 -0.840099 0.430122 
125.364 -158.891 -230.61 -0.553791 0.701895 0.44797 
-36.6494 270.385 -210.348 0.125912 -0.928932 0.34821 
128.561 -52.0818 -221.261 -0.778609 0.315424 0.542488 
-112.143 -144.369 -245.02 0.530388 0.682805 0.502477 
-41.7817 110.905 -218.252 0.294356 -0.781334 0.550354 
76.7341 -32.9827 -236.117 -0.638514 0.274453 0.719022 
2.33626 164.124 -192.221 -0.012462 -0.875462 0.483145 
5.21549 -83.2203 -177.114 -0.0498266 0.795053 0.604504 
-53.167 78.3915 -219.924 0.432227 -0.637292 0.638009 
38.8308 -156.223 -210.283 -0.20954 0.843017 0.495412 
-103.591 121.733 -248.168 0.548191 -0.644194 0.533402 
59.717 -178.274 -217.086 -0.280567 0.837582 0.468781 
-101.771 148.71 -244.92 0.492214 -0.71923 0.490359 
69.8291 -180.299 -222.261 -0.319514 0.824987 0.466181 
-118.029 137.444 -243.212 0.568106 -0.661553 0.48951 
82.7338 -180.873 -224.858 -0.368428 0.80546 0.464234 
-119.518 146.988 -238.579 0.556978 -0.684995 0.469654 
84.8175 -190.763 -224.575 -0.362948 0.816309 0.449361 
-123.677 136.575 -235.458 0.590956 -0.652584 0.47426 
99.486 -171.555 -229.062 -0.442083 0.762337 0.472676 
-123.841 146.964 -226.709 0.57531 -0.68273 0.450461 
86.1469 -210.208 -221.005 -0.344062 0.839548 0.420473 
-125.909 126.074 -230.509 0.621026 -0.62184 0.477136 
119.129 -127.253 -237.046 -0.580965 0.620581 0.526666 
-111.389 188.242 -210.087 0.468731 -0.792132 0.390942 
60.0865 -261.249 -209.465 -0.209734 0.911897 0.352806 
-124.95 49.2145 -203.736 0.791053 -0.311576 0.526472 
127.511 129.293 -243.741 -0.604242 -0.612685 0.509437 
-39.6739 -129.74 -213.469 0.247598 0.809687 0.53209 
-66.271 29.5426 -237.017 0.630625 -0.281123 0.723394 
61.1989 -14.0147 -224.679 -0.6211 0.142234 0.770728 
-4.06374 123.127 -172.586 0.0275683 -0.835293 0.549129 
-5.84624 -56.684 -155.842 0.0746924 0.724203 0.685543 
-14.7178 35.7371 -168.74 0.257118 -0.624322 0.737652 
30.4473 -84.6361 -191.616 -0.265122 0.736974 0.62177 
-58.9251 132.464 -226.149 0.344172 -0.773699 0.531934 
73.1307 -180.055 -232.088 -0.333537 0.821204 0.463027 
-119.871 162.336 -237.802 0.528332 -0.715496 0.457108 
42.8432 -260.484 -215.089 -0.151274 0.919734 0.362248 
-130.094 52.1799 -223.277 0.778728 -0.312343 0.544098 
125.071 92.6853 -248.922 -0.660738 -0.489647 0.568936 
-82.9822 -22.328 -234.995 0.66157 0.178008 0.728462 
15.2066 -116.564 -166.163 -0.106849 0.819034 0.563724 
19.971 48.7404 -160.833 -0.25442 -0.620925 0.741445 
0.129947 3.20275 -115.858 0.0184249 0.454112 0.890764 
-5.11785 12.7377 -136.961 0.202121 -0.503055 0.840298 
8.5465 -46.523 -150.099 -0.125667 0.684069 0.718523 
-14.1905 60.5455 -169.064 0.169633 -0.72376 0.66889 
38.6524 -92.7578 -205.41 -0.306923 0.736551 0.60275 
-62.4145 148.241 -227.163 0.334005 -0.793299 0.509054 
99.4686 -174.711 -240.594 -0.439023 0.771117 0.461145 
-77.1035 235.066 -225.54 0.287395 -0.876182 0.386945 
132.389 -103.316 -212.006 -0.692009 0.540044 0.479055 
-43.7933 259.417 -204.217 0.155326 -0.9201 0.359593 
49.7457 -211.331 -230.434 -0.208706 0.886632 0.412726 
-91.8927 166.047 -237.048 0.4243 -0.766696 0.481835 
118.811 -177.438 -228.768 -0.502944 0.751122 0.427646 
-51.4766 264.896 -212.473 0.178545 -0.918786 0.352096 
126.264 -39.8431 -204.337 -0.806165 0.254388 0.534231 
-129.756 -117.34 -244.68 0.631265 0.570861 0.525015 
74.0655 86.9187 -230.674 -0.504705 -0.59229 0.628079 
-14.1105 -36.1457 -165.937 0.243532 0.623836 0.742656 
-5.79477 8.66684 -159.686 0.308997 -0.462146 0.83124 
22.1417 -39.5163 -173.729 -0.324738 0.579561 0.747443 
-20.129 102.951 -187.922 0.156719 -0.80155 0.577039 
65.2574 -111.633 -230.717 -0.415358 0.710537 0.568008 
-48.5948 172.928 -217.449 0.23829 -0.847973 0.473474 
117.451 -117.479 -247.917 -0.602113 0.602256 0.52418 
-72.5439 179.872 -220.921 0.330781 -0.820168 0.466825 
106.71 -158.099 -242.95 -0.493411 0.731025 0.471344 
-72.5607 190.974 -222.921 0.317011 -0.834345 0.450988 
122.564 -129.204 -240.886 -0.59912 0.63158 0.492116 
-96.7647 162.74 -229.805 0.446229 -0.750472 0.487534 
120.538 -158.431 -230.922 -0.542079 0.712495 0.445555 
-72.9591 222.261 -218.918 0.284793 -0.867584 0.407686 
125.3 -119.606 -236.097 -0.629355 0.600758 0.49297 
-120.134 100.286 -241.219 0.632566 -0.52806 0.566596 
86.8637 -236.195 -212.408 -0.322413 0.876688 0.357051 
-108.529 210.25 -212.083 0.423785 -0.820988 0.382625 
112.165 -157.204 -180.012 -0.535124 0.750001 0.388791 
-49.5506 261.559 -178.137 0.177001 -0.934319 0.309412 
87.2436 -12.3168 -132.726 -0.850357 0.120051 0.512345 
-63.9745 -250.577 -204.517 0.233286 0.913742 0.332672 
-138.693 13.4261 -225.898 0.821242 -0.0795002 0.565031 
124.204 -97.1635 -237.375 -0.649525 0.508118 0.565642 
-82.3708 240.044 -210.816 0.303877 -0.885558 0.351374 
107.908 -212.091 -214.394 -0.418551 0.822648 0.384815 
-114.472 144.977 -179.654 0.567869 -0.7192 0.400367 
33.0975 -274.065 -182.29 -0.114029 0.94422 0.308971 
-109.98 28.8946 -176.096 0.823659 -0.216397 0.52419 
-41.4716 247.626 -215.103 0.155191 -0.926643 0.342441 
129.176 -82.8263 -246.339 -0.689038 0.441804 0.574503 
-28.4461 279.81 -208.475 0.0954635 -0.939024 0.33036 
125.578 -27.3664 -195.732 -0.825921 0.179987 0.534301 
-141.21 -46.2354 -242.188 0.768629 0.251668 0.588124 
-28.7084 -211.485 -190.292 0.121982 0.898596 0.421501 
73.8111 -25.0052 -213.192 -0.62663 0.212286 0.749858 
50.69 133.784 -200.782 -0.29636 -0.782169 0.548087 
-22.6472 -28.2776 -172.751 0.372738 0.465406 0.802796 
-4.21681 -1.84467 -145.433 -0.338551 -0.148102 0.929229 
1.25216 -1.18646 -136.825 0.286689 -0.271645 0.918714 
6.26345 -31.9811 -131.877 -0.118459 0.604851 0.78749 
-2.05797 36.1617 -136.176 0.0369759 -0.649721 0.759284 
7.17548 -33.9628 -147.337 -0.136707 0.647055 0.750099 
-18.1933 60.0304 -173.743 0.214401 -0.707433 0.67349 
40.1749 -102.933 -207.753 -0.295508 0.757129 0.582622 
-70.8461 151.005 -232.392 0.366721 -0.781648 0.50454 
90.8792 -193.121 -236.494 -0.382423 0.81266 0.43972 
-109.111 200.889 -228.33 0.435325 -0.801499 0.410011 
97.6605 -227.116 -210.935 -0.367475 0.854588 0.366958 
-118.224 146.004 -185.995 0.574845 -0.709918 0.406924 
33.3785 -274.506 -183.439 -0.114787 0.944014 0.309321 
-107.604 21.9303 -171.022 0.833502 -0.169873 0.525771 
-60.0823 233.507 -213.736 0.233389 -0.907057 0.350422 
133.451 -48.685 -247.066 -0.749074 0.273273 0.603513 
33.3796 269.294 -210.266 -0.11513 -0.928824 0.352205 
73.8696 -166.86 -237.582 -0.357766 0.808134 0.467911 
-87.7441 122.478 -233.939 0.484381 -0.676127 0.555198 
103.11 -196.413 -234.441 -0.421633 0.803168 0.42091 
-70.6244 243.095 -221.514 0.258192 -0.888722 0.37885 
129.933 -66.377 -205.91 -0.765592 0.391106 0.510805 
-132.779 113.447 -232.249 0.646686 -0.552532 0.525855 
101.981 -187.991 -188.834 -0.443819 0.818131 0.365655 
-65.5446 261.726 -200.899 0.228493 -0.912393 0.339628 
113.094 -33.7608 -176.542 -0.819143 0.244531 0.518871 
-113.258 -190.406 -230.945 0.463435 0.779116 0.422167 
-115.519 0.876011 -244.245 0.784672 -0.00595038 0.619896 
-90.3808 54.1543 -243.736 0.669678 -0.401257 0.624933 
-66.1416 77.7015 -233.766 0.516887 -0.607226 0.603426 
-34.4237 96.7171 -212.521 0.278424 -0.782263 0.557282 
5.82152 103.825 -198.426 -0.0472208 -0.842166 0.537163 
62.0584 50.8979 -231.297 -0.557328 -0.457099 0.693154 
0.10414 -31.9867 -155.425 -0.00230211 0.707092 0.70713 
-36.6422 10.4039 -210.511 0.562972 -0.159846 0.810882 
33.0845 -40.2363 -187.637 -0.417532 0.507789 0.753548 
-11.8999 121.813 -188.944 0.0816845 -0.836163 0.54238 
62.364 -99.8288 -229.524 -0.428293 0.685587 0.588687 
-47.5263 148.184 -211.547 0.262545 -0.818597 0.510869 
97.3904 -139.047 -245.489 -0.493324 0.704332 0.510455 
-55.6492 189.801 -217.781 0.250926 -0.855827 0.452343 
113.226 -128.755 -246.647 -0.568287 0.646226 0.509371 
-86.8748 155.434 -228.154 0.421933 -0.75491 0.502097 
114.685 -165.307 -237.642 -0.508743 0.733304 0.451068 
-63.5167 222.717 -219.032 0.25027 -0.877557 0.408994 
125.319 -110.936 -239.65 -0.64462 0.570635 0.508781 
-118.874 86.9841 -242.795 0.652953 -0.477786 0.5877 
65.7453 -257.868 -214.466 -0.231754 0.908994 0.346464 
-130.517 139.648 -212.674 0.611764 -0.65456 0.4442 
21.428 -282.479 -197.115 -0.0716081 0.94399 0.322138 
-125.013 54.7187 -213.04 0.775727 -0.339539 0.531958 
77.0462 212.034 -233.944 -0.311381 -0.856932 0.410764 
121.554 13.9337 -251.717 -0.773956 -0.0887186 0.627007 
-52.6771 -126.187 -222.576 0.32404 0.776231 0.540816 
-65.1999 16.0249 -237.394 0.653916 -0.16072 0.739311 
50.2622 27.6697 -218.489 -0.564086 -0.310533 0.76511 
-24.3266 -6.57572 -190.054 0.503165 0.13601 0.853431 
16.8303 -14.903 -166.171 -0.396196 0.350826 0.848509 
-2.89519 74.7515 -155.022 0.0294442 -0.760226 0.649005 
5.87418 -47.179 -153.925 -0.0878586 0.705644 0.703111 
-25.7363 63.8223 -186.769 0.279145 -0.692237 0.66551 
45.7993 -120.682 -213.379 -0.295797 0.779431 0.552276 
-87.3362 155.333 -240.243 0.426006 -0.757678 0.49443 
68.5394 -220.169 -227.879 -0.271051 0.870698 0.410408 
-133.932 104.268 -227.172 0.684994 -0.533279 0.496402 
62.2984 -234.583 -211.924 -0.236153 0.889231 0.391813 
-86.1813 186.169 -238.495 0.377255 -0.814945 0.439956 
79.1239 -179.653 -227.838 -0.356582 0.80963 0.466226 
-127.881 125.906 -234.996 0.623217 -0.613593 0.484894 
83.4207 -201.347 -221.505 -0.344803 0.832228 0.434195 
-119.142 147.179 -237.289 0.556466 -0.687416 0.466714 
98.3861 -167.944 -230.078 -0.443773 0.757518 0.4788 
-124.041 147.444 -227.22 0.574635 -0.68305 0.450839 
80.7796 -216.969 -219.43 -0.317828 0.853663 0.412628 
-124.863 127.153 -233.468 0.614452 -0.625721 0.480562 
118.646 -119.218 -238.578 -0.593859 0.596725 0.539693 
-106.067 202.84 -211.982 0.428398 -0.819256 0.381198 
69.3645 -256.947 -210.672 -0.24379 0.903073 0.353614 
-118.963 40.9855 -183.825 0.809491 -0.278889 0.516684 
144.33 44.0364 -237.479 -0.780645 -0.238182 0.577823 
46.6397 216.774 -193.624 -0.191341 -0.889321 0.415347 
-74.8825 71.1276 -205.435 0.541429 -0.51428 0.665123 
-51.788 -109.51 -202.325 0.343678 0.726734 0.594777 
13.9544 22.5389 -159.681 -0.305425 -0.493319 0.814475 
-4.54369 6.80251 -128.836 -0.223233 0.33421 0.91569 
-7.90963 22.9237 -138.837 0.191704 -0.555598 0.80906 
5.94793 -48.6256 -148.338 -0.0852628 0.697043 0.711955 
-13.4288 53.9878 -166.328 0.175675 -0.706266 0.685816 
35.5396 -89.1054 -201.291 -0.293571 0.736047 0.609974 
-62.5434 143.072 -227.446 0.342913 -0.784432 0.516812 
91.9411 -180.583 -238.64 -0.403606 0.79273 0.456835 
-95.0313 216.909 -229.331 0.367449 -0.838703 0.401966 
122.001 -173.209 -214.482 -0.524278 0.744337 0.413656 
-55.2897 269.231 -199.758 0.189961 -0.925007 0.329082 
109.942 -25.7871 -166.596 -0.832887 0.195355 0.517835 
-141.96 -99.8916 -232.71 0.699407 0.492143 0.518307 
113.647 -58.0738 -238.14 -0.686794 0.350953 0.636524 
0.0221672 267.812 -218.626 -7.73812e-005 -0.934879 0.354992 
132.907 -26.2348 -230.69 -0.806072 0.159113 0.570042 
-118.791 -87.7038 -249.372 0.652086 0.481435 0.585681 
76.381 16.3675 -231.007 -0.651387 -0.139584 0.745808 
-11.004 113.557 -163.168 0.0792735 -0.818067 0.569649 
-18.2772 -44.5012 -157.341 0.248959 0.606164 0.755382 
-0.0785612 -5.15455 -113.952 -0.00663409 -0.435276 0.900283 
4.90225 -12.7849 -134.929 -0.192811 0.502845 0.842608 
-7.53643 44.0092 -147.234 0.115838 -0.676439 0.727344 
12.3987 -55.7318 -164.618 -0.158829 0.713933 0.681976 
-33.6914 85.9485 -199.317 0.287617 -0.733724 0.615583 
59.8886 -139.122 -225.411 -0.336979 0.782803 0.523147 
-92.2726 176.241 -239.348 0.411191 -0.785377 0.462733 
88.7416 -221.578 -229.135 -0.340751 0.850818 0.400019 
-127.697 150.39 -215.767 0.582464 -0.685973 0.436113 
28.2003 -278.782 -202.484 -0.0949097 0.938257 0.332693 
-127.097 69.8372 -222.841 0.74431 -0.408984 0.52797 
116.004 133.035 -246.334 -0.56258 -0.64518 0.516975 
12.1747 -119.279 -201.993 -0.0862999 0.845502 0.526969 
-69.7946 67.7825 -230.863 0.537663 -0.522163 0.662029 
25.1415 -191.766 -212.47 -0.116391 0.887773 0.445343 
-111.208 94.3514 -250.765 0.629294 -0.533908 0.564755 
93.0789 -105.359 -234.135 -0.537558 0.608477 0.583784 
-84.6094 219.902 -231.571 0.329237 -0.855695 0.399257 
99.0609 -214.28 -228.216 -0.383884 0.830385 0.40387 
-124.479 152.772 -205.968 0.572688 -0.702854 0.42195 
31.0845 -279.574 -198.02 -0.104484 0.939731 0.325586 
-124.695 54.6709 -210.438 0.777166 -0.340738 0.529083 
87.9198 203.209 -235.733 -0.360126 -0.83236 0.421311 
118.687 27.4698 -250.38 -0.763912 -0.176806 0.620642 
39.399 -134.414 -221.069 -0.243015 0.829073 0.503585 
-84.3667 -19.1203 -243.186 0.67907 0.1539 0.717772 
56.2285 -38.3894 -211.709 -0.549808 0.375376 0.746205 
4.41524 158.679 -197.786 -0.0242737 -0.872367 0.488266 
50.1607 -93.3348 -220.761 -0.379585 0.7063 0.597555 
-53.9035 115.614 -212.811 0.347474 -0.745271 0.569079 
84.9578 -162.917 -239.994 -0.405384 0.777372 0.481013 
-62.5438 210.284 -225.362 0.258112 -0.867819 0.424602 
132.639 -94.5137 -234.102 -0.697427 0.49696 0.516375 
-103.544 165.306 -228.583 0.465738 -0.743541 0.479846 
118.584 -165.139 -227.606 -0.525515 0.731827 0.433914 
-77.3236 221.445 -219.624 0.301028 -0.862105 0.407644 
127.591 -111.763 -231.577 -0.654005 0.572871 0.49408 
-125.544 87.6897 -242.135 0.66979 -0.467834 0.576654 
69.4775 -255.287 -207.481 -0.247089 0.907899 0.33865 
-126.927 150.03 -205.655 0.584276 -0.690624 0.426237 
38.7788 -275.071 -189.597 -0.132532 0.940092 0.314135 
-104.867 13.927 -162.448 0.844246 -0.112121 0.524114 
2.73801 266.159 -211.709 -0.00972063 -0.944935 0.327141 
130.025 -114.328 -243.89 -0.63855 0.561464 0.526335 
-45.6898 273.825 -207.682 0.1552 -0.930138 0.332828 
123.228 -40.257 -187.321 -0.812604 0.265467 0.518863 
-142.249 66.215 -231.137 0.749318 -0.348797 0.562922 
48.008 -253.407 -177.127 -0.177288 0.935802 0.304732 
-117.184 88.7915 -168.511 0.710489 -0.538344 0.453221 
-11.1244 -277.999 -178.848 0.0380076 0.949812 0.310532 
64.7003 217.2 -229.972 -0.259917 -0.872544 0.413677 
112.419 -7.74438 -251.717 -0.76431 0.0526522 0.64271 
-26.5338 -136.62 -212.379 0.164396 0.846458 0.506459 
-78.8334 28.0094 -242.651 0.661314 -0.234964 0.712372 
53.5328 -88.8077 -205.692 -0.401757 0.66649 0.628013 
-34.046 164.549 -216.521 0.178038 -0.860485 0.477373 
104.955 -128.656 -247.194 -0.53726 0.658582 0.526914 
-35.4291 227.674 -216.677 0.14067 -0.90397 0.403816 
121.946 -91.0987 -246.759 -0.670524 0.500909 0.547271 
-113.7 46.3958 -246.209 0.705873 -0.288034 0.647146 
-19.9137 -256.137 -215.924 0.0719744 0.925759 0.371223 
-109.986 89.2889 -249.421 0.640104 -0.519648 0.565907 
103.756 16.612 -248.183 -0.717111 -0.114814 0.68745 
-23.3153 143.43 -181.757 0.137429 -0.845428 0.516123 
-20.8417 -71.4578 -172.247 0.209502 0.7183 0.663455 
-3.99219 17.8342 -143.016 0.134877 -0.602534 0.786624 
21.5003 -47.1405 -175.703 -0.28949 0.63472 0.71648 
-31.2313 107.824 -199.309 0.228435 -0.788654 0.570841 
77.9197 -131.627 -237.536 -0.430959 0.728003 0.533201 
-54.4743 201.239 -223.347 0.235154 -0.868706 0.43597 
129.928 -99.0937 -241.195 -0.677149 0.516449 0.524183 
-93.6214 169.923 -226.716 0.423978 -0.769522 0.477595 
114.669 -167.598 -235.2 -0.506019 0.739587 0.443817 
-74.2593 213.207 -221.332 0.29849 -0.856997 0.420092 
126.992 -114.146 -235.565 -0.644986 0.579741 0.497906 
-119.382 107.78 -239.954 0.616774 -0.556831 0.556369 
95.8206 -222.715 -212.727 -0.367665 0.854561 0.366831 
-90.8626 237.483 -212.205 0.332738 -0.869662 0.364678 
117.117 -81.0775 -173.297 -0.727856 0.503878 0.465135 
-55.1084 261.889 -192.628 0.193555 -0.919822 0.341295 
31.2875 -244.446 -226.526 -0.117748 0.919952 0.373953 
-114.848 149.535 -243.309 0.530581 -0.690832 0.491175 
73.0154 -251.045 -218.288 -0.26044 0.895457 0.361033 
-130.124 96.0748 -201.259 0.707727 -0.522538 0.475493 
31.743 -269.386 -198.899 -0.10984 0.932154 0.345025 
-9.32392 219.443 -224.135 0.0388249 -0.913763 0.40441 
114.722 -106.847 -249.858 -0.60961 0.567763 0.553208 
-18.1519 236.578 -213.053 0.0703314 -0.916646 0.393487 
100.794 -121.732 -247.333 -0.541131 0.65354 0.529226 
-96.3854 90.3599 -238.233 0.579928 -0.543674 0.606728 
66.8885 -239.55 -227.147 -0.24866 0.890535 0.380964 
-128.18 153.568 -229.397 0.571498 -0.684691 0.452333 
35.6111 -275.796 -207.321 -0.120527 0.933446 0.337891 
-125.378 33.8855 -206.717 0.811496 -0.219321 0.541656 
80.7112 213.252 -233.718 -0.323041 -0.853524 0.408851 
122.445 20.0147 -250.348 -0.774715 -0.126634 0.619515 
-15.8347 -151.068 -213.138 0.0913633 0.871638 0.481578 
-83.5856 46.0101 -243.293 0.639167 -0.351833 0.683883 
23.6942 -153.187 -193.532 -0.132401 0.855994 0.499762 
-17.618 111.878 -195.719 0.129718 -0.823738 0.551948 
72.4949 -107.978 -233.887 -0.45513 0.677897 0.577347 
-48.3336 196.392 -221.447 0.214423 -0.871256 0.441536 
127.38 -99.897 -244.703 -0.666691 0.522847 0.531199 
-88.3497 169.483 -225.608 0.405531 -0.777941 0.479969 
111.051 -169.41 -238.104 -0.490128 0.747697 0.448042 
-71.0661 210.785 -221.571 0.289349 -0.858221 0.423971 
126.759 -112.92 -237.456 -0.64558 0.575097 0.502502 
-117.031 111.235 -239.443 0.603483 -0.573594 0.553909 
98.7882 -217.949 -215.201 -0.382965 0.844906 0.373484 
-84.499 243.855 -213.519 0.305075 -0.880416 0.363063 
118.464 -66.3081 -176.813 -0.763052 0.427105 0.48513 
-109.8 200.491 -208.116 0.438576 -0.800826 0.407856 
118.234 -147.26 -207.979 -0.566706 0.705829 0.425049 
-121.531 160.278 -228.49 0.533181 -0.70317 0.470412 
118.626 -127.689 -192.031 -0.614884 0.661863 0.428804 
-90.3716 229.093 -209.6 0.338823 -0.858921 0.38402 
124.538 -121.408 -217.149 -0.634378 0.618435 0.46381 
-134.13 80.5598 -240.236 0.704595 -0.423188 0.569627 
59.4875 -260.177 -196.099 -0.210996 0.922823 0.32233 
-125.96 112.975 -189.631 0.666099 -0.597432 0.446547 
0.943902 -282.53 -187.144 -0.00317176 0.949376 0.314154 
-78.9589 214.887 -231.417 0.316601 -0.861629 0.396706 
96.9403 -169.188 -233.834 -0.436905 0.762521 0.477172 
-127.403 139.454 -221.843 0.601541 -0.658441 0.452352 
58.9766 -245.534 -211.725 -0.216233 0.900232 0.377946 
-113.225 149.75 -240.284 0.532266 -0.703968 0.470255 
107.761 -126.898 -237.747 -0.5457 0.642609 0.53785 
-110.24 195.372 -222.381 0.450178 -0.797825 0.401039 
62.6715 -255.713 -214.603 -0.221857 0.905226 0.362441 
-126.381 47.938 -203.57 0.794776 -0.301468 0.526751 
138.031 66.3827 -244.792 -0.735971 -0.353946 0.577137 
-66.5246 161.025 -206.599 0.331979 -0.803566 0.494053 
-24.0069 -140.643 -201.877 0.144171 0.844614 0.515616 
-55.8273 62.4693 -226.661 0.496893 -0.55601 0.666309 
58.5902 -70.4852 -215.692 -0.476442 0.57317 0.666706 
-41.6107 187.588 -221.861 0.193435 -0.872036 0.449616 
120.32 -120.781 -247.565 -0.602557 0.604865 0.520655 
-33.8236 227.94 -212.158 0.134306 -0.905101 0.40345 
87.6758 -148.535 -242.547 -0.441531 0.748017 0.495519 
-78.7528 144.874 -227.375 0.407974 -0.750509 0.519914 
112.844 -164.746 -240.043 -0.502497 0.733619 0.457513 
-54.8789 229.244 -218.079 0.213229 -0.890712 0.401475 
125.692 -101.332 -240.985 -0.664107 0.5354 0.521849 
-120.237 61.125 -245.484 0.699739 -0.355727 0.619549 
10.3715 -276.787 -214.308 -0.0351861 0.939024 0.342073 
-130.811 22.3389 -217.132 0.819306 -0.139915 0.556038 
114.327 141.568 -245.061 -0.541894 -0.67101 0.506077 
19.4141 -119.571 -205.298 -0.13611 0.8383 0.527962 
-70.4582 68.0011 -230.466 0.539151 -0.520349 0.662247 
27.1393 -198.11 -215.12 -0.122052 0.890949 0.437414 
-118.426 86.9103 -250.38 0.665232 -0.488199 0.564929 
99.4852 -100.773 -236.729 -0.568608 0.57597 0.587334 
-81.019 230.315 -228.314 0.306193 -0.870424 0.385519 
108.973 -203.261 -227.181 -0.431232 0.804354 0.408744 
-112.903 191.086 -203.226 0.469586 -0.794768 0.384513 
81.9073 -239 -189.781 -0.305505 0.891443 0.334683 
-102.539 68.8716 -146.37 0.738598 -0.496089 0.456493 
27.2493 -271.759 -176.998 -0.0946613 0.944063 0.315915 
73.7745 214.468 -230.818 -0.295581 -0.859278 0.417481 
105.374 -25.7546 -251.267 -0.740329 0.180945 0.647449 
-31.574 -129.2 -212.893 0.202694 0.829418 0.520575 
-75.6353 19.0149 -241.71 0.667566 -0.167827 0.725402 
59.973 -47.7672 -216.744 -0.543071 0.432544 0.719721 
-8.72853 178.096 -207.069 0.0434482 -0.886513 0.460678 
95.8557 -89.344 -248.784 -0.590732 0.550602 0.589822 
-80.6506 101.165 -228.475 0.499969 -0.627144 0.597276 
76.3813 -210.365 -233.798 -0.310222 0.854394 0.416881 
-102.058 200.047 -233.453 0.411615 -0.806815 0.423839 
115.97 -190.574 -215.52 -0.476521 0.783068 0.399688 
-76.8335 251.445 -200.542 0.274902 -0.899645 0.339242 
110.559 -59.9684 -160.743 -0.771348 0.418386 0.479575 
-85.8584 235.297 -193.923 0.319491 -0.875574 0.362373 
85.0492 -224.103 -223.759 -0.328704 0.866129 0.376552 
-92.2068 205.849 -227.811 0.370076 -0.826184 0.42483 
129.462 -94.8392 -209.649 -0.705595 0.516892 0.484742 
-116.251 170.936 -224.731 0.499663 -0.734704 0.458873 
121.278 -139.746 -206.83 -0.591043 0.681044 0.432279 
-103.544 202.058 -219.899 0.413675 -0.807255 0.420987 
125.309 -112.153 -209.599 -0.659626 0.590371 0.465159 
-132.45 113.7 -234.315 0.645059 -0.553742 0.52658 
101.787 -188.764 -187.962 -0.441992 0.819672 0.364415 
-65.6011 261.77 -198.883 0.22895 -0.913586 0.336096 
108.674 -28.9441 -167.441 -0.827211 0.220317 0.516914 
-118.207 -184.226 -228.574 0.488994 0.762097 0.424394 
-113.581 35.6849 -245.064 0.755998 -0.237519 0.609975 
-53.3862 148.368 -229.169 0.2968 -0.824847 0.481201 
81.283 84.4951 -240.652 -0.544742 -0.566269 0.618558 
8.62109 -52.3478 -172.967 -0.122639 0.744671 0.656081 
-49.6827 21.2124 -219.462 0.581061 -0.248088 0.775138 
24.6622 -96.7016 -177.292 -0.197397 0.774 0.601644 
-9.47346 91.5747 -179.743 0.0828717 -0.801075 0.592814 
56.4075 -90.5377 -223.46 -0.418949 0.67244 0.610183 
-43.1227 158.73 -212.746 0.228129 -0.839721 0.492792 
107.531 -123.777 -248.32 -0.557475 0.641703 0.526742 
-60.8045 183.347 -217.526 0.27922 -0.841944 0.46172 
103.241 -148.569 -244.915 -0.497742 0.716278 0.489098 
-72.7968 177.572 -223.215 0.334802 -0.816679 0.470065 
118.388 -140.342 -242.31 -0.56409 0.668695 0.484425 
-80.6244 187.318 -223.837 0.352014 -0.817849 0.455222 
120.115 -142.906 -239.042 -0.566376 0.673846 0.474518 
-90.5155 179.79 -226.869 0.39837 -0.791277 0.463896 
123.471 -143.014 -233.041 -0.578949 0.670588 0.463839 
-90.4319 193.727 -224.509 0.379182 -0.8123 0.443178 
125.119 -134.321 -230.971 -0.601878 0.646145 0.469316 
-106.686 165.06 -230.5 0.47669 -0.73751 0.478397 
123.586 -147.875 -219.702 -0.575812 0.688978 0.440191 
-82.9262 222.424 -217.758 0.319647 -0.857354 0.403469 
126.028 -122.138 -229.416 -0.630118 0.610665 0.479643 
-125.108 100.826 -240.56 0.64576 -0.520424 0.558722 
88.8154 -231.682 -206.015 -0.335014 0.873913 0.35222 
-104.072 217.36 -207.254 0.400924 -0.83735 0.371648 
112.224 -127.554 -170.077 -0.60295 0.685315 0.408426 
-20.015 276.663 -179.252 0.0686882 -0.949464 0.306296 
122.205 -100.475 -211.281 -0.677606 0.557116 0.480093 
-135.161 -77.9188 -246.477 0.712445 0.410717 0.568991 
97.3731 -58.0312 -233.827 -0.644437 0.384063 0.661222 
2.85112 241.562 -219.801 -0.0108848 -0.922215 0.386546 
126.504 -41.5082 -246.551 -0.765028 0.251019 0.593075 
-108.961 -45.9459 -249.048 0.696287 0.293605 0.65498 
63.2718 -82.6244 -208.405 -0.465262 0.607569 0.643746 
-0.710067 159.046 -203.567 0.00390779 -0.875297 0.483589 
90.0218 -79.4528 -247.097 -0.592131 0.522612 0.613413 
-69.4901 112.46 -220.374 0.428807 -0.693964 0.578408 
76.6458 -188.731 -236.185 -0.336882 0.829529 0.445432 
-83.0065 205.208 -231.884 0.338987 -0.838041 0.427543 
130.587 -134.693 -224.372 -0.617444 0.63686 0.461724 
-30.135 265.056 -207.336 0.10555 -0.928378 0.356357 
95.1466 -168.921 -241.042 -0.436127 0.774288 0.458572 
-93.769 142.111 -233.719 0.470117 -0.712482 0.52094 
117.112 -172.872 -231.614 -0.505254 0.74582 0.434153 
-53.4838 247.144 -215.724 0.195795 -0.904753 0.378292 
128.731 -85.664 -233.712 -0.708155 0.47124 0.525801 
-127.612 -0.166471 -249.01 0.766244 0.000999571 0.642563 
-56.9974 -203.197 -205.039 0.242771 0.865484 0.438197 
70.343 2.16288 -218.309 -0.636218 -0.0195622 0.771272 
34.7994 123.857 -178.092 -0.222933 -0.793456 0.566345 
-26.6824 -12.4758 -175.137 0.461776 0.215911 0.860328 
13.6685 -24.5396 -138.572 -0.271507 0.487449 0.829877 
6.71012 46.0994 -133.649 -0.0937813 -0.644289 0.759022 
-0.172299 -10.6601 -118.96 0.00819602 0.507083 0.861869 
-3.42887 13.5246 -129.017 0.13368 -0.52728 0.839121 
7.11705 -35.8913 -143.94 -0.128085 0.645934 0.752583 
-12.0365 53.4394 -162.454 0.159087 -0.706311 0.689807 
30.3153 -83.1285 -195.132 -0.268726 0.736883 0.620328 
-58.9955 132.612 -224.734 0.343771 -0.772738 0.533588 
85.6481 -178.408 -237.399 -0.383797 0.799464 0.462141 
-100.359 205.369 -232.404 0.399408 -0.817323 0.4153 
110.452 -204.487 -217.865 -0.437182 0.809386 0.392153 
-99.9475 217.846 -199.215 0.389112 -0.84811 0.359609 
110.156 -151.473 -173.163 -0.542224 0.7456 0.387416 
-50.825 252.68 -170 0.187786 -0.93359 0.305229 
76.5064 -11.6684 -115.662 -0.852377 0.130001 0.506528 
-114.848 -187.821 -204.408 0.480584 0.785943 0.389038 
-119.729 5.60246 -222.558 0.814612 -0.0381181 0.578768 
-107.234 -34.044 -231.152 0.767251 0.243583 0.593305 
-71.6399 -172.422 -229.583 0.346766 0.834588 0.428058 
-86.2855 -156.687 -241.403 0.423369 0.768802 0.479291 
-102.14 -44.4555 -252.216 0.700431 0.304855 0.645351 
-14.6179 94.9768 -196.444 0.125789 -0.817283 0.562355 
67.8901 -5.15365 -234.367 -0.652979 0.0495687 0.755764 
-42.3917 71.7785 -192.487 0.378218 -0.640406 0.668468 
11.5195 -129.891 -195.153 -0.075124 0.847079 0.526148 
-80.1519 96.06 -240.971 0.516026 -0.618444 0.592674 
45.9554 -157.453 -209.517 -0.243127 0.833005 0.497001 
-84.0928 144.639 -241.343 0.433449 -0.74553 0.506286 
58.8928 -178.562 -219.852 -0.276838 0.839366 0.467807 
-118.146 125.803 -245.876 0.589439 -0.627638 0.508576 
81.7442 -173.435 -224.703 -0.375082 0.795803 0.475424 
-114.891 156.148 -240.051 0.524922 -0.71342 0.464226 
74.8434 -201.13 -222.196 -0.313756 0.843173 0.436617 
-123.5 127.708 -239.1 0.60601 -0.626657 0.48997 
105.85 -145.504 -233.794 -0.506125 0.695731 0.50972 
-118.086 172.021 -223.996 0.512817 -0.747042 0.423043 
61.045 -245.532 -214.794 -0.223343 0.898321 0.378357 
-128.106 95.6949 -231.946 0.68808 -0.513993 0.512225 
129.17 -19.1323 -247.772 -0.764047 0.113168 0.635172 
61.0588 232.662 -212.719 -0.232782 -0.887006 0.398812 
-64.6946 -79.9971 -220.046 0.477282 0.590175 0.651087 
18.7505 20.1948 -174.164 -0.388299 -0.41821 0.821183 
4.42756 1.50687 -150.763 0.360995 0.122861 0.924449 
-0.0829631 0.0749997 -143.327 -0.310655 0.280836 0.908098 
-8.06278 35.5396 -137.848 0.141284 -0.622761 0.769562 
3.31848 -43.5701 -143.364 -0.0520055 0.682807 0.728758 
-11.0746 44.1119 -159.237 0.170323 -0.678421 0.71467 
28.3009 -78.8198 -191.221 -0.262297 0.730513 0.630531 
-56.8061 128.819 -223.431 0.3398 -0.770565 0.539243 
81.0279 -176.646 -235.923 -0.368906 0.804239 0.465968 
-105.721 194.341 -234.658 0.432121 -0.794342 0.426979 
93.6142 -231.209 -218.824 -0.347932 0.859325 0.374862 
-124.069 138.932 -196.443 0.602832 -0.675047 0.42535 
21.4013 -281.683 -192.457 -0.07181 0.945161 0.318641 
-125.185 92.082 -221.151 0.696812 -0.512554 0.501756 
128.761 87.5049 -248.704 -0.680013 -0.462132 0.56924 
-89.6147 -7.20048 -237.494 0.687165 0.0552133 0.724413 
-24.3245 -147.704 -179.702 0.139169 0.845071 0.51624 
31.7534 24.3832 -180.965 -0.452479 -0.347455 0.821313 
-13.6205 10.0125 -154.148 0.379839 -0.27922 0.881916 
-2.36329 -58.9942 -137.915 0.0281835 0.703536 0.710113 
1.23462 23.4324 -127.598 -0.0307999 -0.584567 0.810771 
4.15244 -16.797 -134.451 -0.138404 0.559857 0.816959 
-10.6417 42.8558 -154.391 0.165813 -0.667758 0.725688 
19.7789 -71.3975 -179.313 -0.204274 0.737382 0.643862 
-48.9934 109.194 -216.551 0.335582 -0.747927 0.57272 
67.8257 -165.687 -230.282 -0.331674 0.810227 0.483261 
-110.843 170.393 -240.463 0.484737 -0.74516 0.458022 
58.7737 -251.466 -219.847 -0.211365 0.904332 0.370846 
-130.903 56.3189 -210.806 0.781656 -0.336294 0.525297 
137.66 -49.7789 -240.251 -0.755963 0.273363 0.594819 
3.04194 285.439 -198.852 -0.0101132 -0.948964 0.315249 
119.201 -2.21466 -190.003 -0.840728 0.01562 0.541249 
54.6907 -233.666 -222.282 -0.212301 0.907054 0.363592 
-125.518 63.5519 -248.5 0.710465 -0.35972 0.604863 
-6.36785 -273.931 -212.826 0.0217878 0.937264 0.347965 
-126.774 47.2747 -237.254 0.769253 -0.286858 0.570947 
77.8398 167.768 -237.268 -0.370159 -0.797802 0.475933 
94.9578 7.41434 -250.879 -0.72891 -0.0569135 0.682253 
-14.0625 -98.5188 -195.099 0.116825 0.818448 0.562594 
-63.6307 20.1646 -233.122 0.632257 -0.200362 0.748414 
46.3169 -70.0902 -199.419 -0.408438 0.618079 0.671696 
-23.7048 150.772 -207.378 0.134864 -0.857785 0.496018 
100.301 -108.765 -248.326 -0.56182 0.609233 0.559653 
-40.9219 191.298 -211.323 0.186912 -0.87376 0.449026 
87.3478 -140.974 -242.877 -0.453283 0.731569 0.509273 
-68.6709 158.674 -222.339 0.344391 -0.795764 0.498169 
112.679 -149.025 -243.816 -0.528642 0.699161 0.481383 
-62.4035 206.456 -219.089 0.261162 -0.864031 0.430422 
117.829 -128.937 -244.18 -0.584066 0.639125 0.500404 
-100.464 137.652 -234.07 0.50159 -0.687256 0.525457 
113.565 -182.721 -229.077 -0.478797 0.770361 0.421088 
-58.6707 246.455 -216.617 0.214392 -0.900586 0.378151 
130.057 -74.0699 -226.662 -0.73825 0.420447 0.527475 
-131.345 -19.5068 -248.671 0.768248 0.114097 0.629917 
-41.6607 -197.547 -194.997 0.184945 0.876973 0.443543 
66.6943 -10.1802 -211.793 -0.621662 0.0948907 0.777528 
41.9491 123.134 -187.658 -0.265241 -0.778565 0.568773 
-23.7796 -17.0562 -173.529 0.430979 0.309124 0.847772 
9.19516 -6.15733 -150.234 -0.364506 0.244083 0.898653 
-1.12233 51.7885 -133.401 0.0147617 -0.681161 0.731997 
-1.12602 -26.0192 -127.917 0.0256797 0.593391 0.804516 
-3.82965 17.574 -133.194 0.123331 -0.565957 0.815169 
10.0656 -40.6007 -152.84 -0.163805 0.660727 0.732547 
-18.9416 69.0851 -177.433 0.201053 -0.733295 0.649519 
46.6675 -106.737 -214.38 -0.327249 0.74848 0.576805 
-67.6038 161.907 -230.199 0.336159 -0.805081 0.488733 
107.803 -173.908 -240.321 -0.468937 0.756492 0.45589 
-65.9929 247.53 -221.361 0.23894 -0.896232 0.373757 
131.178 -68.2926 -207.882 -0.762565 0.396999 0.510787 
-124.529 146.245 -227.892 0.565818 -0.664486 0.488187 
115.537 -158.041 -199.999 -0.539369 0.737798 0.405898 
-76.8113 243.351 -210.094 0.279382 -0.885127 0.372173 
126.919 -101.598 -219.927 -0.6809 0.545056 0.489191 
-135.812 23.5855 -244.977 0.775401 -0.134659 0.616959 
-62.1235 -251.333 -211.157 0.222759 0.901216 0.371761 
55.0474 133.027 -219.469 -0.322301 -0.778867 0.538057 
31.4034 -51.8942 -202.322 -0.376604 0.622339 0.686207 
-53.1665 35.7149 -217.377 0.551731 -0.370627 0.747159 
7.7611 -146.201 -191.182 -0.0456904 0.860699 0.507078 
-33.8556 99.2341 -205.773 0.262873 -0.770508 0.580718 
56.5792 -125.997 -219.557 -0.342752 0.763282 0.547667 
-96.8732 164.667 -242.182 0.446031 -0.758174 0.475654 
60.4585 -230.27 -224.092 -0.232848 0.886857 0.399105 
-133.712 76.6889 -226.066 0.739309 -0.424021 0.523112 
123.538 -117.453 -236.339 -0.611759 0.581628 0.53617 
-104.57 202.082 -207.3 0.42593 -0.823117 0.375604 
69.5174 -257.013 -209.583 -0.244301 0.903207 0.352918 
-118.446 40.0313 -183.967 0.810447 -0.273908 0.517849 
142.23 76.1735 -238.683 -0.73465 -0.393454 0.552721 
-79.1577 161.262 -212.411 0.383424 -0.78112 0.492804 
-17.3482 -170.665 -210.422 0.0893155 0.878651 0.469055 
-91.5431 58.0791 -248.843 0.645074 -0.409264 0.645291 
79.6509 -58.6293 -231.434 -0.591767 0.435587 0.678302 
-16.1798 219.833 -218.062 0.0669181 -0.909208 0.410951 
124.512 -65.0776 -248.877 -0.722396 0.37757 0.579312 
-110.367 48.1142 -244.816 0.695491 -0.303196 0.651446 
-14.5808 -255.808 -216.712 0.0528345 0.926939 0.371499 
-118.107 65.528 -248.552 0.710237 -0.394052 0.583355 
100.479 69.9661 -247.188 -0.635134 -0.442258 0.633269 
-54.9157 -28.2 -217.074 0.571244 0.293342 0.766582 
31.4781 -19.6396 -186.075 -0.482815 0.301234 0.822293 
4.04752 99.2379 -166.453 -0.0327562 -0.803123 0.594928 
3.7653 -46.3944 -153.084 -0.0575794 0.709468 0.702394 
-26.1507 58.15 -187.061 0.300271 -0.667698 0.6812 
41.5031 -119.501 -209.103 -0.27319 0.786602 0.553753 
-88.5869 145.814 -241.638 0.447293 -0.736243 0.507831 
55.32 -216.507 -223.632 -0.225027 0.880692 0.416849 
-132.443 86.0134 -236.1 0.712014 -0.462407 0.528425 
113.858 -129.37 -235.421 -0.560705 0.637097 0.5289 
-109.901 194.105 -219.079 0.452228 -0.798718 0.396933 
63.7745 -253.167 -214.413 -0.227328 0.902425 0.366017 
-127.591 55.4421 -209.633 0.780029 -0.338946 0.526012 
135.697 69.3621 -246.391 -0.725788 -0.37099 0.579323 
-81.4487 125.504 -216.918 0.453303 -0.698491 0.553755 
3.11538 -186.674 -214.158 -0.014932 0.894728 0.446382 
-110.446 74.3344 -252.46 0.664155 -0.447002 0.599253 
73.3852 -138.914 -220.717 -0.395792 0.749213 0.53108 
-83.2553 183.52 -238.433 0.369032 -0.813462 0.449569 
69.8893 -207.092 -226.91 -0.288932 0.856144 0.428432 
-132.769 99.441 -230.477 0.690484 -0.517158 0.505764 
98.1618 -183.599 -224.731 -0.419993 0.785544 0.454472 
-119.41 157.843 -230.544 0.540294 -0.714194 0.445002 
90.1834 -198.098 -224.451 -0.372695 0.818667 0.436921 
-127.308 123.397 -227.948 0.631358 -0.611962 0.476348 
115.652 -146.624 -233.408 -0.536383 0.680028 0.499874 
-119.162 162.6 -211.761 0.53754 -0.733487 0.41601 
65.1822 -249.316 -211.344 -0.234975 0.898758 0.370187 
-126.849 106.463 -229.382 0.664838 -0.557992 0.496642 
130.752 -30.71 -246.743 -0.759471 0.178379 0.625622 
51.0623 255.354 -212.558 -0.182216 -0.91123 0.369425 
-4.29909 -162.871 -211.543 0.0232721 0.881663 0.471324 
-92.4128 77.9975 -246.789 0.599713 -0.506164 0.619807 
27.8592 -179.801 -204.078 -0.135755 0.876149 0.462548 
-53.2989 136.288 -225.772 0.311266 -0.795925 0.519264 
63.0871 -151.126 -223.431 -0.33186 0.794976 0.507838 
-115.178 147.493 -244.037 0.538526 -0.689617 0.484186 
45.5251 -228.943 -215.958 -0.178555 0.897942 0.402288 
-117.213 116.139 -246.014 0.607161 -0.601596 0.519092 
109.428 -87.6923 -241.936 -0.625174 0.500996 0.59848 
-64.2678 253.559 -221.105 0.22925 -0.904471 0.359714 
131.802 -138.598 -220.968 -0.613607 0.645249 0.455147 
-19.2556 280.627 -202.528 0.0645753 -0.941107 0.331912 
126.485 -84.1517 -229.925 -0.709877 0.47229 0.522528 
-122.313 -88.412 -249.825 0.66119 0.477931 0.578297 
78.035 30.4707 -232.752 -0.638606 -0.249359 0.728025 
-36.6218 76.1575 -178.941 0.325744 -0.677408 0.659565 
-10.7582 -86.5162 -169.459 0.0969445 0.779617 0.618722 
-12.7881 42.0592 -166.823 0.204359 -0.672122 0.711693 
34.6068 -80.3811 -196.658 -0.306192 0.71119 0.63283 
-58.4345 142.088 -225.69 0.325586 -0.791689 0.516952 
87.4461 -176.944 -237.807 -0.392462 0.794132 0.464053 
-100.557 206.763 -231.736 0.398391 -0.819164 0.41264 
110.304 -204.894 -217.175 -0.43629 0.810428 0.390992 
-100.751 215.507 -198.205 0.395092 -0.845108 0.360157 
108.845 -156.25 -172.866 -0.528159 0.758184 0.382391 
-58.0586 243.792 -167.623 0.220436 -0.925625 0.307644 
72.9943 -18.0537 -107.769 -0.842276 0.208321 0.497183 
-142.73 -3.87428 -198.327 0.836393 0.0227031 0.547675 
-88.0235 -223.718 -171.693 0.344206 0.874824 0.340916 
133.713 -62.2988 -229.788 -0.731234 0.340691 0.590969 
-6.13639 283.429 -206.699 0.0204958 -0.946667 0.321589 
131.118 -32.7715 -203.906 -0.818817 0.204654 0.536352 
-137.45 74.2033 -235.897 0.723349 -0.390505 0.569465 
58.0765 -256.02 -189.596 -0.209837 0.925029 0.316715 
-124.391 123.444 -187.889 0.639508 -0.634642 0.433908 
12.5521 -279.392 -181.625 -0.04273 0.95111 0.305912 
-121.907 71.7519 -206.248 0.742596 -0.437077 0.507476 
98.5929 194.928 -236.676 -0.407724 -0.806109 0.428913 
116.116 30.2796 -248.821 -0.760585 -0.198338 0.618215 
81.8764 -62.0138 -242.64 -0.62063 0.470069 0.627591 
24.2812 -116.226 -209.965 -0.174506 0.835304 0.521375 
-58.0337 -82.1744 -226.647 0.450468 0.637852 0.624692 
-36.9645 17.6047 -216 0.565526 -0.269337 0.779523 
30.043 30.8163 -199.501 -0.450995 -0.462605 0.763294 
0.167345 0.97859 -132.085 0.0940638 0.55006 0.829821 
-13.1996 8.04301 -179.468 0.442946 -0.269903 0.854967 
20.3773 -40.6656 -166.291 -0.297351 0.593404 0.747978 
-11.4835 88.2268 -175.515 0.102745 -0.78938 0.605261 
44.3188 -92.2022 -212.86 -0.345503 0.718796 0.603305 
-50.8633 147.372 -217.476 0.280489 -0.812691 0.510762 
109.288 -139.715 -246.481 -0.532445 0.680684 0.503179 
-43.5205 219.641 -215.874 0.176956 -0.893071 0.413676 
114.516 -116.567 -247.32 -0.597043 0.607738 0.523652 
-103.888 100.565 -239.166 0.58341 -0.564751 0.5837 
83.0978 -233.635 -225.527 -0.310225 0.872218 0.378173 
-111.327 202.394 -223.666 0.440936 -0.801626 0.403718 
109.431 -195.716 -198.603 -0.452333 0.808991 0.375428 
-90.09 221.077 -183.892 0.354855 -0.870798 0.340305 
101.609 -99.6672 -146.532 -0.649082 0.636681 0.416352 
-5.17824 270.772 -167.52 0.0182466 -0.954121 0.298894 
65.1122 -242.275 -221.447 -0.242228 0.901303 0.35916 
-103.478 185.959 -233.169 0.434719 -0.781226 0.448021 
126.967 -126.761 -206.825 -0.632817 0.631794 0.447656 
-50.5758 260.172 -205.008 0.178261 -0.91701 0.356837 
96.6823 -183.56 -237.719 -0.4196 0.79665 0.435089 
-93.02 164.253 -231.726 0.430558 -0.760269 0.486444 
125.479 -144.778 -228.928 -0.582768 0.672401 0.456372 
-67.8488 230.208 -216.069 0.259401 -0.880138 0.397601 
119.558 -135.626 -239.466 -0.579228 0.657072 0.482461 
-112.499 118.211 -239 0.57682 -0.606106 0.54766 
104.302 -208.207 -218.866 -0.413206 0.824836 0.385906 
-73.9892 251.605 -214.34 0.263096 -0.894675 0.361048 
121.249 -50.6142 -185.723 -0.794433 0.331629 0.508839 
-143.675 51.0598 -231.739 0.772329 -0.274474 0.572878 
12.3926 -274.48 -181.021 -0.0430413 0.953308 0.298946 
-102.933 9.73235 -152.826 0.850926 -0.0804554 0.519104 
139.739 119.848 -227.587 -0.661762 -0.567565 0.489856 
-116.011 -29.6518 -246.202 0.726837 0.185776 0.661221 
-35.7047 -170.083 -186.025 0.179903 0.856983 0.482942 
53.2262 -5.25312 -199.885 -0.582051 0.0574451 0.811132 
29.7065 102.367 -168.434 -0.220228 -0.758895 0.612859 
-16.2764 -11.2126 -159.181 0.390252 0.268839 0.880594 
5.79974 -4.86962 -137.897 -0.313716 0.263404 0.91226 
-0.361782 42.299 -125.769 0.00543169 -0.635065 0.772451 
-1.08856 -20.2376 -121.766 0.0293854 0.546312 0.837077 
-2.24179 12.1629 -124.572 0.096315 -0.522557 0.847157 
6.07983 -28.9844 -139.226 -0.129033 0.615137 0.777801 
-10.0725 47.6974 -156.366 0.145873 -0.690766 0.708224 
23.4198 -73.179 -184.87 -0.23407 0.731388 0.640547 
-52.3079 117.731 -219.347 0.336907 -0.75829 0.558128 
75.5501 -170.898 -234.113 -0.355816 0.804872 0.474967 
-105.967 187.289 -237.05 0.442757 -0.782544 0.437731 
85.2551 -238.409 -220.815 -0.312291 0.873297 0.373957 
-128.17 112.619 -199.401 0.66866 -0.587532 0.455762 
18.8796 -277.05 -197.076 -0.0640703 0.9402 0.334568 
-30.6623 223.71 -227.348 0.124571 -0.908863 0.398079 
104.744 -145.112 -243.419 -0.504679 0.699179 0.506424 
-81.2897 237.55 -224.253 0.299693 -0.875782 0.378426 
129.96 -136.155 -212.591 -0.617807 0.647258 0.44653 
-18.1205 280.068 -200.622 0.0609021 -0.941295 0.332074 
116.579 -138.656 -237.863 -0.565901 0.673073 0.476179 
-122.374 54.1009 -246.998 0.715415 -0.31628 0.62303 
-9.47774 -273.38 -213.847 0.0324748 0.936718 0.348601 
-127.515 36.49 -235.588 0.786005 -0.224926 0.575867 
57.9993 189.325 -231.774 -0.262717 -0.85758 0.442214 
106.359 -9.23758 -253.638 -0.742008 0.0644453 0.6673 
-82.2819 -7.52906 -237.653 0.675392 0.0618005 0.734877 
12.8249 -125.11 -171.045 -0.0853852 0.83295 0.546738 
16.4149 55.1863 -160.502 -0.200557 -0.674266 0.710746 
1.65738 -9.11443 -131.471 -0.100475 0.552541 0.827418 
-13.9392 35.0667 -160.389 0.243389 -0.612292 0.752249 
21.0775 -82.5241 -182.536 -0.194168 0.76022 0.619985 
-54.1152 112.866 -221.72 0.35647 -0.743475 0.565855 
61.454 -170.851 -226.312 -0.297592 0.827346 0.476398 
-120.322 143.051 -243.121 0.562634 -0.668917 0.485809 
36.7392 -242.287 -214.339 -0.138283 0.911948 0.386323 
-115.885 115.939 -246.162 0.60377 -0.604055 0.52019 
111.074 -70.0491 -244.201 -0.662257 0.417654 0.622092 
-28.413 267.505 -218.611 0.0988129 -0.930313 0.35323 
134.553 -48.4021 -220.598 -0.790881 0.284501 0.541834 
-131.692 73.8444 -240.304 0.708306 -0.397172 0.583588 
50.7344 -268.499 -201.27 -0.175709 0.929896 0.323168 
-129.468 97.5834 -195.539 0.705326 -0.531624 0.468944 
-1.41517 -280.32 -192.706 0.00477039 0.944929 0.327266 
33.0823 211.404 -224.473 -0.140451 -0.897517 0.418037 
115.074 -33.2038 -253.608 -0.74254 0.214254 0.634624 
-95.6363 24.1563 -241.837 0.691956 -0.174778 0.700477 
-32.4393 -193.368 -204.743 0.147846 0.881299 0.448856 
14.1025 79.1566 -176.765 -0.136952 -0.7687 0.624789 
29.7575 -42.2333 -197.309 -0.39718 0.563697 0.724232 
-35.7619 85.9836 -193.156 0.299602 -0.720344 0.625588 
48.3128 -139.011 -220.259 -0.280741 0.807782 0.518354 
-82.9181 162.537 -237.038 0.397011 -0.778228 0.486581 
96.8611 -204.224 -233.894 -0.388946 0.820061 0.419808 
-110.029 204.454 -221.871 0.434808 -0.807947 0.397721 
101.167 -218.183 -203.109 -0.391835 0.845055 0.363819 
-111.334 159.626 -178.568 0.527863 -0.756831 0.385467 
58.2837 -248.435 -172.093 -0.217178 0.925722 0.309663 
-77.8904 18.9655 -114.828 0.841915 -0.204997 0.499172 
144.103 14.3766 -203.203 -0.831489 -0.0829546 0.549328 
102.886 212.877 -185.237 -0.403829 -0.835549 0.372555 
-38.1637 226.418 -183.425 0.15297 -0.907543 0.391131 
-96.0942 43.0576 -220.717 0.6632 -0.297164 0.686933 
-69.7573 -157.577 -218.491 0.348803 0.787924 0.507474 
31.4417 47.415 -186.918 -0.374434 -0.564658 0.735512 
1.26397 4.48864 -124.477 0.12865 0.456867 0.880193 
-5.51541 8.80828 -146.898 0.276003 -0.440786 0.854135 
10.9212 -53.8748 -154.866 -0.142123 0.701098 0.69877 
-14.3198 66.8816 -171.826 0.158769 -0.741542 0.651863 
42.9956 -95.015 -210.206 -0.330052 0.729375 0.599245 
-60.0358 154.833 -225.561 0.313262 -0.807909 0.499166 
108.663 -160.849 -243.041 -0.492869 0.729567 0.474162 
-50.9092 245.054 -220.204 0.188013 -0.905011 0.381608 
132.289 -59.5764 -225.165 -0.768108 0.345918 0.538858 
-132.328 5.64815 -246.968 0.774603 -0.0330624 0.631597 
-70.2443 -218.269 -211.347 0.278472 0.865289 0.416828 
81.9123 8.78564 -227.619 -0.664053 -0.0712242 0.744297 
38.3178 134.921 -181.995 -0.228944 -0.806136 0.545663 
-34.6578 -7.76145 -184.232 0.511277 0.114498 0.851765 
6.43928 -64.488 -132.502 -0.0709137 0.710185 0.700447 
10.9357 26.7264 -133.336 -0.205659 -0.502622 0.839698 
-3.92864 10.9181 -106.529 -0.097812 0.27183 0.957371 
-2.43563 10.282 -115.387 0.106271 -0.448622 0.887391 
1.45 -21.3537 -120.388 -0.0371131 0.546551 0.836613 
-2.14684 19.4846 -125.112 0.0617354 -0.560308 0.825991 
4.8357 -26.3555 -136.221 -0.111335 0.606796 0.787033 
-9.52705 43.0006 -153.59 0.149438 -0.674493 0.723011 
20.9447 -69.4797 -180.474 -0.21958 0.728408 0.649017 
-48.6988 111.697 -216.214 0.328875 -0.754318 0.56821 
71.8653 -165.4 -232.503 -0.348876 0.802947 0.483301 
-105.578 182.661 -238.507 0.448137 -0.775327 0.445039 
79.7185 -241.186 -221.931 -0.290929 0.880197 0.375008 
-129.925 98.643 -202.416 0.70142 -0.532541 0.473738 
40.0979 -265.324 -200.597 -0.139986 0.926274 0.349912 
-31.6708 221.365 -227.261 0.12972 -0.906683 0.401393 
105.132 -145.774 -243.601 -0.504932 0.700132 0.504853 
-78.1961 239.865 -224.027 0.287046 -0.880508 0.377263 
131.383 -123.927 -212.222 -0.646551 0.609858 0.458327 
-16.1206 276.725 -201.125 0.0547229 -0.939367 0.338544 
70.2513 -201.524 -234.734 -0.298529 0.856366 0.421348 
-86.3496 166.147 -232.276 0.403374 -0.776138 0.484683 
126.265 -144.474 -231.426 -0.58399 0.668209 0.460945 
-51.8537 243.169 -213.173 0.192632 -0.903352 0.383231 
112.543 -141.644 -242.979 -0.544022 0.684692 0.48503 
-106.443 116.741 -238.615 0.560395 -0.614614 0.555181 
101.818 -211.272 -224.103 -0.399578 0.829128 0.391027 
-78.5244 245.708 -217.589 0.282982 -0.88547 0.368621 
123.945 -64.1067 -189.285 -0.770261 0.398395 0.497993 
-128.746 148.89 -221.864 0.576088 -0.666222 0.473592 
112.374 -138.441 -184.85 -0.575261 0.7087 0.408456 
-92.175 229.634 -207.991 0.344577 -0.85844 0.379953 
124.085 -102.011 -207.233 -0.680332 0.559308 0.473646 
-140.215 37.402 -240.377 0.775459 -0.206851 0.596568 
-37.6753 -278.342 -201.833 0.12665 0.935677 0.329372 
-118.373 113.286 -240.224 0.621967 -0.59524 0.508787 
118.86 41.2151 -251.207 -0.725338 -0.251513 0.640815 
-61.2029 118.821 -204.826 0.376822 -0.731573 0.568176 
-4.46195 -141.99 -198.46 0.0270658 0.861301 0.507391 
-77.5426 75.4725 -240.954 0.555965 -0.541122 0.630958 
59.121 -114.144 -213.296 -0.376413 0.726737 0.574617 
-70.5327 173.581 -234.762 0.332852 -0.81915 0.467141 
78.0995 -195.471 -231.841 -0.332808 0.832967 0.442067 
-129.42 138.007 -230.935 0.604675 -0.644793 0.467576 
32.8761 -258.867 -209.764 -0.117296 0.923589 0.365023 
-102.135 153.895 -243.153 0.486128 -0.732489 0.476609 
99.3394 -123.924 -236.598 -0.52313 0.652595 0.548154 
-106.553 199.241 -228.865 0.430612 -0.805194 0.407742 
67.2796 -249.361 -218.275 -0.24193 0.896674 0.37076 
-127.704 54.1348 -202.985 0.786383 -0.333355 0.520091 
140.994 -19.2015 -240.206 -0.78954 0.107524 0.604221 
67.9931 256.533 -206.807 -0.239208 -0.902512 0.358147 
-64.8797 -149.743 -226.792 0.341632 0.788488 0.51146 
-42.2061 60.5999 -215.117 0.426507 -0.612383 0.665655 
61.0697 -21.9502 -225.796 -0.611894 0.219932 0.759758 
-6.70647 129.543 -178.154 0.0436285 -0.842733 0.536578 
0.233204 -68.4843 -164.611 -0.00260406 0.764727 0.644363 
-33.5386 61.5928 -199.179 0.353619 -0.649411 0.673228 
39.0793 -123.613 -205.326 -0.252209 0.797771 0.547695 
-88.4864 137.243 -242.708 0.463011 -0.718136 0.519537 
48.7077 -199.841 -218.524 -0.21285 0.873292 0.438262 
-122.188 104.107 -246.522 0.644441 -0.549079 0.53219 
103.628 -119.044 -236.29 -0.546678 0.628002 0.553873 
-101.25 208.618 -227.435 0.400613 -0.825435 0.397722 
74.8531 -243.898 -219.818 -0.27195 0.886112 0.375322 
-127.045 62.4625 -198.39 0.773151 -0.380125 0.5077 
137.279 -97.6148 -231.84 -0.686815 0.488372 0.538326 
-89.7139 205.032 -180.875 0.376638 -0.860769 0.3424 
84.5897 -240.919 -194.147 -0.311375 0.886823 0.34148 
-95.5338 43.8037 -138.488 0.796063 -0.365007 0.482776 
129.781 -150.176 -199.417 -0.586626 0.67881 0.441706 
-95.3893 97.9878 -148.208 0.634794 -0.652087 0.414532 
128.17 -160.734 -203.918 -0.561725 0.704443 0.43387 
-93.1565 79.1147 -141.34 0.686727 -0.583214 0.433918 
134.471 -135.157 -203.33 -0.626814 0.630013 0.458482 
-84.1405 86.502 -128.148 0.636753 -0.654625 0.407467 
102.325 -209.835 -185.254 -0.407511 0.835671 0.368249 
-108.381 91.6471 -171.974 0.682529 -0.577149 0.44841 
146.58 -18.4273 -227.804 -0.810802 0.10193 0.576393 
68.6639 259.088 -193.114 -0.241235 -0.910246 0.336565 
-81.5134 -173.39 -234.497 0.374406 0.79641 0.474941 
-58.0454 76.5688 -229.355 0.47075 -0.620976 0.626738 
71.9651 -2.04684 -234.606 -0.658561 0.0187309 0.752306 
-28.9265 101.376 -177.86 0.220461 -0.772628 0.595366 
-3.35342 -84.2569 -170.213 0.03139 0.788693 0.614 
-29.7925 60.7351 -195.328 0.326453 -0.665509 0.671226 
40.2044 -112.299 -204.097 -0.277127 0.77407 0.56924 
-81.3995 143.685 -239.396 0.423476 -0.747515 0.511769 
55.5519 -201.954 -222.896 -0.238763 0.868004 0.435407 
-129.658 97.6571 -240.971 0.679732 -0.511969 0.525233 
102.042 -151.204 -231.075 -0.483486 0.71642 0.502993 
-115.196 175.729 -229.47 0.49568 -0.756146 0.427274 
65.6542 -234.553 -217.856 -0.247896 0.88562 0.392736 
-128.711 96.1332 -232.563 0.687949 -0.513821 0.512574 
128.367 -40.6927 -246.377 -0.744807 0.236106 0.624126 
33.5412 269.107 -212.234 -0.115734 -0.928554 0.35272 
104.006 -123.669 -246.324 -0.550291 0.654325 0.518707 
-107.736 27.2546 -247.558 0.716341 -0.181217 0.67382 
-35.0443 -208.204 -207.247 0.14985 0.890285 0.430064 
21.9613 87.3962 -185.238 -0.192554 -0.76628 0.612988 
25.1868 -37.8906 -192.011 -0.376537 0.566456 0.733052 
-37.6428 68.6194 -194.839 0.357535 -0.651755 0.668881 
40.8064 -144.937 -215.25 -0.233354 0.828831 0.50853 
-97.8568 142.246 -244.389 0.487388 -0.708474 0.510427 
48.8496 -229.014 -221.631 -0.19104 0.895623 0.401721 
-132.21 73.0317 -235.288 0.736517 -0.406847 0.540403 
124.929 -60.9371 -244.444 -0.710977 0.346795 0.611771 
-14.1396 280.944 -211.132 0.0473983 -0.941773 0.33292 
129.157 -22.5502 -206.646 -0.825643 0.144154 0.545482 
-133.026 -90.0141 -246.227 0.686319 0.464409 0.559739 
95.9313 -36.5079 -235.545 -0.674852 0.256824 0.691834 
31.9334 220.567 -215.483 -0.130446 -0.901006 0.413751 
58.9109 -114.284 -229.355 -0.381307 0.739719 0.554471 
-71.3577 94.032 -225.804 0.477939 -0.629806 0.61232 
71.5729 -203.578 -233.161 -0.299727 0.85253 0.428222 
-110.557 183.603 -236.459 0.463251 -0.769329 0.439943 
87.2913 -239.235 -217.258 -0.318828 0.873797 0.367213 
-125.958 119.72 -194.828 0.649638 -0.617465 0.443537 
12.5437 -281.168 -193.884 -0.0421449 0.944685 0.325287 
-62.943 219.662 -231.726 0.252667 -0.881772 0.398316 
91.9827 -172.222 -234.451 -0.414887 0.776806 0.473771 
-127.184 145.931 -225.387 0.586373 -0.672806 0.451129 
43.2801 -256.727 -210.182 -0.154694 0.917606 0.366179 
-112.333 143.067 -242.233 0.541211 -0.689289 0.481652 
110.307 -103.655 -241.011 -0.597488 0.561457 0.572532 
-88.0655 232.964 -221.017 0.328323 -0.86853 0.371317 
107.612 -211.596 -218.301 -0.417529 0.820984 0.389451 
-115.195 165.557 -189.773 0.5255 -0.755243 0.391759 
54.4477 -262.44 -183.869 -0.192812 0.929361 0.314847 
-91.6769 16.8864 -137.581 0.845574 -0.15575 0.510651 
130.069 157.587 -218.174 -0.572613 -0.69376 0.43684 
26.5475 -211.297 -226.939 -0.113841 0.90609 0.407502 
-97.3581 116.771 -242.121 0.53144 -0.637404 0.557948 
77.3399 -234.056 -227.346 -0.289443 0.875949 0.385944 
-128.848 151.104 -222.312 0.581298 -0.681707 0.444282 
29.7936 -278.24 -204.39 -0.100348 0.937144 0.33423 
-126.671 49.913 -216.105 0.783599 -0.308767 0.539122 
89.4231 193.691 -237.533 -0.377319 -0.817274 0.435559 
112.916 24.1222 -251.374 -0.756068 -0.161518 0.634264 
41.7009 -119.248 -220.283 -0.280254 0.801417 0.5284 
-74.963 -49.2136 -237.967 0.604318 0.396738 0.690953 
22.7866 37.2256 -182.707 -0.346963 -0.56682 0.747228 
-0.85344 2.4167 -135.914 -0.175498 0.496962 0.849851 
-17.5227 20.0346 -174.187 0.383461 -0.438431 0.812867 
15.1676 -85.1566 -172.001 -0.13779 0.773606 0.618518 
-26.6732 89.8258 -194.475 0.227555 -0.766325 0.600818 
61.309 -124.21 -225.636 -0.370002 0.74961 0.548818 
-78.9827 184.472 -234.886 0.35046 -0.818533 0.455192 
111.744 -185.079 -235.136 -0.465585 0.771138 0.434275 
-77.3264 248.66 -216.894 0.27678 -0.890048 0.362251 
126.425 -82.215 -192.163 -0.73484 0.477871 0.481318 
-63.8036 252.391 -201.06 0.228678 -0.904594 0.359769 
57.8227 -227.529 -230.396 -0.226688 0.892007 0.391093 
-95.3655 180.752 -235.699 0.41454 -0.785701 0.459182 
125.819 -155.534 -221.585 -0.565597 0.699176 0.437346 
-35.3722 269.588 -207.863 0.121914 -0.929166 0.349006 
125.518 -99.2148 -235.396 -0.672801 0.53181 0.51433 
-125.976 -14.1391 -250.063 0.760599 0.0853674 0.643598 
-31.631 -192.25 -192.359 0.145021 0.881424 0.449532 
59.1509 12.4476 -209.082 -0.596936 -0.125618 0.792405 
12.3265 102.918 -151.626 -0.0947254 -0.790888 0.6046 
-18.3168 -14.6443 -155.995 0.377896 0.302128 0.875175 
5.77962 -4.58198 -134.955 -0.308578 0.244636 0.919212 
0.423422 40.3424 -122.017 -0.00645956 -0.615449 0.788162 
-1.64866 -16.8737 -117.961 0.0494184 0.50579 0.86125 
-1.103 6.67067 -117.464 0.0774815 -0.46859 0.880021 
3.878 -20.6333 -128.82 -0.106039 0.564193 0.818816 
-5.52582 33.7531 -140.593 0.104971 -0.641189 0.760181 
10.9386 -47.461 -158.577 -0.158765 0.688859 0.707308 
-26.3913 77.5413 -189.223 0.249742 -0.733775 0.63184 
55.6907 -124.569 -222.301 -0.341786 0.764506 0.546562 
-78.9336 175.519 -235.259 0.362482 -0.806025 0.467919 
106.562 -190.925 -235.598 -0.439671 0.787751 0.431458 
-88.9316 236.174 -219.366 0.327004 -0.868421 0.372734 
126.365 -122.13 -196.774 -0.644666 0.623056 0.442973 
-14.1642 280.853 -194.902 0.0476064 -0.943961 0.326632 
71.0029 -213.175 -233.066 -0.28899 0.867647 0.404588 
-90.6982 171.699 -233.19 0.410952 -0.777965 0.475297 
127.902 -139.472 -226.551 -0.600536 0.654858 0.458842 
-53.8562 245.853 -211.952 0.198029 -0.904 0.378928 
109.739 -151.612 -241.885 -0.516674 0.713822 0.472783 
-103.121 131.14 -236.454 0.522527 -0.664506 0.534243 
112.193 -189.371 -226.088 -0.46461 0.784216 0.41129 
-59.1152 253.515 -215.589 0.21118 -0.905645 0.367734 
129.012 -55.9393 -214.592 -0.777676 0.337199 0.530599 
-134.158 -63.0634 -247.516 0.730753 0.343505 0.589934 
70.0762 -142.679 -209.234 -0.375279 0.764088 0.524741 
12.6765 152.73 -203.504 -0.0719597 -0.866993 0.493115 
79.9785 -66.5814 -243.045 -0.587669 0.48923 0.644451 
-68.4531 85.1541 -221.331 0.48505 -0.603391 0.63298 
55.2609 -201.334 -228.81 -0.238719 0.869733 0.431966 
-117.299 153.784 -242.514 0.532818 -0.698549 0.477652 
44.7133 -258.435 -217.169 -0.158739 0.917487 0.364742 
-130.843 47.0233 -219.191 0.790321 -0.284031 0.542897 
131.691 61.0201 -248.53 -0.727426 -0.337058 0.597713 
-67.3086 139.435 -207.633 0.368537 -0.763454 0.530411 
-13.3996 -146.218 -201.075 0.0788709 0.860647 0.503075 
-73.0587 67.609 -238.927 0.559043 -0.517342 0.647956 
64.0337 -87.3209 -218.041 -0.459622 0.626773 0.629222 
-57.1231 192.846 -229.24 0.254666 -0.859747 0.442716 
111.209 -163.067 -242.016 -0.497098 0.728903 0.470756 
-62.0381 251.957 -220.241 0.222259 -0.902666 0.368528 
131.03 -63.516 -207.491 -0.771314 0.37389 0.515071 
-129.57 126.399 -230.814 0.614906 -0.599861 0.511933 
108.787 -174.543 -193.694 -0.488589 0.783914 0.383115 
-62.853 260.924 -204.484 0.219514 -0.911274 0.348441 
124.997 -65.9995 -207.31 -0.758616 0.400557 0.513881 
-131.988 -105.129 -245.383 0.65895 0.524853 0.538825 
89.235 47.6199 -238.8 -0.640678 -0.341895 0.687501 
-49.7392 59.8019 -196.463 0.455037 -0.547095 0.7026 
-8.07491 -126.524 -188.073 0.0537377 0.842007 0.536799 
-38.8083 74.8888 -208.436 0.354879 -0.684814 0.636481 
46.2975 -109.644 -207.027 -0.317437 0.751771 0.578007 
-78.3854 154.402 -237.87 0.393226 -0.774567 0.495416 
63.3961 -202.407 -226.274 -0.269199 0.85948 0.434561 
-131.819 104.889 -236.216 0.67353 -0.535932 0.509069 
81.7062 -200.946 -220.163 -0.339162 0.834124 0.434999 
-110.168 164.244 -239.406 0.496013 -0.739479 0.455148 
84.9037 -184.554 -226.454 -0.371444 0.8074 0.458425 
-125.859 131.52 -234.093 0.607552 -0.634876 0.477316 
96.6032 -180.796 -226.855 -0.418474 0.78319 0.459903 
-123.85 143.931 -228.798 0.580379 -0.674482 0.456347 
94.8119 -193.414 -224.771 -0.394902 0.80559 0.441696 
-126.197 130.444 -226.414 0.614936 -0.635631 0.466738 
111.628 -161.448 -230.791 -0.498881 0.721533 0.480132 
-122.76 147.284 -213.886 0.576981 -0.692246 0.433481 
82.0525 -228.464 -215.596 -0.310624 0.864889 0.394333 
-126.079 120.158 -227.647 0.635385 -0.605546 0.479184 
128.142 -86.9334 -241.86 -0.678103 0.460033 0.573205 
-68.5499 255.497 -204.208 0.244204 -0.910188 0.334574 
126.588 -144.94 -201.694 -0.594929 0.681178 0.426701 
-33.2565 276.622 -187.683 0.113419 -0.943403 0.311681 
106.976 -15.2319 -168.22 -0.841282 0.119787 0.527174 
52.3847 -241.238 -212.904 -0.199268 0.917655 0.343831 
-132.021 73.5381 -245.833 0.711174 -0.396137 0.580796 
13.6198 -283.332 -206.848 -0.0453655 0.943734 0.327608 
-124.696 14.4668 -200.372 0.832776 -0.0966158 0.545131 
67.5124 229.26 -230.219 -0.260295 -0.883916 0.388532 
127.435 -2.88306 -250.338 -0.785853 0.017779 0.618172 
-101.527 -30.4995 -246.07 0.698265 0.209764 0.684429 
34.7774 -123.948 -183.253 -0.225101 0.802267 0.552915 
18.0548 81.2202 -173.143 -0.1676 -0.753954 0.635202 
8.50249 -29.1843 -156.749 -0.185494 0.636697 0.748483 
-28.674 63.94 -187.25 0.30296 -0.675569 0.67219 
44.0742 -128.407 -214.184 -0.273872 0.797904 0.536992 
-89.048 152.241 -240.847 0.437539 -0.748036 0.499018 
67.0041 -222.773 -227.371 -0.263064 0.874628 0.407234 
-134.167 100.443 -226.869 0.69331 -0.51904 0.499936 
68.6944 -228.518 -213.304 -0.264011 0.878258 0.39872 
-92.296 183.812 -238.938 0.402889 -0.802372 0.440338 
80.2615 -182.14 -227.423 -0.357506 0.811299 0.462604 
-127.84 124.797 -234.523 0.625716 -0.610818 0.485178 
90.2166 -191.576 -223.921 -0.381264 0.809616 0.446292 
-121.553 146.354 -233.782 0.566825 -0.682477 0.461468 
97.3976 -179.149 -227.964 -0.423584 0.779122 0.462129 
-125.481 138.321 -226.44 0.597017 -0.658106 0.458787 
96.1321 -194.645 -224.134 -0.397866 0.805586 0.439035 
-125.903 131.255 -225.412 0.61305 -0.639111 0.464461 
113.091 -159.312 -231.139 -0.507116 0.714379 0.482197 
-122.313 147.745 -212.025 0.575498 -0.69516 0.430781 
79.9684 -232.34 -214.423 -0.299783 0.870989 0.389264 
-125.893 120.06 -227.923 0.634993 -0.60557 0.479673 
128.644 -80.9769 -242.547 -0.689316 0.433899 0.580166 
-57.2673 265.28 -204.673 0.199226 -0.922877 0.329584 
129.839 -107.333 -198.368 -0.683819 0.565289 0.461364 
-0.0590962 281.629 -193.373 0.000198425 -0.945616 0.325313 
12.7746 -228.552 -225.579 -0.0513137 0.918064 0.393121 
-114.144 118.163 -248.326 0.585561 -0.606177 0.538224 
28.1733 -251.763 -217.085 -0.10308 0.921146 0.375343 
-129.227 59.5995 -238.154 0.752605 -0.347103 0.559574 
119.651 51.6218 -250.555 -0.71286 -0.307554 0.630285 
-67.8039 103.07 -210.136 0.439913 -0.668723 0.59942 
0.141313 -161.295 -205.309 -0.000768722 0.877425 0.479731 
-93.9195 76.6569 -248.676 0.610947 -0.498654 0.614903 
69.5172 -117.193 -219.886 -0.419324 0.706901 0.569628 
-77.0951 186.762 -236.519 0.341185 -0.826515 0.447754 
79.7819 -205.326 -231.012 -0.32726 0.842235 0.428437 
-131.72 125.432 -225.735 0.638167 -0.607703 0.472713 
38.55 -256.442 -208.274 -0.1383 0.919996 0.36674 
-81.6606 182.354 -238.414 0.365784 -0.816818 0.446126 
81.8139 -164.796 -229.415 -0.388162 0.781865 0.487888 
-124.588 142.282 -235.897 0.581483 -0.664066 0.470013 
62.7423 -225.977 -216.459 -0.244674 0.881238 0.40444 
-115.238 139.526 -242.559 0.556646 -0.673965 0.48573 
104.123 -131.019 -236.17 -0.526085 0.661976 0.533892 
-111.803 189.984 -225.79 0.462551 -0.786003 0.4102 
59.8279 -252.606 -215.751 -0.214218 0.904475 0.368855 
-129.109 57.2006 -215.077 0.775349 -0.343512 0.529953 
134.361 58.8875 -247.541 -0.736885 -0.322961 0.593898 
-58.2798 160.396 -202.363 0.296809 -0.816868 0.49462 
-26.2003 -123.601 -196.544 0.173668 0.819286 0.546469 
-33.3835 55.9368 -202.885 0.375299 -0.628846 0.680971 
46.2726 -76.4365 -204.752 -0.392871 0.648973 0.65154 
-50.4746 163.905 -223.503 0.257848 -0.837303 0.482137 
104.071 -155.347 -243.761 -0.485987 0.725437 0.487417 
-56.9337 242.041 -222.575 0.211399 -0.898719 0.38423 
133.452 -66.7225 -221.074 -0.760357 0.380159 0.526645 
-130.128 91.99 -238.673 0.674941 -0.477129 0.562868 
80.6987 -239.181 -200.345 -0.300662 0.891123 0.339881 
-112.217 198.715 -203.934 0.454436 -0.804721 0.382007 
103.556 -168.164 -170.736 -0.487581 0.791778 0.367927 
-71.5238 225.993 -165.09 0.28624 -0.904429 0.316373 
75.5381 -38.2446 -107.065 -0.788537 0.399233 0.467804 
-69.8754 236.32 -165.405 0.267874 -0.905955 0.327883 
-2.34294 -275.341 -215.789 0.00802183 0.942718 0.33352 
-138.133 86.824 -235.995 0.718692 -0.451736 0.528615 
1.66897 -258.933 -205.019 -0.00599878 0.930685 0.365798 
13.6813 165.17 -211.467 -0.0727753 -0.878592 0.472014 
94.6273 -61.0107 -249.389 -0.645138 0.415952 0.640936 
-62.0421 123.471 -213.729 0.372585 -0.741488 0.558027 
63.9615 -176.027 -232.472 -0.302652 0.832921 0.463316 
-82.0534 186.409 -233.818 0.359011 -0.815603 0.453785 
124.913 -157.34 -231.629 -0.555156 0.699274 0.450372 
-35.8085 265.773 -211.371 0.124798 -0.926259 0.355652 
128.143 -75.5068 -232.831 -0.727555 0.428705 0.535624 
-123.626 -63.2458 -250.515 0.705613 0.360985 0.609769 
81.3266 -68.0201 -224.019 -0.574131 0.480193 0.663178 
-4.27522 209.65 -216.871 0.0184885 -0.906645 0.42151 
118.804 -62.4135 -251.839 -0.710729 0.37338 0.596213 
-102.306 58.4713 -241.681 0.659 -0.376641 0.651059 
7.91385 -254.476 -219.187 -0.0288528 0.927785 0.372022 
-130.653 38.9151 -238.894 0.782857 -0.233174 0.576873 
115.047 69.8479 -249.84 -0.673519 -0.40891 0.615778 
-76.1477 22.5664 -227.259 0.643453 -0.190687 0.741367 
-29.56 -167.49 -199.174 0.15209 0.861759 0.484002 
5.68794 64.5583 -165.461 -0.0664839 -0.754593 0.652829 
30.5502 -46.8969 -196.277 -0.382556 0.587254 0.713303 
-32.9336 106.087 -194.966 0.241543 -0.778068 0.579901 
63.4546 -133.37 -230.194 -0.364583 0.766285 0.52906 
-60.9842 179.368 -225.118 0.284941 -0.838074 0.465252 
125.675 -124.951 -242.536 -0.613821 0.610289 0.500789 
-52.8659 222.97 -214.363 0.210512 -0.887866 0.409142 
96.7105 -157.253 -243.252 -0.460137 0.748188 0.478024 
-81.8112 159.284 -227.84 0.39653 -0.77203 0.49674 
119.436 -152.337 -238.45 -0.546317 0.696811 0.464769 
-63.9216 220.244 -218.195 0.253966 -0.875049 0.412079 
120.238 -126.897 -242.071 -0.596814 0.629865 0.497092 
-109.948 116.818 -238.623 0.571384 -0.607087 0.552253 
102.45 -210.97 -221.611 -0.402708 0.829281 0.387475 
-76.8688 247.94 -216.32 0.2756 -0.88895 0.365828 
122.752 -57.8796 -187.636 -0.781718 0.368593 0.503065 
-138.409 104.658 -227.267 0.679746 -0.513992 0.523235 
94.3692 -179.737 -171.822 -0.434921 0.828356 0.353112 
-66.5503 258.919 -191.968 0.234989 -0.914243 0.330087 
101.466 -25.4073 -155.9 -0.832282 0.208406 0.513703 
-95.0701 -223.405 -219.084 0.363058 0.853149 0.374625 
-129.074 -44.3116 -228.587 0.784861 0.269446 0.558041 
-109.352 16.609 -238.498 0.779089 -0.118333 0.615659 
-95.1577 -60.3058 -240.931 0.677626 0.429443 0.597008 
-55.7296 -155.244 -229.87 0.299751 0.835006 0.461446 
-69.9054 -135.682 -236.554 0.392937 0.762668 0.513767 
-86.0307 -39.3648 -247.404 0.668097 0.3057 0.678389 
-0.893919 69.828 -178.925 0.0101421 -0.792248 0.610129 
55.574 -11.4979 -226.616 -0.619738 0.12822 0.774276 
-40.4972 58.9582 -192.981 0.403854 -0.587953 0.700879 
15.2899 -135.024 -197.712 -0.0961665 0.849235 0.5192 
-84.9273 100.511 -243.287 0.524759 -0.62105 0.582188 
47.6074 -162.058 -210.749 -0.245626 0.836124 0.490491 
-86.3737 145.649 -242.12 0.44062 -0.743003 0.503805 
60.1584 -178.318 -220.039 -0.282443 0.837199 0.468338 
-117.677 127.952 -245.665 0.583939 -0.634929 0.505865 
81.2634 -174.738 -224.562 -0.371413 0.798636 0.473552 
-115.426 154.55 -240.134 0.52949 -0.708963 0.465864 
76.1017 -199.215 -222.513 -0.320618 0.839297 0.439092 
-123.297 129.577 -238.868 0.601844 -0.632498 0.487594 
104.259 -150.668 -232.844 -0.49195 0.710932 0.502572 
-119.572 166.538 -225.01 0.526717 -0.733598 0.429443 
64.1859 -240.269 -215.472 -0.238217 0.891724 0.384836 
-126.828 106.392 -234.25 0.661634 -0.555024 0.504189 
126.882 -48.5244 -246.223 -0.732598 0.280173 0.62034 
18.1853 275.948 -211.932 -0.0617459 -0.936946 0.344002 
125.987 -45.6839 -237.258 -0.770495 0.279386 0.572973 
-58.9738 -185.858 -231.968 0.270567 0.852699 0.446895 
-104.864 7.09907 -253.415 0.740194 -0.0501096 0.670537 
79.5803 17.1166 -236.686 -0.663298 -0.142666 0.734642 
-34.7369 91.5692 -179.559 0.278214 -0.733392 0.620283 
-8.27746 -86.5641 -170.489 0.0751138 0.785526 0.614268 
-19.8542 49.9983 -180.321 0.265914 -0.669642 0.69346 
38.045 -94.4601 -200.686 -0.297815 0.73943 0.603795 
-69.444 146.211 -232.967 0.369012 -0.776938 0.510113 
72.9711 -195.06 -231.129 -0.314166 0.839801 0.442778 
-128.032 141.002 -234.738 0.593071 -0.653149 0.47083 
31.1623 -258.171 -210.925 -0.111498 0.923728 0.366486 
-110.025 136.503 -244.509 0.545201 -0.676403 0.49523 
108.389 -90.8863 -242.029 -0.616188 0.516687 0.594445 
-68.4306 250.192 -221.749 0.245859 -0.898893 0.362716 
129.879 -148.801 -220.988 -0.588758 0.674534 0.445405 
-30.152 279.895 -201.935 0.10116 -0.939049 0.328591 
123.595 -35.0817 -204.557 -0.809893 0.229882 0.539672 
-45.2393 -240.697 -227.292 0.171365 0.911754 0.373305 
-126.161 48.3626 -252.315 0.741391 -0.284204 0.607935 
33.6048 -200.245 -203.688 -0.148895 0.887241 0.436637 
-4.94074 139.494 -201.807 0.0305301 -0.861967 0.506061 
85.6255 -87.4129 -243.507 -0.555697 0.567297 0.607777 
-34.0256 174.214 -206.457 0.169125 -0.865937 0.47071 
73.1189 -136.831 -236.996 -0.40264 0.753478 0.519779 
-60.7049 159.699 -219.94 0.308642 -0.811961 0.495457 
113.398 -139.121 -245.638 -0.548457 0.67287 0.496446 
-61.8094 200.957 -218.463 0.264327 -0.85939 0.437719 
112.437 -138.113 -244.978 -0.548711 0.674014 0.494609 
-90.225 154.934 -229.693 0.435239 -0.74739 0.501988 
117.578 -163.335 -235.273 -0.52221 0.725436 0.448394 
-63.4658 227.289 -218.111 0.24615 -0.881536 0.402892 
124.846 -113.101 -239.275 -0.639343 0.579193 0.505761 
-119.703 83.0078 -243.353 0.662243 -0.459229 0.592082 
58.2622 -263.538 -213.876 -0.202794 0.9173 0.342715 
-133.021 115.07 -210.641 0.669012 -0.578731 0.466381 
5.10076 -279.835 -198.725 -0.0171842 0.942752 0.333078 
-47.178 214.689 -230.095 0.196006 -0.891948 0.407466 
92.9745 -159.792 -237.48 -0.438063 0.752883 0.491209 
-117.276 180.953 -228.791 0.492435 -0.759815 0.424507 
54.6107 -263.207 -213.117 -0.190037 0.915921 0.353543 
-125.796 40.2314 -201.521 0.806968 -0.258081 0.531239 
135.758 90.409 -244.574 -0.693585 -0.4619 0.552816 
-99.8995 40.6148 -236.693 0.678879 -0.276003 0.680414 
-27.9561 -232.852 -217.253 0.109321 0.910557 0.398689 
-91.3326 95.4563 -246.913 0.564145 -0.589617 0.578023 
92.067 -30.2721 -241.999 -0.678836 0.223205 0.699556 
21.8071 191.173 -202.436 -0.101226 -0.887402 0.449765 
-3.27401 -86.2787 -177.749 0.0303596 0.800055 0.599172 
-49.6905 62.9426 -218.129 0.458326 -0.580559 0.672983 
34.8253 -130.367 -199.9 -0.217746 0.815125 0.536821 
-69.6334 134.104 -234.466 0.391758 -0.754471 0.526609 
55.7903 -174.947 -220.424 -0.267873 0.839994 0.471882 
-121.002 120.493 -245.948 0.60789 -0.605336 0.513864 
73.7495 -187.685 -220.932 -0.325581 0.828571 0.455505 
-109.423 155.673 -242.58 0.507119 -0.721461 0.471531 
78.2937 -185.032 -224.514 -0.346241 0.818272 0.458876 
-122.724 135.067 -238.986 0.589097 -0.648344 0.48232 
91.9914 -177.998 -226.974 -0.406214 0.786001 0.466058 
-122.473 147.072 -232.894 0.568354 -0.682511 0.459532 
87.8406 -198.148 -223.7 -0.364402 0.822005 0.437649 
-125.42 131.148 -231.858 0.608597 -0.636396 0.473949 
109.994 -154.451 -232.504 -0.504832 0.708877 0.492601 
-121.494 157.455 -217.705 0.552023 -0.715419 0.428326 
70.4766 -239.245 -214.221 -0.260952 0.885846 0.383665 
-125.903 115.815 -232.122 0.64135 -0.589963 0.490541 
127.32 -65.7761 -244.633 -0.709883 0.366741 0.60132 
-22.2502 281.176 -208.847 0.0745025 -0.941488 0.328735 
127.731 -29.1738 -199.229 -0.823347 0.188053 0.535493 
-141.396 -7.46868 -241.115 0.794039 0.0419419 0.606433 
-85.7835 -215.71 -210.035 0.336268 0.845574 0.414664 
88.5591 -75.6233 -218.35 -0.582092 0.497066 0.643515 
41.0743 169.023 -211.773 -0.206958 -0.851646 0.481544 
28.5794 -77.2534 -199.148 -0.272114 0.735557 0.620426 
-52.6897 82.9729 -212.87 0.413868 -0.651737 0.635587 
60.0033 -176.83 -228.756 -0.284423 0.838197 0.465347 
-108.733 165.882 -241.878 0.484434 -0.739049 0.468133 
63.0333 -248.759 -221.288 -0.227898 0.899391 0.373063 
-131.695 66.3782 -209.882 0.765637 -0.385904 0.514681 
127.349 -132.69 -230.533 -0.597293 0.622342 0.505915 
-111.581 170.359 -197.322 0.50426 -0.769891 0.391162 
64.9577 -257.299 -206.545 -0.228839 0.906438 0.354994 
-126.791 80.4614 -215.142 0.727853 -0.461896 0.506853 
135.643 51.2462 -247.216 -0.749904 -0.283316 0.597824 
-37.5959 183.551 -194.293 0.178433 -0.871148 0.457472 
-43.0585 -87.0178 -197.921 0.341698 0.690546 0.6375 
2.50449 16.6308 -136.524 -0.0894584 -0.594038 0.799458 
9.50321 -16.1861 -158.834 -0.294004 0.500754 0.81414 
-18.5586 66.97 -171.008 0.200127 -0.722173 0.662143 
29.7036 -97.5638 -198.012 -0.235648 0.774004 0.587711 
-68.0812 131.281 -230.851 0.38859 -0.749319 0.536225 
73.8396 -194.845 -232.142 -0.31782 0.838652 0.442347 
-124.579 154.522 -235.381 0.55743 -0.691415 0.459602 
34.7628 -264.515 -212.443 -0.121672 0.925822 0.357865 
-128.552 70.1822 -232.77 0.73823 -0.403033 0.540924 
122.222 72.248 -250.354 -0.68805 -0.406722 0.600985 
-83.3174 29.575 -230.656 0.652942 -0.231773 0.721086 
-30.8359 -189.574 -207.606 0.143146 0.880035 0.452842 
-11.57 90.0747 -186.223 0.103179 -0.803265 0.586633 
58.2506 -87.4025 -222.358 -0.434628 0.652141 0.621152 
-48.6993 180.436 -221.336 0.231144 -0.856412 0.46168 
122.688 -117.426 -246.538 -0.61751 0.591021 0.519031 
-52.0128 212.839 -214.202 0.215211 -0.880653 0.422081 
90.5187 -158.466 -242.383 -0.435116 0.761734 0.480055 
-74.6928 165.828 -225.35 0.358652 -0.796255 0.487201 
119.918 -142.914 -241.139 -0.564114 0.672291 0.479393 
-69.1566 207.522 -219.625 0.285668 -0.857219 0.42847 
117.516 -137.218 -242.328 -0.568008 0.663238 0.487339 
-99.5037 147.975 -232.811 0.480181 -0.714094 0.509424 
118.215 -169.741 -228.994 -0.515325 0.73994 0.432373 
-60.501 240.535 -216.075 0.225066 -0.894801 0.385609 
127.29 -100.823 -235.292 -0.673371 0.533361 0.511973 
-126.458 38.8985 -246.997 0.742666 -0.228444 0.629507 
-36.8996 -263.14 -213.303 0.129503 0.92352 0.36105 
-78.9945 150.978 -239.794 0.403948 -0.772044 0.490705 
90.5332 -100.737 -236.254 -0.538669 0.599383 0.59211 
-80.291 224.439 -230.67 0.309202 -0.864322 0.396686 
114.002 -192.432 -228.81 -0.462889 0.781343 0.418634 
-95.8253 228.683 -207.243 0.360436 -0.860166 0.360857 
117.261 -144.51 -183.248 -0.575956 0.709797 0.405562 
-33.8474 272.656 -180.954 0.117232 -0.94436 0.307341 
103.895 -18.4192 -164.229 -0.838514 0.148657 0.524226 
72.6813 -219.285 -211.053 -0.293806 0.886434 0.357674 
-136.555 12.3458 -247 0.784444 -0.070921 0.616146 
-59.9069 -224.901 -207.579 0.234974 0.88213 0.40823 
81.3748 12.9745 -227.213 -0.660021 -0.105235 0.743852 
34.1126 131.568 -176.798 -0.209436 -0.807765 0.551062 
-33.4021 -6.66698 -181.497 0.505158 0.100828 0.857127 
4.31205 -65.5176 -130.905 -0.0468864 0.712394 0.700224 
10.7301 23.683 -132.321 -0.215005 -0.474551 0.853576 
-4.51682 7.86778 -110.094 -0.143195 0.249429 0.957757 
-2.43967 12.6316 -113.625 0.088104 -0.456167 0.885532 
0.824009 -19.1995 -117.632 -0.0225226 0.52478 0.850951 
-1.65465 15.7997 -121.242 0.0555494 -0.530421 0.845923 
3.77714 -22.1731 -130.86 -0.0989133 0.580655 0.80813 
-6.94855 35.6638 -145.063 0.126481 -0.649172 0.750064 
14.2092 -55.4873 -166.629 -0.180921 0.706503 0.684207 
-34.2786 90.6946 -200.452 0.281363 -0.744432 0.605536 
63.6532 -140.518 -228.074 -0.352211 0.777525 0.52098 
-88.5041 184.094 -237.464 0.386222 -0.803366 0.453269 
102.945 -206.014 -230.806 -0.407472 0.815435 0.411157 
-108.433 208.591 -214.986 0.425624 -0.818765 0.38534 
104.783 -204.601 -195.406 -0.424336 0.828569 0.365281 
-101.996 180.329 -173.514 0.459152 -0.811782 0.360842 
86.3222 -188.24 -156.744 -0.392757 0.856475 0.334979 
-85.5049 107.909 -124.62 0.574512 -0.725049 0.379812 
33.5208 -227.077 -138.667 -0.139876 0.94755 0.287405 
-54.1924 4.15245 -90.1928 0.85931 -0.065844 0.507216 
-89.0213 96.7778 -158.662 0.613448 -0.666898 0.423022 
-75.7799 203.974 -201.272 0.325383 -0.87582 0.356487 
135.687 89.7206 -244.918 -0.697444 -0.461173 0.548552 
-96.5248 -43.2365 -242.269 0.667399 0.298949 0.682074 
43.8221 -96.4301 -187.188 -0.327028 0.719623 0.612547 
14.4345 95.5968 -176.772 -0.11958 -0.79195 0.598777 
16.5339 -45.5755 -175.103 -0.242872 0.669475 0.702021 
-36.9258 84.2476 -198.364 0.312974 -0.714062 0.626243 
61.0714 -146.005 -227.936 -0.331823 0.7933 0.510477 
-84.2155 182.066 -236.159 0.37319 -0.806802 0.458057 
111.235 -190.333 -232.894 -0.456606 0.781296 0.425564 
-81.6069 245.901 -215.575 0.293656 -0.884857 0.36168 
125.01 -90.2888 -188.897 -0.715814 0.516997 0.469407 
-39.0614 268.956 -195.745 0.135123 -0.930387 0.340792 
9.4775 -230.966 -225.146 -0.0377272 0.919407 0.391516 
-119.042 108.279 -249.504 0.619855 -0.563812 0.545814 
15.7961 -243.107 -212.856 -0.059815 0.920573 0.385987 
-100.056 125.722 -246.818 0.530741 -0.66689 0.523058 
97.0331 -90.5417 -238.596 -0.581704 0.542789 0.605821 
-67.0798 240.242 -226.904 0.248769 -0.890951 0.379918 
128.445 -152.911 -228.869 -0.573694 0.68297 0.452155 
-34.6684 276.203 -206.998 0.117239 -0.934046 0.337387 
125.528 -34.9098 -207.749 -0.809661 0.225169 0.542002 
-78.1171 -214.888 -233.396 0.312078 0.858476 0.406993 
-122.859 -16.1076 -250.771 0.776598 0.101817 0.621729 
40.3159 140.837 -218.541 -0.236899 -0.827566 0.50895 
79.8197 -19.6758 -244.599 -0.679362 0.167465 0.714451 
-66.0397 21.3349 -226.148 0.622959 -0.201254 0.755935 
-8.92738 -145.958 -184.769 0.0524491 0.857515 0.511795 
3.21281 61.0287 -160.933 -0.0393102 -0.746714 0.663996 
26.9649 -49.099 -190.255 -0.341356 0.621557 0.705096 
-34.7114 108.52 -198.716 0.249377 -0.77964 0.574449 
74.2949 -135.988 -236.234 -0.408055 0.746896 0.525029 
-55.7168 191.647 -222.689 0.249487 -0.858151 0.448721 
127.568 -106.644 -243.058 -0.655196 0.54773 0.520315 
-86.6438 177.835 -224.495 0.387123 -0.794565 0.467782 
112.956 -163.734 -238.491 -0.506036 0.733519 0.453757 
-76.4033 202.273 -222.832 0.318208 -0.842434 0.434817 
125.792 -121.81 -236.978 -0.625344 0.605545 0.492217 
-110.887 137.585 -235.293 0.536569 -0.66576 0.518532 
115.567 -180.013 -219.66 -0.492736 0.767508 0.410074 
-59.203 253.145 -213.311 0.211771 -0.905506 0.367737 
129.088 -76.0762 -223.814 -0.734903 0.433106 0.521877 
-132.108 -37.7757 -248.825 0.75625 0.216246 0.617528 
3.26766 -192.631 -187.065 -0.0151994 0.896021 0.443772 
54.6011 39.8543 -205.384 -0.527832 -0.385274 0.756951 
-26.9003 32.6746 -165.86 0.387011 -0.470085 0.79326 
-11.3357 -72.7797 -155.059 0.114781 0.736942 0.666152 
-0.686745 21.8785 -132.782 0.0190985 -0.608444 0.793378 
10.6106 -30.0108 -154.747 -0.215099 0.608381 0.763952 
-20.8246 73.0221 -179.265 0.210076 -0.736638 0.642846 
47.2393 -110.999 -215.659 -0.322252 0.7572 0.568173 
-68.2233 162.261 -230.32 0.33822 -0.804415 0.488407 
109.11 -172.878 -240.293 -0.475004 0.752619 0.456019 
-62.7625 249.361 -220.674 0.226524 -0.899999 0.372433 
131.005 -62.0773 -208.925 -0.773038 0.366307 0.517927 
-133.974 99.0144 -234.835 0.674329 -0.498366 0.544912 
90.7275 -215.011 -190.51 -0.364803 0.864531 0.34572 
-89.3209 237.646 -199.689 0.329616 -0.876973 0.349699 
102.7 -58.7648 -148.488 -0.765591 0.438071 0.471149 
-89.9792 229.759 -189.854 0.340059 -0.86833 0.361083 
95.8781 -210.134 -217.95 -0.384136 0.841902 0.379023 
-96.402 205.086 -225.778 0.385364 -0.819823 0.423559 
127.701 -92.2943 -206.554 -0.709217 0.512576 0.48404 
-130.171 128.713 -230.913 0.612799 -0.605936 0.507284 
109.555 -164.684 -188.79 -0.510739 0.767744 0.386952 
-60.3365 262.902 -201.914 0.209986 -0.914965 0.34462 
125.704 -79.8913 -212.555 -0.728631 0.463084 0.504646 
-134.962 -71.5587 -246.904 0.721104 0.382339 0.577792 
90.125 -96.0613 -225.169 -0.545369 0.581291 0.603896 
-18.6928 219.853 -222.047 0.0773316 -0.909528 0.408407 
126.588 -85.3476 -248.957 -0.687747 0.463691 0.558582 
-60.1107 195.647 -214.311 0.263071 -0.856237 0.4446 
72.3633 -174.68 -236.46 -0.339468 0.819451 0.461821 
-70.719 179.514 -226.881 0.324235 -0.823043 0.466358 
127.677 -124.149 -238.506 -0.623747 0.606511 0.493054 
-69.893 212.724 -217.855 0.283129 -0.861722 0.421059 
109.579 -154.64 -242.152 -0.510051 0.719797 0.470913 
-89.8773 164.831 -229.327 0.418212 -0.766984 0.486674 
122.323 -150.202 -233.806 -0.561268 0.689185 0.45828 
-72.4226 218.319 -219.041 0.286723 -0.864333 0.413201 
122.46 -128.886 -238.646 -0.601299 0.632847 0.487813 
-113.059 121.745 -238.261 0.572042 -0.615988 0.541613 
107.12 -202.132 -218.27 -0.431223 0.813702 0.389811 
-67.9649 255.159 -213.665 0.24017 -0.901662 0.359642 
122.935 -45.1398 -192.62 -0.802021 0.294489 0.51967 
-142.931 -35.5566 -240.178 0.783853 0.194997 0.589549 
-57.2496 -210.688 -197.069 0.237399 0.873668 0.424693 
71.6842 -81.1656 -201.757 -0.50554 0.572407 0.645599 
51.3385 97.1254 -200.294 -0.365726 -0.691903 0.622521 
-14.9951 -15.7279 -164.072 0.366631 0.384548 0.847185 
-4.24717 0.0810591 -146.749 -0.353282 0.00674256 0.935502 
-4.55097 7.1913 -133.877 0.249565 -0.394355 0.884432 
3.03242 -40.8217 -134.176 -0.0485739 0.65389 0.75504 
-3.14812 31.6776 -137.313 0.0635087 -0.639049 0.766551 
10.3332 -39.7229 -155.427 -0.171849 0.660626 0.730793 
-23.555 73.6733 -184.241 0.233824 -0.731335 0.640697 
52.0714 -118.184 -219.539 -0.334915 0.760137 0.556813 
-73.8353 170.502 -233.216 0.349506 -0.807086 0.475895 
108.797 -181.527 -237.936 -0.460776 0.768797 0.443457 
-74.4154 247.018 -220.096 0.268078 -0.889874 0.369156 
129.187 -80.7812 -199.735 -0.739119 0.462173 0.490017 
-81.1023 233.593 -207.802 0.302984 -0.872662 0.382988 
94.853 -199.783 -233.239 -0.390817 0.823156 0.41194 
-86.4346 193.9 -227.944 0.364726 -0.818195 0.444465 
130.383 -110.695 -225.255 -0.666065 0.565488 0.486413 
-109.214 169.168 -228.261 0.478829 -0.741686 0.469725 
122.687 -148.522 -218.105 -0.572765 0.693374 0.437253 
-90.5531 213.523 -219.726 0.355566 -0.838421 0.413088 
127.039 -117.935 -223.816 -0.644387 0.59821 0.47637 
-127.521 106.664 -238.738 0.642441 -0.537366 0.546375 
96.1542 -216.138 -201.034 -0.3796 0.853273 0.357556 
-86.8821 242.268 -204.743 0.315908 -0.880902 0.352464 
108.818 -60.5398 -158.827 -0.767937 0.427235 0.477243 
-100.283 217.185 -197.294 0.387753 -0.839763 0.380083 
111.306 -174.82 -213.096 -0.49134 0.771709 0.403816 
-111.127 181.268 -227.327 0.46702 -0.761794 0.448977 
123.916 -112.585 -200.821 -0.659024 0.598765 0.455176 
-114.932 182.681 -221.04 0.478205 -0.760089 0.440004 
121.527 -120.869 -200.254 -0.634988 0.63155 0.444919 
-123.951 160.085 -225.266 0.54174 -0.69967 0.46583 
116.469 -124.763 -187.516 -0.617128 0.661075 0.426791 
-99.8744 217.404 -210.741 0.383623 -0.835061 0.394367 
123.458 -110.205 -206.39 -0.661065 0.590102 0.463455 
-138.566 73.2829 -237.523 0.727927 -0.384975 0.567393 
49.3162 -263.315 -188.714 -0.174886 0.933774 0.312249 
-121.278 82.1803 -176.562 0.731615 -0.495757 0.467954 
-1.88232 -279.355 -185.588 0.00638218 0.947178 0.320674 
83.7072 175.479 -234.103 -0.379398 -0.79535 0.472751 
40.9589 -92.1562 -214.853 -0.328006 0.738003 0.589731 
-68.6207 47.2027 -228.92 0.582353 -0.400588 0.707398 
6.89658 -181.302 -204.248 -0.0337889 0.888264 0.458108 
-71.0187 108.588 -236.39 0.450529 -0.688862 0.567901 
64.7515 -121.409 -219.385 -0.389675 0.730642 0.560655 
-90.5418 174.208 -240.49 0.40898 -0.786902 0.462102 
63.7121 -217.788 -224.885 -0.255456 0.873226 0.415013 
-133.109 86.7066 -230.417 0.716272 -0.466577 0.518921 
117.023 -134.296 -234.386 -0.562006 0.644959 0.517876 
-113.102 184.178 -214.611 0.479702 -0.781159 0.399618 
62.2646 -254.21 -212.408 -0.221534 0.904464 0.364534 
-128.388 68.5552 -217.273 0.752579 -0.401854 0.521686 
133.611 59.9489 -247.987 -0.73385 -0.329265 0.594194 
-67.1962 146.011 -207.564 0.357349 -0.776486 0.519027 
-14.9344 -145.938 -201.384 0.0879376 0.859324 0.503832 
-71.8662 66.2802 -238.27 0.557845 -0.514485 0.651254 
64.0676 -83.6883 -218.369 -0.468629 0.612146 0.636932 
-53.8794 194.331 -227.983 0.239802 -0.864916 0.440945 
115.251 -153.166 -243.318 -0.527142 0.700558 0.480996 
-45.5773 255.401 -218.065 0.163299 -0.915075 0.368768 
131.379 -49.7974 -221.167 -0.785371 0.297683 0.542767 
-132.272 -42.9378 -248.482 0.750959 0.243774 0.61372 
9.03484 -190.318 -186.911 -0.042429 0.893765 0.446545 
53.15 44.9426 -203.956 -0.507874 -0.429448 0.746764 
-26.4235 19.9041 -171.955 0.440231 -0.331616 0.834413 
-8.93699 -80.7351 -155.667 0.0840786 0.75955 0.645005 
0.460465 27.442 -135.207 -0.0105502 -0.628752 0.777546 
9.60555 -27.7757 -153.062 -0.208669 0.603393 0.76967 
-20.7065 69.8999 -178.099 0.215625 -0.727896 0.650916 
44.7221 -110.066 -213.326 -0.309474 0.761649 0.569328 
-70.1682 158.337 -231.521 0.352272 -0.794915 0.493996 
102.927 -182.707 -238.928 -0.439036 0.779338 0.447099 
-81.9262 237.305 -223.476 0.301868 -0.874383 0.379931 
130.341 -108.539 -205.234 -0.679829 0.566113 0.466225 
-28.1636 271.058 -200.162 0.0970289 -0.933846 0.34429 
31.3195 -217.985 -227.116 -0.130029 0.905007 0.405058 
-103.062 144.735 -243.255 0.499661 -0.701699 0.507913 
80.7914 -236.373 -225.099 -0.299038 0.874901 0.380975 
-130.281 135.909 -214.077 0.618507 -0.645228 0.448496 
18.3012 -279.313 -201.416 -0.0616287 0.940578 0.333966 
-114.407 143.637 -238.852 0.548892 -0.689132 0.473109 
119.915 -67.5841 -245.922 -0.689174 0.38842 0.611708 
-20.5876 276.185 -214.405 0.0698732 -0.937357 0.341317 
131.27 -30.4364 -212.398 -0.815932 0.189183 0.546336 
-135.745 -41.5303 -246.637 0.759912 0.23249 0.607042 
-16.8921 -200.866 -187.941 0.0754757 0.89749 0.434549 
65.6489 5.62523 -212.17 -0.619656 -0.0530961 0.783087 
32.8968 113.052 -170.851 -0.225462 -0.774815 0.590632 
-25.2599 -6.74632 -171.156 0.464502 0.124057 0.87685 
9.93538 -43.8151 -127.309 -0.141541 0.624194 0.768352 
8.87882 31.2891 -128.179 -0.153921 -0.542419 0.825898 
0.178049 4.94742 -106.767 0.0126626 0.351855 0.935978 
-1.6859 6.64424 -116.082 0.110521 -0.435572 0.893353 
2.45177 -21.5705 -123.066 -0.0632095 0.556111 0.828711 
-2.96377 24.3458 -129.908 0.0721011 -0.592272 0.802517 
6.26066 -32.1093 -142.69 -0.123957 0.635742 0.761896 
-13.3654 52.3596 -164.026 0.178202 -0.698112 0.693471 
31.1092 -86.8474 -196.386 -0.266538 0.744091 0.61262 
-61.9119 134.451 -226.952 0.354536 -0.769927 0.530599 
83.0581 -183.799 -236.03 -0.366615 0.811282 0.455448 
-109.398 192.434 -233.366 0.447306 -0.78682 0.425264 
87.7905 -239.29 -216.269 -0.320499 0.87358 0.366272 
-124.948 112.531 -191.13 0.664595 -0.598547 0.447295 
13.6192 -280.118 -193.114 -0.0459026 0.944119 0.326421 
-29.8421 231.506 -227.355 0.117791 -0.913787 0.388762 
107.678 -145.867 -243.671 -0.513196 0.695205 0.503326 
-80.2866 240.707 -222.639 0.2935 -0.879942 0.373601 
130.22 -129.495 -209.824 -0.63323 0.629707 0.450008 
-15.1279 279.839 -199.654 0.0509106 -0.941758 0.332443 
97.2771 -178.514 -238.227 -0.429614 0.78839 0.44033 
-102.481 136.225 -236.86 0.511212 -0.679539 0.52622 
115.604 -182.243 -225.14 -0.487047 0.767802 0.416273 
-54.64 256.578 -213.994 0.19396 -0.910795 0.364486 
129.285 -61.5498 -220.101 -0.764633 0.364024 0.531828 
-130.525 -72.5983 -248.724 0.707985 0.393784 0.586267 
88.5583 -72.8222 -227.402 -0.588624 0.48403 0.647498 
-8.49132 223.829 -220.015 0.034659 -0.913605 0.405145 
126.243 -60.3345 -249.098 -0.73278 0.350213 0.58344 
-107.468 77.0017 -240.919 0.639293 -0.458058 0.617661 
45.579 -260.21 -221.386 -0.161063 0.919508 0.358584 
-136.327 94.6509 -224.34 0.709889 -0.492871 0.503144 
31.4166 -257.144 -205.071 -0.11288 0.923918 0.365584 
-19.1099 196.955 -222.008 0.0871869 -0.898586 0.430068 
102.927 -121.129 -246.513 -0.543685 0.639829 0.543179 
-39.5014 239.823 -220.237 0.149728 -0.909034 0.388917 
132.011 -62.0169 -235.182 -0.75533 0.354844 0.550982 
-126.068 15.3691 -247.942 0.75933 -0.0925706 0.644101 
-61.4342 -223.819 -212.518 0.241334 0.879238 0.410751 
65.6968 62.415 -219.97 -0.524275 -0.498085 0.690699 
-32.227 0.164726 -191.752 0.526829 -0.00269285 0.849977 
9.72889 -67.9057 -144.197 -0.104115 0.726702 0.67903 
6.86576 39.7394 -138.441 -0.109873 -0.635949 0.763881 
1.77317 -10.6383 -127.119 -0.0895151 0.537053 0.838796 
-9.12352 31.3643 -148.289 0.179978 -0.618717 0.764732 
15.154 -63.081 -169.501 -0.174411 0.726014 0.665209 
-36.9288 94.4682 -204.243 0.291853 -0.746596 0.597858 
63.5752 -144.851 -227.741 -0.344627 0.785209 0.514488 
-95.8581 179.28 -239.506 0.41949 -0.784559 0.456633 
86.8918 -226.79 -227.354 -0.328952 0.858575 0.393266 
-129.396 136.765 -212.504 0.61532 -0.650358 0.445459 
20.482 -278.336 -201.525 -0.0691413 0.939583 0.335293 
-111.405 151.668 -239.117 0.523863 -0.713197 0.465763 
116.63 -87.1981 -243.928 -0.646676 0.483484 0.589975 
-61.8434 260.058 -216.145 0.216868 -0.911953 0.348322 
132.8 -121.172 -212.644 -0.655012 0.597661 0.462361 
-7.65561 280.358 -199.493 0.0257437 -0.942766 0.332488 
77.3877 -198.254 -235.774 -0.329467 0.844039 0.423163 
-89.5829 160.805 -232.758 0.423599 -0.760378 0.492349 
124.977 -149.381 -230.612 -0.571497 0.683094 0.454744 
-53.5648 243.115 -213.635 0.198752 -0.902078 0.383105 
116.782 -133.401 -242.236 -0.573828 0.65549 0.490992 
-112.259 100.599 -241.332 0.609111 -0.545841 0.575378 
84.7355 -237.562 -219.618 -0.312627 0.876472 0.366167 
-112.599 202.116 -217.756 0.44694 -0.802264 0.39577 
107.438 -191.434 -190.703 -0.454688 0.810164 0.370016 
-88.3988 215.591 -176.895 0.357251 -0.871279 0.336545 
96.4435 -94.3249 -137.952 -0.650819 0.636522 0.413874 
-4.09951 266.39 -162.447 0.0146988 -0.955143 0.295809 
58.7203 -249.106 -218.976 -0.214852 0.911454 0.350869 
-106.661 185.936 -233.442 0.445501 -0.776616 0.445437 
125.218 -134.441 -203.555 -0.613316 0.65849 0.436179 
-37.7157 270.478 -201.974 0.129691 -0.930078 0.343734 
99.322 -179.372 -237.732 -0.435456 0.786419 0.43811 
-99.6756 149.6 -234.604 0.478087 -0.717547 0.506534 
121.518 -163.005 -225.92 -0.538297 0.722078 0.434577 
-55.0032 248.621 -213.527 0.200209 -0.90497 0.375452 
125.11 -109.029 -237.264 -0.650022 0.566469 0.506559 
-124.667 42.5184 -247.125 0.73495 -0.250659 0.630109 
-30.5707 -265.197 -213.65 0.106886 0.92722 0.358967 
-101.196 121.813 -246.666 0.543909 -0.654718 0.524906 
104.783 -34.3878 -246.355 -0.702375 0.230506 0.673464 
29.7036 216.523 -209.862 -0.123404 -0.899548 0.419049 
2.26658 -109.886 -191.115 -0.0172163 0.834659 0.550514 
-67.9145 78.1608 -232.25 0.506016 -0.582358 0.636258 
31.5616 -166.223 -206.325 -0.163586 0.861542 0.480629 
-87.2046 124.297 -243.633 0.484298 -0.690293 0.537558 
62.7585 -156.192 -218.724 -0.322518 0.802673 0.501713 
-104.289 151.682 -244.678 0.495294 -0.720373 0.485555 
60.4173 -199.777 -219.522 -0.260056 0.859903 0.439266 
-119.192 123.396 -244.805 0.59859 -0.6197 0.507621 
99.2744 -139.548 -233.305 -0.494068 0.6945 0.523053 
-113.464 181.497 -230.243 0.480121 -0.768001 0.423883 
59.2493 -243.701 -217.094 -0.218344 0.898078 0.381837 
-129.988 78.364 -228.776 0.72841 -0.439125 0.525933 
130.634 5.71286 -248.427 -0.771583 -0.0337427 0.635247 
58.9064 202.639 -204.112 -0.250844 -0.862909 0.43873 
-72.6851 14.4189 -217.098 0.636282 -0.126223 0.761072 
-45.2927 -137.681 -195.683 0.262996 0.799454 0.540115 
24.1489 27.4243 -174.056 -0.388902 -0.441651 0.808528 
0.497931 0.0883015 -150.734 0.368782 0.0653986 0.927222 
4.30326 -5.72476 -135.593 -0.26987 0.359016 0.893474 
-2.85117 41.3949 -132.963 0.0449416 -0.652487 0.756478 
2.16115 -29.9529 -134.312 -0.0453521 0.628566 0.776444 
-8.32447 33.9992 -149.461 0.157208 -0.642076 0.750361 
19.0352 -64.2409 -175.762 -0.212716 0.717884 0.662882 
-42.8748 105.847 -210.786 0.3065 -0.756669 0.577518 
70.5226 -155.632 -231.995 -0.357983 0.790012 0.497742 
-97.6295 188.097 -237.94 0.412983 -0.795672 0.443136 
95.6391 -222.42 -225.723 -0.363503 0.84537 0.391449 
-123.296 163.03 -208.095 0.548747 -0.72559 0.415227 
43.7071 -275.142 -196.427 -0.148477 0.934682 0.323021 
-111.877 20.3752 -174.98 0.835932 -0.152241 0.527312 
43.03 257.893 -219.243 -0.154434 -0.925572 0.345664 
135.083 -59.0663 -246.737 -0.7484 0.327244 0.576911 
-5.15812 235.117 -203.499 0.0201585 -0.918864 0.394082 
-25.5272 -126.69 -200.714 0.166689 0.827271 0.536521 
-55.7441 52.0641 -227.126 0.528072 -0.49321 0.691304 
56.4746 -63.8265 -213.979 -0.483968 0.546971 0.683093 
-33.3287 182.477 -217.43 0.159945 -0.875712 0.455592 
118.451 -105.804 -249.718 -0.625995 0.559161 0.543588 
-51.9321 199.057 -213.458 0.226707 -0.868972 0.439898 
81.9137 -160.414 -240.083 -0.398784 0.78095 0.480734 
-68.2668 172.099 -223.807 0.323951 -0.81667 0.477623 
121.869 -131.808 -242.609 -0.590416 0.638564 0.493622 
-74.3725 197.146 -220.937 0.316599 -0.839238 0.442111 
115.157 -146.877 -241.763 -0.542391 0.691791 0.476713 
-89.8739 170.576 -228.212 0.409456 -0.777126 0.477953 
122.381 -148.088 -234.039 -0.565443 0.68422 0.460581 
-79.2841 208.879 -221.102 0.321262 -0.846386 0.424781 
123.729 -130.442 -236.356 -0.602977 0.635691 0.48201 
-111.449 136.989 -235.754 0.539445 -0.66307 0.518995 
115.807 -179.485 -218.537 -0.494704 0.766727 0.409164 
-58.2335 254.975 -212.645 0.20728 -0.907572 0.365192 
128.946 -74.8023 -223.103 -0.737621 0.427899 0.522337 
-131.941 -45.5716 -248.909 0.747784 0.258279 0.611661 
29.3024 -180.852 -190.795 -0.141981 0.876295 0.460398 
42.7174 74.911 -195.509 -0.368088 -0.645494 0.669229 
-3.88309 -9.05357 -139.554 0.209252 0.487879 0.84747 
-0.721693 1.1915 -138.158 0.245618 -0.40551 0.880484 
10.4259 -39.1782 -148.177 -0.171059 0.642798 0.746704 
-10.0564 59.9199 -161.969 0.122511 -0.729968 0.672425 
29.411 -78.5668 -194.098 -0.272418 0.72772 0.629468 
-54.806 129.505 -221.1 0.32833 -0.775835 0.538792 
89.6707 -169.582 -239.601 -0.411839 0.778855 0.473065 
-82.9001 221.228 -229.739 0.320967 -0.856535 0.40416 
130.586 -136.359 -219.62 -0.616136 0.643379 0.454377 
-22.6828 273.746 -204.736 0.0775357 -0.935735 0.344102 
104.756 -159.127 -241.061 -0.487045 0.739835 0.464164 
-107.229 112.714 -239.944 0.570679 -0.599872 0.560801 
97.708 -218.883 -223.1 -0.376341 0.84307 0.384212 
-89.5535 236.541 -217.701 0.328581 -0.867894 0.372576 
123.099 -91.8242 -185.783 -0.709847 0.529501 0.464504 
-44.505 267.057 -195.619 0.154503 -0.927111 0.341484 
25.4437 -235.169 -226.687 -0.0992464 0.917308 0.385635 
-113.711 138.263 -245.479 0.546807 -0.66487 0.508888 
55.2079 -256.716 -219.57 -0.195859 0.91074 0.363607 
-131.879 60.1471 -209.906 0.776828 -0.354293 0.520607 
130.709 -116.142 -232.838 -0.635761 0.564908 0.526027 
-103.786 190.087 -194.028 0.445253 -0.81549 0.369788 
65.6374 -261.231 -203.73 -0.228825 0.910706 0.343906 
-116.579 37.679 -183.412 0.812654 -0.262655 0.520216 
120.433 171.405 -235.098 -0.514097 -0.731682 0.447621 
96.4079 -92.0561 -246.872 -0.594048 0.567232 0.570415 
-73.5426 -106.703 -235.286 0.462502 0.671044 0.579491 
-36.9717 41.3212 -211.882 0.466617 -0.521511 0.714362 
47.6697 22.4155 -218.491 -0.5717 -0.268828 0.775183 
-23.6462 -8.68939 -190.424 0.497281 0.182739 0.848137 
14.7373 -7.55779 -171.307 -0.433922 0.222529 0.873047 
-7.92797 62.8117 -147.344 0.0911603 -0.722245 0.685616 
0.972899 -45.3089 -145.021 -0.0148842 0.693171 0.720632 
-12.4748 41.1168 -162.031 0.200606 -0.661194 0.722909 
29.753 -83.0041 -192.841 -0.264086 0.736742 0.622485 
-60.0731 131.968 -226.19 0.350324 -0.769589 0.533877 
77.7513 -182.162 -234.176 -0.348746 0.817071 0.459117 
-115.319 177.219 -235.793 0.489458 -0.752184 0.441212 
62.3354 -258.038 -216.181 -0.219239 0.907544 0.358212 
-126.644 51.2808 -197.094 0.793287 -0.321218 0.517235 
140.856 -61.4412 -234.983 -0.750755 0.327479 0.573709 
-32.9458 270.467 -185.622 0.115161 -0.94541 0.304887 
115.08 -46.5846 -166.493 -0.803532 0.325271 0.498551 
-84.9143 235.203 -195.645 0.316019 -0.875337 0.365972 
61.9469 -242.728 -225.465 -0.229995 0.901195 0.36738 
-101.054 193.165 -233.493 0.416754 -0.796627 0.437858 
126.734 -140.7 -209.865 -0.601847 0.668173 0.437429 
-31.3326 273.15 -203.043 0.107085 -0.933543 0.342123 
108.902 -158.641 -239.166 -0.502728 0.732341 0.459302 
-111.792 110.59 -240.829 0.588963 -0.582631 0.560073 
96.2001 -222.776 -219.431 -0.367335 0.850658 0.376117 
-93.6297 233.118 -215.566 0.346041 -0.861569 0.371446 
120.805 -100.085 -181.425 -0.687313 0.569427 0.450967 
-24.8828 276.491 -191.298 0.0846623 -0.940747 0.328399 
2.45322 -235.418 -225.112 -0.0096099 0.92219 0.386641 
-121.967 97.2166 -250.255 0.649548 -0.517737 0.556824 
13.0071 -234.459 -209.703 -0.0508689 0.916933 0.395809 
-55.7798 153.506 -229.361 0.2976 -0.818994 0.490612 
70.0981 -144.937 -226.288 -0.372242 0.769661 0.518725 
-114.004 158.624 -241.86 0.515674 -0.717502 0.468283 
46.8591 -236.389 -217.019 -0.178794 0.901956 0.393098 
-125.465 94.7741 -241.992 0.676065 -0.51069 0.531178 
120.335 -38.1956 -247.403 -0.730416 0.231842 0.642463 
35.9384 253.021 -214.67 -0.130379 -0.917922 0.374751 
57.3892 -151.302 -230.574 -0.308774 0.814058 0.491921 
-76.3164 121.1 -228.987 0.441808 -0.701067 0.559758 
99.596 -187.987 -238.342 -0.420826 0.794309 0.438173 
-69.4367 236.607 -223.873 0.259451 -0.884084 0.388714 
132.317 -75.0865 -213.799 -0.748041 0.424494 0.510154 
-122.569 145.772 -229.526 0.560182 -0.666229 0.492294 
116.243 -161.898 -203.983 -0.532772 0.742022 0.406909 
-73.3352 245.409 -210.741 0.265825 -0.889556 0.371543 
127.303 -100.61 -222.351 -0.682423 0.539332 0.493393 
-134.706 20.3492 -245.777 0.774863 -0.117053 0.621211 
-64.7165 -243.732 -211.986 0.237134 0.893084 0.382344 
69.569 98.8686 -224.74 -0.456555 -0.648837 0.608758 
-12.3064 -34.1714 -161.296 0.224243 0.622657 0.749687 
-5.53902 8.84396 -157.059 0.294996 -0.47101 0.831351 
21.0235 -44.0286 -171.033 -0.293617 0.614909 0.731911 
-21.221 99.784 -188.585 0.169055 -0.794921 0.5827 
66.5405 -113.823 -231.298 -0.416576 0.712586 0.564538 
-49.7289 179.024 -219.198 0.236951 -0.85302 0.465004 
121.345 -113.082 -247.065 -0.622776 0.580366 0.524732 
-75.937 180.594 -221.661 0.343053 -0.815852 0.46553 
107.366 -161.059 -242.114 -0.490809 0.736261 0.465879 
-73.2564 193.573 -223.066 0.316565 -0.836495 0.447305 
123.75 -126.499 -240.012 -0.608386 0.621902 0.493074 
-100.589 156.851 -231.219 0.469087 -0.73146 0.494915 
120.037 -162.781 -228.258 -0.533694 0.723737 0.437486 
-68.7248 231.142 -217.293 0.26165 -0.880006 0.396418 
126.028 -113.435 -235.514 -0.644288 0.579909 0.498615 
-123.887 75.9434 -243.959 0.685229 -0.42005 0.59501 
44.9077 -272.525 -210.657 -0.153261 0.930071 0.333911 
-132.235 75.808 -203.32 0.751838 -0.431016 0.498981 
46.453 -259.159 -200.9 -0.164805 0.919436 0.357064 
-6.92599 218.565 -223.619 0.028946 -0.913456 0.40593 
116.411 -99.9172 -250.63 -0.628422 0.539386 0.560505 
-17.5317 227.702 -210.333 0.0702364 -0.912229 0.403636 
69.9582 -145.859 -235.991 -0.373738 0.779224 0.503138 
-70.6532 141.87 -224.621 0.379508 -0.762046 0.524669 
110.642 -160.576 -242.348 -0.501433 0.727733 0.467961 
-51.6459 227.332 -218.068 0.202645 -0.891993 0.404106 
125.06 -99.9109 -242.457 -0.664225 0.530654 0.526525 
-118.537 62.3058 -245.305 0.693805 -0.36468 0.621016 
13.0044 -275.36 -215.136 -0.0442949 0.937918 0.344042 
-131.492 25.483 -217.852 0.816682 -0.158271 0.554976 
124.573 105.018 -247.826 -0.637422 -0.537361 0.552227 
-75.7151 -52.874 -231.41 0.588937 0.411272 0.69572 
43.0379 -10.0612 -202.196 -0.559031 0.130688 0.818794 
5.6809 103.545 -161.939 -0.0441598 -0.804897 0.591785 
-6.48509 -36.5241 -142.442 0.113716 0.640448 0.759548 
-4.32875 14.0889 -139.848 0.170007 -0.553324 0.815443 
15.5021 -48.9983 -164.335 -0.212902 0.672932 0.708416 
-26.2044 89.0777 -191.283 0.224557 -0.763345 0.60572 
63.6805 -124.482 -228.503 -0.38128 0.745323 0.546934 
-66.5206 187.546 -229.274 0.297998 -0.840165 0.453142 
125.721 -140.103 -239.323 -0.585932 0.652962 0.479939 
-33.0298 250.953 -212.392 0.120934 -0.918828 0.375697 
109.981 -131.914 -245.494 -0.553409 0.663773 0.503151 
-106.672 91.315 -241.474 0.610218 -0.522371 0.595634 
69.1983 -248.235 -222.786 -0.249931 0.896577 0.365654 
-129.016 153.076 -222.451 0.577681 -0.685408 0.443304 
35.5322 -278.378 -202.552 -0.119555 0.936658 0.329235 
-121.008 26.7243 -195.41 0.823624 -0.181895 0.537192 
45.8798 246.876 -225.506 -0.170137 -0.915492 0.364618 
129.57 -49.5013 -250.915 -0.748004 0.28577 0.599035 
-31.1483 208.623 -203.887 0.133605 -0.894851 0.425923 
-0.178977 -139.921 -201.31 0.0011034 0.862618 0.505873 
-84.5604 79.0876 -243.712 0.571556 -0.534564 0.622562 
40.0222 -157.499 -204.931 -0.213855 0.841583 0.496007 
-62.3174 144.252 -231.152 0.341443 -0.790372 0.508671 
62.6708 -167.389 -223.889 -0.306993 0.819953 0.483167 
-121.995 131.957 -243.644 0.589284 -0.637404 0.496465 
55.3078 -217.852 -215.687 -0.223805 0.881547 0.415697 
-104.538 147.443 -244.627 0.505034 -0.712311 0.487413 
88.0301 -151.045 -229.936 -0.433537 0.74388 0.508631 
-117.125 164.12 -236.047 0.518978 -0.727211 0.449269 
59.5184 -230.921 -217.536 -0.228892 0.888064 0.398709 
-124.877 109.56 -239.937 0.646206 -0.566943 0.510893 
120.319 -71.6206 -244.583 -0.68327 0.406721 0.606414 
-34.2151 274.681 -213.837 0.11631 -0.933738 0.338561 
132.745 -54.0417 -208.152 -0.788776 0.321119 0.52415 
-120.044 158.108 -225.418 0.532234 -0.700997 0.474708 
116.904 -162.71 -209.173 -0.531697 0.74003 0.411912 
-84.6521 229.414 -215.637 0.318562 -0.863328 0.391409 
127.683 -100.664 -219.098 -0.684938 0.539997 0.489163 
-135.495 47.6291 -243.085 0.75335 -0.264816 0.601959 
-16.5061 -283.743 -204.466 0.0548986 0.943717 0.326194 
-125.73 20.3104 -217.669 0.81673 -0.131935 0.56175 
-55.348 211.4 -229.223 0.232553 -0.88823 0.396213 
116.814 -19.931 -251.216 -0.742292 0.126652 0.658012 
29.3557 201.05 -200.152 -0.129868 -0.889431 0.438253 
-41.4887 -60.5057 -196.128 0.401452 0.585463 0.704335 
3.11382 4.76543 -144.398 -0.269206 -0.411995 0.87052 
1.47743 -2.12388 -138.322 -0.262017 0.376663 0.888533 
-7.9854 40.5861 -142.604 0.128565 -0.65344 0.745993 
6.72049 -48.9362 -152.349 -0.0965151 0.702789 0.704833 
-20.0877 62.3593 -178.608 0.228805 -0.710292 0.665696 
44.702 -108.29 -211.826 -0.312353 0.756668 0.574376 
-75.1411 158.47 -234.625 0.372826 -0.786277 0.492734 
91.3756 -198.762 -235.414 -0.376785 0.819592 0.431647 
-114.108 193.231 -226.478 0.463141 -0.784284 0.412816 
84.2872 -244.77 -208.708 -0.304649 0.884698 0.352869 
-119.706 90.7403 -177.362 0.708432 -0.53701 0.457998 
22.9003 -276.478 -189.312 -0.0780143 0.941876 0.326804 
26.9473 227.478 -225.121 -0.107893 -0.91079 0.398545 
122.693 -40.4284 -252.39 -0.749507 0.246968 0.614218 
-99.6102 72.2964 -238.363 0.62551 -0.453991 0.634544 
35.3922 -253.084 -222.996 -0.128631 0.919825 0.370667 
-136.24 78.1525 -232.007 0.735693 -0.422022 0.529785 
78.7719 -209.06 -216.747 -0.319406 0.847703 0.423553 
-91.1 188.397 -238.268 0.391936 -0.810534 0.435246 
76.1911 -193.276 -226.254 -0.328022 0.832103 0.447241 
-129.728 112.185 -233.76 0.656304 -0.567553 0.497158 
103.946 -165.88 -229.303 -0.466173 0.743931 0.478818 
-121.318 157.071 -225.306 0.54939 -0.711294 0.438462 
80.3797 -220.088 -219.294 -0.31315 0.857437 0.408359 
-126.798 117.631 -231.026 0.640344 -0.594052 0.486908 
124.411 -98.4851 -240.928 -0.647905 0.512886 0.563192 
-85.7276 236.602 -207.396 0.319052 -0.88056 0.350482 
109.445 -207.177 -208.16 -0.432027 0.817815 0.380195 
-109.16 158.003 -175.119 0.525176 -0.760166 0.382566 
54.5331 -253.346 -173.388 -0.200157 0.929877 0.308681 
-79.2241 14.1465 -118.904 0.849348 -0.151662 0.505593 
132.654 141.994 -209.205 -0.61233 -0.655444 0.442112 
-72.6493 -194.144 -233.725 0.314373 0.840114 0.442036 
-103.769 2.84535 -252.196 0.747824 -0.0205053 0.663593 
23.4239 116.645 -205.329 -0.166058 -0.826925 0.53725 
70.1349 -22.7242 -237.902 -0.647385 0.209758 0.732743 
-53.0023 66.4317 -207.226 0.457205 -0.573049 0.680144 
26.0486 -168.782 -212.561 -0.134479 0.871357 0.471879 
-110.145 104.529 -250.372 0.602742 -0.572007 0.556353 
47.9686 -190.676 -212.179 -0.21779 0.865721 0.45068 
-80.4992 154.122 -239.876 0.403345 -0.772235 0.490901 
65.9299 -169.904 -222.726 -0.317218 0.817485 0.480738 
-119.915 133.212 -243.794 0.581222 -0.645673 0.495284 
71.9332 -196.611 -220.548 -0.308017 0.841887 0.443136 
-114.236 145.965 -242.598 0.540745 -0.690938 0.47981 
88.6019 -169.619 -227.995 -0.406241 0.777706 0.479749 
-121.662 149.288 -235.062 0.560562 -0.687848 0.461143 
77.4571 -209.539 -220.9 -0.313966 0.849351 0.424319 
-123.386 130.035 -237.286 0.602295 -0.63475 0.484098 
110.896 -135.594 -235.951 -0.540122 0.660419 0.521664 
-115.073 181.897 -219.355 0.488081 -0.771516 0.408115 
58.3075 -255.115 -212.994 -0.207433 0.90759 0.36506 
-128.983 70.018 -221.18 0.748097 -0.406101 0.524833 
132.015 55.8374 -248.753 -0.735486 -0.311084 0.601918 
-60.23 151.798 -203.47 0.31749 -0.800172 0.508864 
-20.5572 -129.452 -196.464 0.132712 0.835707 0.532916 
-47.8501 62.3951 -218.909 0.452655 -0.590249 0.668377 
51.807 -82.3088 -208.932 -0.409481 0.650568 0.639613 
-53.4901 172.662 -226.219 0.26124 -0.843261 0.469768 
104.485 -161.236 -242.779 -0.47744 0.736758 0.478808 
-65.5387 243.247 -223.328 0.240639 -0.893132 0.380035 
133.079 -77.7401 -213.752 -0.74406 0.434654 0.507414 
-105.815 188.314 -221.209 0.439716 -0.782541 0.440792 
119.319 -158.914 -223.3 -0.541149 0.720726 0.433277 
-98.8324 194.034 -225.217 0.407888 -0.800791 0.438611 
127.433 -118.63 -218.593 -0.646434 0.601776 0.469048 
-120.354 149.148 -231.433 0.547303 -0.678242 0.490372 
118.747 -152.073 -203.026 -0.559739 0.716828 0.415773 
-72.1668 246.28 -209.649 0.261215 -0.891438 0.370301 
125.897 -115.004 -226.466 -0.646465 0.590533 0.483085 
-131.848 49.4723 -244.968 0.742763 -0.2787 0.608808 
-15.6846 -281.53 -208.215 0.0524446 0.941355 0.333343 
-127.02 27.8956 -225.743 0.804329 -0.176644 0.567336 
-9.49364 223.272 -226.147 0.0391401 -0.920498 0.388805 
107.74 -76.2872 -248.38 -0.64481 0.456568 0.613011 
-9.75531 248.474 -216.482 0.0362923 -0.924388 0.379746 
123.201 -65.1919 -246.461 -0.723656 0.382923 0.574204 
-110.45 -42.3723 -249.697 0.704943 0.27044 0.655695 
61.853 -93.1863 -206.37 -0.433555 0.653184 0.620805 
-0.0105047 151.5 -201.357 6.0299e-005 -0.869642 0.493701 
85.8141 -79.6352 -245.155 -0.57679 0.535259 0.617114 
-63.9602 118.609 -216.571 0.391063 -0.725198 0.566723 
75.7828 -178.553 -236.567 -0.347034 0.817651 0.459383 
-75.7288 202.19 -230.247 0.316066 -0.84387 0.433593 
131.897 -121.518 -229.296 -0.644583 0.593857 0.481523 
-46.7108 246.902 -210.178 0.172071 -0.909525 0.378384 
84.6338 -179.06 -239.226 -0.381552 0.807253 0.45031 
-80.5231 167.343 -228.562 0.379369 -0.788402 0.484271 
124.694 -139.49 -236.646 -0.586841 0.656475 0.474001 
-67.5652 219.185 -217.709 0.26831 -0.870414 0.412803 
116.024 -141.033 -241.888 -0.556464 0.676413 0.482526 
-102.341 140.467 -234.58 0.503048 -0.690453 0.519842 
116.298 -177.498 -226.791 -0.496787 0.758213 0.422295 
-57.4374 248.465 -215.229 0.208754 -0.903036 0.375455 
129.28 -82.1694 -229.55 -0.719238 0.457142 0.523197 
-130.076 -11.4543 -248.881 0.769217 0.0677363 0.635401 
-49.9936 -198.613 -199.342 0.218783 0.869175 0.443494 
68.5077 -11.4229 -213.741 -0.626515 0.104465 0.772388 
42.629 127.983 -190.113 -0.262096 -0.786881 0.558697 
-23.7604 -20.4531 -173.478 0.416426 0.358462 0.835531 
6.03203 -2.14064 -152.715 -0.38079 0.135134 0.914744 
-6.28125 39.8357 -129.267 0.0990721 -0.628315 0.771637 
-1.90346 -31.6262 -128.67 0.0366202 0.608449 0.792759 
-2.51 16.0632 -128.289 0.0871616 -0.557805 0.825393 
7.92654 -32.434 -145.947 -0.154087 0.630495 0.760757 
-14.5291 58.6596 -167.532 0.177079 -0.714938 0.676405 
34.8627 -91.874 -201.511 -0.283061 0.745952 0.602868 
-63.5744 141.393 -227.89 0.350347 -0.779192 0.519745 
90.7616 -182.73 -238.152 -0.39631 0.79789 0.454234 
-98.151 213.125 -229.798 0.382475 -0.830505 0.40496 
117.825 -186.213 -214.498 -0.489476 0.773576 0.402506 
-74.596 252.777 -198.271 0.266626 -0.903493 0.335602 
108.592 -55.6313 -157.525 -0.779702 0.39944 0.482214 
-95.5612 223.341 -195.198 0.364981 -0.853014 0.37306 
101.788 -199.667 -218.265 -0.41855 0.821029 0.388259 
-97.7458 201.982 -225.637 0.393819 -0.81379 0.427398 
127.73 -96.9101 -208.528 -0.698422 0.529902 0.48107 
-129.781 127.903 -231.694 0.612879 -0.604007 0.509483 
109.547 -167.247 -189.994 -0.505477 0.771719 0.385954 
-59.4216 263.716 -202.087 0.206409 -0.916052 0.343892 
125.463 -74.497 -210.88 -0.740291 0.439568 0.508691 
-133.287 -89.5077 -246.493 0.688676 0.462475 0.558444 
96.839 -13.2248 -238.712 -0.699574 0.0955371 0.708157 
47.9019 183.835 -206.341 -0.223217 -0.856646 0.465133 
-33.8979 -54.8458 -188.383 0.366715 0.593334 0.716585 
-0.22583 -0.864139 -126.304 -0.125265 -0.479326 0.868662 
5.008 -8.20698 -146.372 -0.270904 0.443951 0.854129 
-11.5887 52.7256 -155.518 0.152897 -0.695644 0.70194 
14.944 -68.9939 -173.224 -0.161423 0.745263 0.64695 
-44.581 97.0804 -211.95 0.335304 -0.730164 0.595357 
60.1453 -157.284 -225.64 -0.310233 0.811282 0.495576 
-110.733 158.177 -243.282 0.504344 -0.720433 0.476059 
46.9136 -245.557 -219.079 -0.17346 0.907933 0.381559 
-131.59 61.4556 -229.699 0.760523 -0.355181 0.543571 
129.186 15.9583 -248.955 -0.765429 -0.0945531 0.63655 
45.4687 195.28 -196.61 -0.202801 -0.870994 0.447503 
-66.0599 9.96462 -211.651 0.620232 -0.0935572 0.778831 
-40.845 -122.895 -186.736 0.25939 0.780455 0.568881 
23.014 17.5331 -172.212 -0.422818 -0.322122 0.847042 
-7.8548 4.51841 -150.193 0.367082 -0.211161 0.905914 
2.6279 -48.5492 -131.336 -0.0361603 0.668044 0.743254 
1.46571 27.0824 -127.573 -0.0321031 -0.593178 0.804442 
3.18951 -16.1502 -130.576 -0.110143 0.557715 0.822703 
-8.9279 36.6801 -149.204 0.15747 -0.646962 0.746097 
16.3184 -63.3773 -171.949 -0.186527 0.72443 0.663646 
-40.3057 98.5939 -207.808 0.305271 -0.74674 0.590938 
65.5429 -151.137 -229.075 -0.343468 0.792009 0.504747 
-99.4905 179.362 -239.748 0.432089 -0.778972 0.454445 
82.6333 -233.045 -225.528 -0.308227 0.869273 0.386494 
-130.957 117.423 -209.731 0.660363 -0.592121 0.461879 
23.2783 -272.853 -201.248 -0.079839 0.935821 0.343341 
-48.8822 211.733 -230.365 0.205016 -0.888024 0.411582 
91.61 -162.648 -236.947 -0.428561 0.760884 0.487247 
-118.664 177.046 -229.26 0.503033 -0.75052 0.428597 
50.747 -264.174 -212.893 -0.176449 0.918542 0.353786 
-127.106 41.9071 -207.51 0.802022 -0.264427 0.53559 
128.34 117.581 -245.348 -0.626669 -0.574132 0.52695 
-68.2937 -92.1387 -227.129 0.468031 0.631445 0.618257 
3.90075 35.7464 -153.736 -0.0755084 -0.691956 0.717992 
25.7716 -27.2674 -192.02 -0.431297 0.456331 0.778308 
-25.4746 84.8458 -180.461 0.224591 -0.748021 0.624533 
30.629 -110.963 -202.63 -0.22027 0.797996 0.560982 
-74.5453 132.63 -234.562 0.414309 -0.737131 0.533858 
69.7222 -204.335 -230.194 -0.291494 0.854283 0.430406 
-129.942 133.108 -234.333 0.613598 -0.628546 0.47796 
30.1927 -256.584 -210.033 -0.108649 0.923318 0.368371 
-95.0975 159.211 -242.599 0.45155 -0.755978 0.473938 
91.7089 -136.23 -233.26 -0.473109 0.702787 0.531297 
-113.143 179.991 -233.438 0.480208 -0.763928 0.431081 
55.3977 -246.164 -217.332 -0.203139 0.90266 0.379417 
-130.416 70.9405 -227.975 0.743629 -0.4045 0.532365 
130.413 20.6118 -248.94 -0.765718 -0.121021 0.631702 
37.7517 196.005 -193.499 -0.169366 -0.879339 0.44508 
-64.9006 4.78376 -211.148 0.619041 -0.0456289 0.784044 
-38.3627 -118.005 -181.226 0.251957 0.77503 0.579538 
23.9545 12.7111 -172.703 -0.446632 -0.236998 0.862769 
-12.2255 15.996 -142.003 0.308118 -0.403146 0.861716 
-4.20729 -50.0229 -134.43 0.0562763 0.669101 0.741049 
0.121044 17.168 -123.62 -0.00389904 -0.553013 0.833174 
4.38362 -17.6217 -133.964 -0.13914 0.559329 0.817195 
-9.56491 42.2254 -152.069 0.151448 -0.668585 0.728063 
18.0879 -66.9345 -175.94 -0.197294 0.73009 0.654264 
-45.11 104.315 -212.708 0.322996 -0.746913 0.581217 
67.2793 -159.453 -230.087 -0.338386 0.801981 0.492279 
-105.52 176.099 -240.166 0.457784 -0.763979 0.454739 
71.3672 -243.9 -222.502 -0.26016 0.889108 0.376593 
-131.451 80.711 -207.165 0.739273 -0.453913 0.497449 
92.8293 -215.095 -213.946 -0.36201 0.838813 0.406644 
-111.412 175.289 -231.013 0.484609 -0.762457 0.428756 
95.4553 -186.257 -228.036 -0.406741 0.793654 0.452429 
-128.17 122.718 -222.872 0.637435 -0.610319 0.470325 
107.291 -177.584 -226.829 -0.459701 0.760881 0.457987 
-124.318 138.563 -217.241 0.597633 -0.666111 0.446261 
102.35 -194.811 -223.251 -0.418913 0.797347 0.434473 
-126.099 122.697 -216.387 0.635706 -0.618556 0.461827 
122.191 -146.674 -231.58 -0.557272 0.668931 0.491932 
-117.684 151.479 -199.579 0.558907 -0.719406 0.412425 
69.5783 -250.258 -207.827 -0.249437 0.897169 0.364536 
-125.594 115.577 -226.151 0.644724 -0.593306 0.482014 
132.242 -44.2855 -245.305 -0.749657 0.251047 0.612379 
27.427 277.066 -209.241 -0.092635 -0.935792 0.34019 
122.399 -76.1301 -241.557 -0.707552 0.440085 0.552913 
-99.737 -119.123 -245.586 0.535704 0.639831 0.551049 
-16.5642 83.8034 -191.853 0.156434 -0.791447 0.590896 
60.9702 -43.2807 -225.424 -0.565505 0.401433 0.720467 
-11.3913 155.922 -195.076 0.0633927 -0.867709 0.493032 
40.9125 -108.601 -213.535 -0.290874 0.772116 0.56502 
-57.1906 133.44 -219.521 0.33269 -0.776251 0.535509 
103.349 -157.09 -243.958 -0.481529 0.731925 0.482114 
-49.2615 229.14 -219.924 0.192466 -0.895254 0.401864 
129.996 -78.8465 -238.131 -0.719725 0.436537 0.539861 
-123.931 38.1332 -246.879 0.737859 -0.227036 0.635638 
-36.6096 -260.276 -214.127 0.129671 0.921898 0.365114 
-77.2617 147.806 -239.312 0.402227 -0.769481 0.496115 
88.7781 -100.005 -235.494 -0.533891 0.601408 0.59438 
-79.2813 223.141 -231.118 0.306972 -0.863987 0.399139 
114.287 -190.744 -229.728 -0.466109 0.77793 0.421409 
-93.5334 232.453 -208.401 0.348305 -0.86562 0.359729 
119.076 -134.858 -183.596 -0.601959 0.681741 0.415805 
-21.931 278.807 -184.009 0.0745718 -0.948028 0.309354 
121.358 -65.0157 -203.243 -0.757337 0.40573 0.511705 
-90.3924 -208.455 -234.034 0.362582 0.836155 0.411578 
-122.475 -31.9975 -248.155 0.768645 0.200814 0.607352 
-58.2102 130.591 -230.662 0.349426 -0.783917 0.513219 
80.7865 64.5767 -240.576 -0.588323 -0.470276 0.657826 
-13.8177 -47.6877 -171.171 0.200307 0.6913 0.694261 
-23.114 19.1126 -193.849 0.461022 -0.381212 0.801345 
32.0717 -43.7975 -188.076 -0.397772 0.543202 0.73941 
-19.815 126.081 -195.28 0.131102 -0.83419 0.535683 
79.0667 -109.115 -239.849 -0.48239 0.665715 0.569334 
-46.2271 168.089 -212.361 0.232475 -0.845316 0.481056 
98.8936 -134.414 -246.24 -0.507888 0.690308 0.515309 
-65.8172 172.051 -220.26 0.31382 -0.820349 0.478083 
110.627 -145.578 -244.733 -0.528221 0.695108 0.487673 
-71.3624 188.896 -221.861 0.314892 -0.833519 0.45399 
118.05 -138.031 -242.6 -0.567575 0.663645 0.487289 
-89.1848 170.989 -227.548 0.406329 -0.779029 0.477523 
120.78 -151.304 -235.258 -0.554128 0.694168 0.459447 
-78.4979 207.667 -221.443 0.319775 -0.845967 0.426734 
124.089 -128.65 -236.65 -0.607351 0.629673 0.484412 
-111.361 136.458 -235.773 0.540099 -0.661819 0.51991 
115.478 -180.486 -218.807 -0.491904 0.768817 0.408619 
-58.3969 254.902 -212.804 0.20788 -0.907397 0.365286 
128.974 -73.0404 -222.37 -0.741548 0.419953 0.523225 
-132.025 -49.1187 -248.85 0.743872 0.276752 0.608342 
40.3048 -173.129 -194.256 -0.199799 0.858238 0.472785 
36.3693 91.6997 -192.933 -0.288643 -0.72777 0.622136 
1.66745 -21.404 -141.085 -0.0496878 0.637809 0.768602 
-21.6366 37.4571 -178.532 0.333197 -0.576828 0.745833 
27.0816 -104.592 -192.732 -0.204602 0.790193 0.577711 
-69.3264 123.779 -233.377 0.40935 -0.730878 0.546139 
52.58 -182.898 -220.722 -0.245309 0.853297 0.460137 
-123.812 111.828 -245.75 0.633071 -0.571796 0.521812 
78.9256 -181.596 -222.373 -0.35316 0.812566 0.463716 
-109.266 161.606 -241.285 0.496573 -0.734438 0.462637 
75.06 -194.754 -223.325 -0.321973 0.835403 0.445481 
-124.361 126.266 -238.985 0.611196 -0.620561 0.491286 
102.59 -155.141 -231.763 -0.478792 0.724051 0.496514 
-120.129 163.478 -226.526 0.533381 -0.725854 0.434348 
67.8991 -234.184 -216.617 -0.256144 0.883442 0.392349 
-126.266 111.834 -234.885 0.648613 -0.574474 0.499297 
125.122 -68.0941 -244.665 -0.700924 0.381458 0.602672 
-27.3884 279.121 -210.428 0.0921312 -0.938927 0.33158 
129.62 -38.646 -201.739 -0.812086 0.242121 0.530953 
-139.062 64.6504 -236.209 0.741273 -0.344621 0.575994 
39.302 -269.331 -188.999 -0.137335 0.941143 0.308881 
-120.603 64.2929 -175.341 0.770885 -0.410954 0.486694 
28.2529 -272.667 -188.498 -0.0972513 0.938567 0.331138 
68.8292 191.997 -230.037 -0.301518 -0.841075 0.449108 
83.1647 -52.4222 -245.8 -0.637812 0.40204 0.656945 
-69.4452 -49.3424 -232.666 0.582011 0.413532 0.700194 
24.715 26.0075 -186.358 -0.419493 -0.441431 0.79321 
3.03437 2.84664 -147.96 0.318597 0.298886 0.899545 
-5.83592 3.73814 -146.936 -0.333139 0.213389 0.918423 
-8.2832 13.3756 -147.52 0.281559 -0.454658 0.845002 
7.53913 -57.6689 -152.51 -0.094029 0.719254 0.688368 
-12.4035 58.0874 -166.636 0.154367 -0.722927 0.673472 
37.3246 -87.6191 -203.377 -0.30946 0.726455 0.613608 
-59.4473 145.751 -225.214 0.324252 -0.794992 0.512704 
99.6694 -169.911 -241.416 -0.447168 0.76231 0.467913 
-71.0405 236.498 -225.155 0.265184 -0.882813 0.387731 
133.276 -89.8578 -214.875 -0.719867 0.485351 0.496229 
-78.9087 227.613 -212.352 0.300828 -0.867743 0.395654 
98.7663 -187.682 -236.438 -0.420759 0.799556 0.428591 
-85.036 187.83 -227.691 0.367566 -0.811891 0.453592 
129.058 -119.73 -230.004 -0.641749 0.595364 0.483444 
-101.727 178.216 -226.986 0.43992 -0.770701 0.460985 
123.441 -146.43 -225.108 -0.576067 0.683348 0.448554 
-94.8431 198.732 -223.587 0.388122 -0.813259 0.433576 
126.772 -125.145 -224.42 -0.628334 0.62027 0.469553 
-118.396 145.113 -233.333 0.547732 -0.67133 0.499323 
118.507 -160.59 -207.412 -0.54085 0.732912 0.41272 
-64.6739 252.055 -209.704 0.231339 -0.901603 0.365529 
126.607 -107.344 -228.182 -0.663212 0.562305 0.493945 
-131.542 27.0284 -246.766 0.764003 -0.156983 0.625839 
-56.0384 -249.907 -212.587 0.202748 0.904169 0.376019 
34.2311 141.346 -210.733 -0.201919 -0.833757 0.513902 
69.1234 -42.2887 -238.17 -0.610537 0.373518 0.698388 
-65.6429 32.2791 -225.671 0.603248 -0.29664 0.740348 
-5.25581 -162.273 -194.604 0.0283052 0.873922 0.48526 
-18.685 88.2791 -189.668 0.166434 -0.786333 0.594977 
57.2549 -102.29 -220.982 -0.394084 0.704056 0.59078 
-67.6985 181.686 -231.005 0.310031 -0.83205 0.459991 
116.109 -164.82 -239.917 -0.511208 0.725673 0.460525 
-50.3106 257.741 -217.291 0.178416 -0.914022 0.364347 
130.193 -47.1647 -213.936 -0.793187 0.287346 0.53694 
-135.729 -42.0273 -246.868 0.759664 0.235224 0.606299 
-8.524 -200.608 -187.616 0.0382464 0.900109 0.434004 
63.5729 18.2823 -211.921 -0.602893 -0.17338 0.778766 
11.4855 105.118 -150.89 -0.0869433 -0.795726 0.599398 
-20.6513 -13.4806 -159.276 0.40218 0.262533 0.877123 
9.25763 -11.4409 -132.283 -0.285343 0.352636 0.891204 
4.42144 41.8233 -124.693 -0.0649723 -0.614586 0.786181 
-1.05407 -10.4077 -115.117 0.0471725 0.465774 0.883656 
-1.14303 5.51448 -117.204 0.0938782 -0.452908 0.886611 
3.6844 -21.4033 -127.741 -0.0973704 0.565643 0.818893 
-4.81348 31.8552 -138.187 0.0956391 -0.632932 0.768289 
9.71151 -43.6376 -154.9 -0.150872 0.677928 0.719492 
-22.9576 71.6338 -183.59 0.233318 -0.728013 0.644653 
50.955 -116.605 -218.309 -0.331822 0.759338 0.559748 
-74.973 168.75 -233.91 0.356602 -0.802643 0.478139 
104.965 -187.543 -237.252 -0.438988 0.784343 0.438308 
-86.5463 236.587 -221.438 0.318343 -0.870234 0.375989 
128.123 -118.228 -200.56 -0.655908 0.605253 0.451078 
-16.6011 278.544 -197.118 0.0561097 -0.941445 0.332493 
49.5281 -220.042 -230.304 -0.201182 0.893807 0.400815 
-94.3736 164.929 -237.339 0.43488 -0.760002 0.483006 
119.878 -175.323 -226.846 -0.510533 0.746665 0.426456 
-48.4356 266.323 -211.482 0.167558 -0.921314 0.350889 
126.953 -42.4741 -208.925 -0.80013 0.267697 0.536794 
-120.874 -141.79 -244.015 0.562393 0.659708 0.498515 
-11.9778 135.938 -207.567 0.0759079 -0.861495 0.502079 
74.8067 -76.7871 -233.932 -0.535666 0.549847 0.640896 
-30.9967 204.009 -216.978 0.135571 -0.892278 0.430672 
122.491 -84.7108 -248.957 -0.681338 0.471192 0.560157 
-104.356 97.4989 -238.508 0.590717 -0.551901 0.588623 
78.3631 -237.497 -225.479 -0.2904 0.880124 0.375591 
-115.418 193.249 -225.344 0.46694 -0.781818 0.413214 
99.5744 -218.988 -201.091 -0.386126 0.849187 0.360286 
-110.714 164.809 -179.579 0.515376 -0.76719 0.38187 
66.1336 -237.824 -169.806 -0.254416 0.914909 0.31342 
-78.5133 31.1712 -112.571 0.814031 -0.323185 0.482622 
120.155 -164.88 -182.782 -0.537468 0.737527 0.408901 
-96.3315 102.297 -152.394 0.624417 -0.663088 0.412838 
139.248 -116.333 -211.515 -0.670892 0.560489 0.485566 
-84.2101 114.018 -132.377 0.550747 -0.745697 0.375009 
54.128 -258.734 -175.633 -0.194199 0.92828 0.317176 
-117.933 129.901 -205.633 0.603637 -0.664894 0.439951 
140.794 -36.1406 -240.396 -0.778368 0.1998 0.595182 
43.2493 275.435 -202.611 -0.146224 -0.931235 0.333823 
93.8713 -168.756 -240.185 -0.432684 0.777854 0.455791 
-107.235 94.1316 -242.575 0.606771 -0.532626 0.590048 
70.5275 -248.152 -222.302 -0.2545 0.895462 0.365233 
-129.575 149.637 -220.425 0.586624 -0.677451 0.443791 
30.64 -279.769 -201.837 -0.102825 0.938881 0.328553 
-123.458 34.9697 -204.112 0.810214 -0.229494 0.539355 
45.3091 241.04 -227.212 -0.17142 -0.911939 0.372828 
126.353 -48.3997 -252.254 -0.741789 0.284144 0.607478 
-33.4924 200.679 -203.701 0.148143 -0.887643 0.436075 
4.68038 -139.515 -201.769 -0.0289191 0.862035 0.506041 
-85.5874 86.9746 -243.527 0.556584 -0.565605 0.608542 
34.247 -173.412 -206.318 -0.170824 0.864978 0.471857 
-72.2918 137.256 -236.568 0.398281 -0.756194 0.519193 
60.5279 -160.212 -220.032 -0.307165 0.813041 0.494602 
-113.985 138.162 -245.662 0.55214 -0.669252 0.497253 
61.9954 -200.984 -218.419 -0.265027 0.859195 0.437679 
-111.961 139.155 -244.931 0.545194 -0.677618 0.493574 
89.5619 -156.113 -229.426 -0.430869 0.751034 0.500318 
-117.83 162.006 -235.581 0.525236 -0.722151 0.450159 
64.1795 -225.779 -218.257 -0.250027 0.87958 0.404776 
-124.418 115.181 -239.539 0.633796 -0.586739 0.504042 
118.628 -88.8764 -242.679 -0.648914 0.486166 0.585296 
-68.8087 255.343 -214.597 0.243925 -0.905186 0.348076 
128.886 -149.244 -213.056 -0.588388 0.681326 0.435445 
-33.7104 279.277 -195.849 0.113535 -0.940586 0.320042 
115.306 -21.049 -183.755 -0.832482 0.151968 0.53282 
6.95876 -259.395 -218.657 -0.0252076 0.939637 0.341269 
-123.713 108.446 -246.524 0.630057 -0.552306 0.545897 
49.9935 -269.279 -212.849 -0.171537 0.923948 0.341927 
-128.759 56.2158 -197.85 0.786678 -0.343461 0.513021 
122.051 -162.481 -222.041 -0.532265 0.708579 0.463279 
-117.146 150.672 -202.043 0.558395 -0.7182 0.415213 
96.4901 -217.088 -216.21 -0.371923 0.836768 0.401884 
-125.843 102.223 -210.129 0.6823 -0.554233 0.476771 
137.761 -67.645 -239 -0.733643 0.360243 0.576204 
-36.5945 273.734 -192.848 0.125918 -0.941894 0.311444 
119.686 -50.807 -175.191 -0.796956 0.338309 0.500426 
-85.9892 233.373 -199.443 0.320893 -0.870899 0.372265 
71.9701 -233.038 -227.251 -0.273342 0.885078 0.376747 
-93.8003 199.854 -231.144 0.383086 -0.816216 0.432498 
129.948 -114.409 -211.866 -0.663869 0.584484 0.466556 
-62.9932 246.96 -208.443 0.229317 -0.899021 0.373086 
97.0741 -184.251 -237.721 -0.419798 0.796797 0.434629 
-88.972 173.787 -229.849 0.401456 -0.784155 0.473235 
127.129 -134.257 -230.348 -0.607278 0.641327 0.468969 
-80.9905 212.201 -219.695 0.323723 -0.848179 0.419301 
121.225 -139.866 -236.329 -0.57734 0.666119 0.472211 
-108.404 145.714 -234.476 0.514284 -0.691284 0.507599 
119.32 -168.384 -220.348 -0.524286 0.739869 0.421588 
-60.2568 248.943 -213.251 0.218245 -0.901649 0.373384 
127.422 -100.031 -232.03 -0.677685 0.532007 0.507671 
-129.134 21.1737 -247.73 0.762869 -0.125085 0.634352 
-59.6584 -235.87 -212.889 0.225301 0.890765 0.394708 
59.4466 93.0834 -217.065 -0.421649 -0.66023 0.621552 
-5.29119 -27.2429 -148.249 0.124484 0.640935 0.757446 
-13.5831 18.4149 -171.749 0.35186 -0.477023 0.805395 
22.5196 -67.9096 -174.766 -0.235467 0.710068 0.663609 
-28.0891 104.63 -198.072 0.212473 -0.791443 0.573141 
73.308 -127.711 -234.414 -0.418525 0.72912 0.541515 
-61.3501 200.677 -226.982 0.263089 -0.860567 0.436149 
130.791 -114.509 -238.254 -0.650324 0.569362 0.502914 
-54.5192 228.566 -213.159 0.212492 -0.890849 0.401564 
87.3698 -172.059 -240.446 -0.401933 0.791532 0.460375 
-77.0153 170.487 -226.848 0.361168 -0.799507 0.479963 
123.994 -136.37 -238.719 -0.589872 0.648748 0.480827 
-73.2588 208.165 -219.749 0.300194 -0.853001 0.426954 
117.142 -142.517 -241.049 -0.557374 0.678113 0.479077 
-98.7647 154.381 -231.999 0.466812 -0.729683 0.499668 
120.547 -161.979 -228.8 -0.536358 0.720707 0.439226 
-64.7922 234.927 -216.428 0.244578 -0.886803 0.392148 
125.213 -114.141 -237.011 -0.63982 0.583246 0.500472 
-122.963 72.183 -244.51 0.689053 -0.404495 0.601339 
35.9162 -275.714 -211.821 -0.121728 0.934453 0.33466 
-131.718 55.6348 -204.172 0.787399 -0.332581 0.519047 
112.456 -180.968 -220.02 -0.47264 0.760587 0.445125 
-117.324 164.507 -217.73 0.526837 -0.738713 0.420433 
96 -205.71 -222.42 -0.383355 0.821458 0.422212 
-127.733 107.891 -216.306 0.671093 -0.566845 0.477847 
130.656 -108.954 -236.517 -0.647683 0.5401 0.537416 
-98.7357 204.216 -194.323 0.40628 -0.840314 0.358923 
76.6126 -252.831 -201.584 -0.2724 0.898954 0.343072 
-105.296 37.3409 -156.579 0.815177 -0.289084 0.501931 
146.866 -20.7895 -221.728 -0.81385 0.115204 0.569555 
52.8652 263.231 -180.275 -0.186948 -0.930868 0.313932 
81.1738 -214.37 -229.547 -0.325725 0.8602 0.392399 
-107.298 147.694 -237.649 0.507379 -0.6984 0.504798 
120.5 -168.157 -217.277 -0.528959 0.738157 0.418742 
-47.9991 263.604 -209.407 0.167487 -0.91981 0.354845 
127.996 -84.761 -228.535 -0.712522 0.471845 0.519319 
-129.263 -40.8428 -249.814 0.747204 0.236091 0.621261 
26.5174 -177.755 -189.47 -0.130664 0.875884 0.464513 
40.5436 72.3481 -192.932 -0.360479 -0.643256 0.675495 
-2.93134 -7.4071 -136.517 0.192649 0.486798 0.852017 
-1.38789 2.34331 -138.795 0.245632 -0.414724 0.876177 
10.4553 -41.1503 -148.987 -0.165711 0.652209 0.739717 
-10.6698 60.7596 -163.394 0.128457 -0.731504 0.669641 
31.4849 -81.2613 -196.871 -0.282237 0.728442 0.624286 
-55.9239 133.64 -222.064 0.326857 -0.781085 0.53206 
92.9672 -169.26 -240.472 -0.424375 0.772634 0.472187 
-77.9048 226.839 -228.097 0.297908 -0.867432 0.398536 
132.724 -116.282 -218.37 -0.662706 0.580607 0.473005 
-32.0477 264.069 -204.894 0.112575 -0.927602 0.356229 
56.6004 -201.835 -232.048 -0.244553 0.872065 0.423926 
-85.5087 166.451 -233.941 0.399985 -0.778609 0.483526 
124.053 -156.594 -231.914 -0.554323 0.69973 0.450691 
-39.9385 257.688 -212.32 0.142522 -0.919573 0.366183 
123.971 -103.135 -240.188 -0.657244 0.546778 0.518731 
-122.354 18.7603 -248.897 0.751029 -0.115154 0.650163 
-53.7223 -219.96 -210.925 0.21574 0.883324 0.416188 
55.4729 69.2778 -211.667 -0.458927 -0.573135 0.678912 
-13.5577 -13.3571 -167.205 0.377649 0.372063 0.84792 
-4.36864 -0.0956002 -151.05 -0.368448 -0.00806284 0.929623 
-4.00791 5.11404 -140.716 0.284747 -0.363333 0.887089 
5.42003 -45.0946 -139.594 -0.0807758 0.672055 0.736095 
-4.37301 40.1689 -144.661 0.0735146 -0.675279 0.733902 
14.6652 -49.7423 -166.83 -0.202153 0.685677 0.699285 
-33.8783 91.3449 -199.38 0.276907 -0.746615 0.604902 
65.7683 -139.957 -229.772 -0.362894 0.772248 0.521496 
-82.0096 189.689 -235.034 0.354843 -0.820753 0.447737 
116.267 -180.775 -232.997 -0.487559 0.758069 0.43317 
-66.2653 258.443 -214.04 0.232324 -0.906093 0.353608 
123.984 -53.5857 -189.32 -0.790354 0.341589 0.508602 
-137.584 107.335 -227.532 0.672626 -0.524747 0.521759 
96.4494 -178.59 -174.367 -0.443871 0.82189 0.357061 
-64.9847 260.942 -193.926 0.227975 -0.915419 0.331742 
106.572 -29.2484 -165.463 -0.825999 0.226693 0.516095 
-85.6016 -232.298 -221.178 0.321269 0.871832 0.369748 
-132.649 -29.625 -234.534 0.799177 0.178483 0.574001 
-28.0336 197.407 -226.273 0.127635 -0.898783 0.419423 
99.9243 -66.8102 -245.847 -0.640433 0.428199 0.63758 
-6.51894 236.958 -215.738 0.0252896 -0.919254 0.392874 
115.921 -77.4943 -249.997 -0.67955 0.454287 0.576067 
-106.531 0.820093 -247.865 0.726836 -0.00559532 0.686801 
-22.5146 -173.555 -188.811 0.113241 0.872927 0.474544 
37.9438 38.5311 -189.55 -0.445439 -0.452333 0.772656 
-12.5239 1.39129 -165.176 0.432759 -0.0480755 0.900237 
9.06217 -40.8675 -132.789 -0.139096 0.627278 0.766285 
3.38497 36.564 -131.581 -0.0579623 -0.6261 0.777597 
1.98337 -14.7345 -126.875 -0.0743708 0.552503 0.830197 
-7.66644 29.8961 -144.74 0.158565 -0.618339 0.769761 
13.8331 -57.2369 -165.723 -0.172098 0.712087 0.680685 
-32.5114 88.9314 -198.627 0.272566 -0.745573 0.60815 
62.3121 -136.932 -227.045 -0.352057 0.773653 0.526815 
-87.0981 182.77 -237.322 0.382964 -0.803626 0.455568 
102.899 -204.58 -231.567 -0.409091 0.81334 0.413691 
-107.38 210.684 -215.979 0.419088 -0.822267 0.385045 
107.117 -200.056 -196.21 -0.438577 0.819106 0.369776 
-98.1805 194.583 -176.214 0.42168 -0.835722 0.351815 
95.2761 -155.801 -152.469 -0.486825 0.796086 0.359536 
-72.344 189.932 -142.614 0.337591 -0.886313 0.317017 
66.4583 -53.5568 -92.5831 -0.704934 0.568086 0.424694 
6.45164 245.779 -141.624 -0.0251221 -0.95704 0.288897 
-130.227 -151.875 -233.135 0.573042 0.6683 0.474358 
101.093 32.3646 -241.934 -0.691296 -0.221316 0.687857 
5.53863 146.934 -171.088 -0.0323608 -0.858497 0.511814 
-35.2823 -25.75 -182.63 0.465632 0.339831 0.817141 
16.2916 -17.3756 -150.587 -0.35416 0.377725 0.855519 
6.64949 57.7277 -139.482 -0.079729 -0.692169 0.717331 
-0.826188 -16.9008 -123.972 0.0269281 0.55085 0.834181 
-3.95583 14.7861 -132.931 0.145099 -0.542349 0.827539 
9.41535 -41.1171 -150.945 -0.151937 0.663514 0.732586 
-16.727 65.1429 -173.471 0.187172 -0.728938 0.658509 
42.6301 -100.393 -210.159 -0.316105 0.744419 0.588163 
-65.5084 155.15 -229.049 0.337156 -0.79852 0.498708 
103.495 -175.561 -240.47 -0.451674 0.766182 0.457136 
-72.981 241.051 -223.546 0.268024 -0.885262 0.380123 
131.991 -87.1629 -208.986 -0.72619 0.479553 0.492641 
-77.3836 233.052 -209.996 0.29053 -0.874975 0.387336 
94.0381 -195.495 -235.415 -0.393338 0.817705 0.420311 
-84.4511 190.363 -227.968 0.362137 -0.8163 0.450033 
129.976 -115.123 -228.491 -0.654167 0.579411 0.486176 
-103.249 177.481 -226.893 0.446204 -0.767009 0.461104 
123.186 -147.371 -223.98 -0.574014 0.68671 0.446044 
-94.8408 200.223 -223.236 0.386225 -0.815376 0.43129 
126.918 -123.479 -223.753 -0.632496 0.615362 0.470421 
-120.249 140.041 -234.028 0.562217 -0.654755 0.505198 
116.735 -165.667 -205.581 -0.526466 0.747145 0.405741 
-60.948 257.015 -208.404 0.215357 -0.908153 0.359022 
127.362 -96.2561 -225.233 -0.689945 0.521437 0.502093 
-133.01 -6.34659 -247.906 0.776507 0.0370512 0.629032 
-60.1838 -205.379 -204.249 0.253253 0.864234 0.434718 
74.813 -20.7359 -217.478 -0.63599 0.176277 0.751306 
46.9495 144.529 -200.373 -0.262524 -0.808154 0.527244 
-20.6707 -36.496 -169.062 0.314658 0.555558 0.769651 
1.16589 -11.569 -113.527 0.0421691 -0.418441 0.907274 
7.28972 -15.6274 -143.034 -0.235303 0.504433 0.830782 
-8.89263 54.2309 -154.102 0.116341 -0.709497 0.695051 
16.3825 -64.6727 -174.095 -0.184991 0.730283 0.657634 
-44.2551 99.8598 -211.311 0.327065 -0.738009 0.590244 
65.3025 -158.284 -229.072 -0.33162 0.803798 0.493917 
-105.558 173.268 -240.791 0.462262 -0.758776 0.458901 
68.2259 -244.387 -222.532 -0.249002 0.891931 0.377458 
-131.886 75.45 -209.406 0.749125 -0.428563 0.505137 
109.99 -183.804 -221.312 -0.460123 0.768908 0.443943 
-120.221 154.17 -218.127 0.554847 -0.711534 0.431141 
102.089 -194.49 -224.293 -0.41839 0.797076 0.435475 
-126.711 116.103 -214.141 0.652236 -0.597633 0.466305 
124.258 -142.7 -231.488 -0.570496 0.655167 0.495287 
-116.015 154.074 -196.904 0.549527 -0.729799 0.406734 
66.781 -254.065 -206.348 -0.237253 0.90262 0.359174 
-125.923 110.805 -224.709 0.656419 -0.577613 0.485278 
133.477 -27.6121 -246.034 -0.767719 0.158816 0.620809 
56.3407 253.788 -211.808 -0.201329 -0.906893 0.370176 
-30.4562 -152.067 -212.319 0.170624 0.851924 0.495108 
-81.0938 42.0821 -244.824 0.647385 -0.335948 0.684141 
71.2174 -42.7966 -227.661 -0.598419 0.359607 0.715958 
1.5665 189.084 -206.596 -0.00740486 -0.893799 0.448427 
73.3532 -102.149 -238.087 -0.475724 0.662474 0.578647 
-70.2744 103.591 -223.179 0.451412 -0.66542 0.594525 
79.1116 -194.286 -236.01 -0.338985 0.832495 0.438245 
-90.5525 207.478 -232.596 0.362858 -0.831396 0.420871 
126.908 -154.79 -219.904 -0.570362 0.695671 0.436746 
-31.6825 275.884 -205.332 0.107352 -0.934794 0.338604 
127.643 -68.4931 -224.448 -0.746527 0.400587 0.531267 
-117.957 -122.575 -247.357 0.587218 0.610209 0.531824 
16.169 113.267 -198.02 -0.118447 -0.829742 0.54545 
66.5988 -44.4547 -234.286 -0.590651 0.394259 0.704066 
-41.8869 109.366 -197.32 0.291244 -0.760429 0.580468 
37.411 -141.354 -214.659 -0.219974 0.831149 0.510706 
-85.9423 144.116 -239.393 0.439394 -0.736817 0.513859 
73.965 -219.349 -229.765 -0.291482 0.864412 0.409692 
-132.144 127.811 -226.881 0.633571 -0.612797 0.47232 
26.6182 -263.999 -207.238 -0.09366 0.928918 0.35827 
-80.7547 180.329 -238.443 0.365234 -0.815587 0.448821 
83.4729 -157.764 -230.264 -0.405438 0.766279 0.498452 
-122.517 150.704 -235.849 0.559517 -0.688246 0.461818 
56.1077 -233.782 -215.61 -0.214377 0.893238 0.395205 
-117.816 128.853 -242.99 0.585393 -0.640232 0.497429 
111.013 -103.641 -240.627 -0.599581 0.559764 0.572 
-88.6584 232.226 -220.709 0.331191 -0.867501 0.371177 
105.458 -215.323 -218.311 -0.40559 0.828128 0.386934 
-117.596 152.925 -188.624 0.55804 -0.725687 0.402477 
38.0957 -274.086 -186.288 -0.130766 0.940823 0.312681 
-107.115 20.1278 -169.115 0.836228 -0.157133 0.525405 
-43.7996 247.486 -212.846 0.163925 -0.926247 0.33943 
130.463 -86.8849 -245.33 -0.685625 0.45661 0.56696 
-38.1544 277.277 -206.122 0.128806 -0.936063 0.327434 
124.521 -40.4105 -188.949 -0.812606 0.263713 0.519755 
-139.619 90.625 -229.278 0.705705 -0.458065 0.540532 
83.637 -207.958 -175.09 -0.35181 0.874754 0.333247 
-91.4885 228.082 -189.989 0.349413 -0.871093 0.345144 
92.9861 -58.1517 -132.752 -0.753384 0.471152 0.458743 
-59.4069 253.99 -176.039 0.215239 -0.920237 0.326885 
-1.21171 -266.131 -221.566 0.00426578 0.936904 0.349586 
-134.692 89.7281 -243.131 0.700827 -0.46687 0.539344 
6.97893 -249.488 -206.837 -0.0258908 0.925561 0.377735 
-7.92063 163.355 -211.82 0.0427193 -0.881043 0.471123 
93.3081 -97.3234 -245.682 -0.560119 0.584223 0.58734 
-26.9886 205.141 -211.828 0.117751 -0.89503 0.430201 
99.7557 -115.922 -247.905 -0.548385 0.637255 0.541478 
-87.1971 114.206 -231.67 0.498273 -0.652611 0.570825 
93.1621 -204.56 -234.845 -0.376813 0.827383 0.416494 
-80.8644 229.754 -225.826 0.305167 -0.867048 0.393851 
131.25 -93.8011 -208.557 -0.711458 0.50846 0.485091 
-74.2152 237.076 -209.265 0.276007 -0.881687 0.382709 
94.6249 -193.608 -235.774 -0.397982 0.814297 0.42255 
-85.4856 187.173 -228.337 0.37008 -0.810298 0.454397 
129.534 -118.738 -228.864 -0.645523 0.591719 0.482894 
-99.2105 185.087 -225.369 0.42147 -0.786292 0.451803 
123.396 -144.92 -226.871 -0.578158 0.679004 0.452443 
-99.8061 187.21 -226.169 0.420493 -0.788735 0.448443 
126.36 -129.913 -221.881 -0.618648 0.63604 0.461244 
-110.049 172.844 -228.024 0.475964 -0.747558 0.463285 
124.123 -136.603 -213.197 -0.602773 0.663381 0.443406 
-99.5874 203.573 -220.607 0.398334 -0.81426 0.422291 
126.131 -120.246 -217.208 -0.640635 0.610744 0.465399 
-127.291 124.972 -234.987 0.609997 -0.598883 0.518903 
109.349 -179.069 -196.18 -0.481547 0.788576 0.382464 
-58.3845 265.231 -203.518 0.201965 -0.917491 0.342694 
122.755 -50.8129 -200.144 -0.787986 0.326177 0.522211 
-117.154 -165.016 -239.913 0.512873 0.722399 0.463809 
-86.7026 90.0598 -244.855 0.563361 -0.585174 0.583278 
74.6344 81.703 -235.959 -0.524073 -0.573708 0.629464 
3.31484 -43.4504 -162.762 -0.0558086 0.73153 0.679534 
-42.4184 26.7548 -212.144 0.536579 -0.33844 0.77302 
22.8429 -99.9284 -178.647 -0.179461 0.785068 0.592858 
-16.592 96.1745 -187.295 0.138035 -0.800112 0.583768 
65.2442 -105.112 -229.605 -0.428729 0.690706 0.582352 
-48.3922 182.259 -219.738 0.227847 -0.858136 0.460116 
122.838 -110.098 -246.873 -0.63288 0.567241 0.52699 
-74.7777 183.742 -220.904 0.3345 -0.821927 0.461046 
105.317 -162.535 -242.236 -0.481301 0.742787 0.46544 
-73.2959 191.561 -223.376 0.319117 -0.834021 0.450102 
123.976 -126.319 -239.977 -0.609343 0.620862 0.493203 
-99.1578 160.506 -230.416 0.458187 -0.741664 0.489916 
120.456 -160.19 -229.279 -0.539294 0.717184 0.441392 
-71.7687 226.066 -218.22 0.276972 -0.872442 0.402679 
125.719 -117.014 -235.534 -0.636123 0.592076 0.494784 
-122.199 89.892 -242.451 0.656915 -0.483238 0.578758 
71.6793 -253.438 -211.056 -0.255509 0.903409 0.344363 
-126.388 157.6 -209.565 0.566735 -0.706692 0.423574 
48.1602 -270.718 -191.258 -0.16608 0.93357 0.31762 
-102.212 17.8784 -154.361 0.843129 -0.147476 0.517109 
125.281 171.1 -225.117 -0.532664 -0.727475 0.432512 
92.2118 -139.504 -242.597 -0.478633 0.724108 0.496585 
-105.35 -24.1857 -249.661 0.716041 0.164384 0.678441 
52.1026 -109.911 -198.366 -0.347519 0.733093 0.584656 
2.57165 126.951 -192.003 -0.0171641 -0.847318 0.530826 
66.5402 -78.1759 -233.397 -0.502477 0.590343 0.631689 
-49.9065 123.195 -207.778 0.312288 -0.770886 0.555184 
71.5915 -157.154 -235.401 -0.361244 0.792985 0.490607 
-65.8658 190.702 -226.887 0.291517 -0.844035 0.450156 
129.805 -116.743 -238.112 -0.643864 0.579071 0.500134 
-65.2741 218.355 -215.962 0.260725 -0.872177 0.413942 
101.022 -164.222 -242.096 -0.464025 0.754321 0.464433 
-82.8717 170.621 -227.563 0.383442 -0.789452 0.479328 
123.313 -141.526 -236.792 -0.579165 0.664705 0.471967 
-76.9375 207.089 -220.732 0.314787 -0.847296 0.427805 
120.771 -137.184 -238.911 -0.579749 0.658538 0.47983 
-104.462 148.759 -233.499 0.495872 -0.70615 0.505451 
119.605 -167.171 -224.416 -0.525855 0.734983 0.428129 
-61.9683 243.361 -214.824 0.228143 -0.895962 0.381078 
126.908 -104.457 -234.184 -0.665869 0.548076 0.506211 
-127.263 40.0362 -246.841 0.743222 -0.233814 0.626874 
-35.2191 -265.751 -212.893 0.122696 0.92582 0.35752 
-90.6556 141.173 -243.531 0.46748 -0.72798 0.501523 
99.1977 -74.1875 -241.714 -0.621899 0.465102 0.630032 
-34.8551 252.474 -222.145 0.126925 -0.919386 0.372341 
135.549 -64.6201 -230.065 -0.759857 0.362245 0.539828 
-116.43 134.259 -233.512 0.560236 -0.646023 0.518466 
110.965 -190.004 -217.22 -0.462721 0.792312 0.39768 
-64.7534 251.052 -214.173 0.232151 -0.900063 0.368795 
128.426 -64.3418 -214.814 -0.762054 0.38179 0.522999 
-135.021 -55.4162 -247.342 0.743061 0.304972 0.59571 
47.7333 -173.482 -197.637 -0.233711 0.849399 0.473201 
35.7128 103.32 -195.617 -0.262763 -0.760198 0.594199 
6.50921 -31.1339 -155.37 -0.139147 0.665549 0.73328 
-31.334 53.5781 -191.514 0.359379 -0.614505 0.702316 
36.049 -131.776 -207.444 -0.223688 0.817686 0.530444 
-94.9472 131.131 -245.052 0.498267 -0.688152 0.527441 
42.9564 -207.451 -216.793 -0.183216 0.884814 0.428433 
-118.782 104.345 -247.831 0.633854 -0.556816 0.536846 
104.836 -100.022 -239.034 -0.58739 0.560417 0.583887 
-82.4634 234.627 -225.15 0.307156 -0.873926 0.376732 
111.477 -202.122 -223.712 -0.441774 0.800991 0.404063 
-109.493 195.312 -198.409 0.453222 -0.808452 0.375517 
89.5664 -221.999 -183.921 -0.351906 0.872233 0.33969 
-101.432 97.1652 -145.944 0.655722 -0.628139 0.418912 
3.79711 -271.369 -168.029 -0.0133481 0.953954 0.299686 
-39.8683 257.301 -221.667 0.143392 -0.925417 0.350798 
113.657 -168.67 -238.287 -0.494805 0.734306 0.464737 
-110.408 199.793 -210.402 0.446459 -0.807908 0.384677 
81.8406 -246.102 -200.318 -0.296442 0.89143 0.342771 
-109.44 65.5787 -158.598 0.756655 -0.453403 0.471081 
64.7669 -254.619 -188.306 -0.231707 0.910913 0.34142 
-29.678 254.213 -224.685 0.108108 -0.926021 0.361685 
120.086 -148.307 -242.401 -0.549678 0.678853 0.486858 
-64.8449 259.413 -214.892 0.227017 -0.908185 0.351682 
127.782 -69.765 -194.983 -0.761558 0.415785 0.497162 
-92.5606 221.217 -209.25 0.354695 -0.847709 0.394461 
105.195 -189.664 -229.386 -0.441681 0.796339 0.413255 
-91.8979 195.036 -227.114 0.382564 -0.811921 0.440961 
129.44 -111.146 -221.555 -0.665162 0.571156 0.480997 
-117.117 154.092 -230.76 0.528766 -0.695702 0.486234 
120.189 -152.755 -208.625 -0.560724 0.712653 0.421583 
-77.1406 238.082 -212.81 0.284917 -0.87935 0.381556 
126.455 -114.093 -226.438 -0.649696 0.586182 0.48405 
-131.266 60.3672 -244.051 0.727244 -0.334449 0.599398 
11.1071 -284.15 -205.929 -0.0369494 0.945269 0.324222 
-124.55 14.1398 -196.79 0.835183 -0.0948159 0.541753 
109.272 181.158 -238.125 -0.462328 -0.766475 0.445854 
103.455 -28.4063 -249.501 -0.738038 0.202649 0.643624 
14.0836 -137.663 -211.358 -0.0886658 0.86668 0.49094 
-82.5551 -2.669 -242.886 0.685986 0.0221779 0.727289 
51.6904 -72.0939 -202.139 -0.433331 0.604377 0.668559 
-13.336 151.887 -203.561 0.0760802 -0.866495 0.493372 
95.4016 -93.6742 -248.086 -0.577859 0.567396 0.58665 
-54.9417 157.073 -212.593 0.285996 -0.817638 0.499691 
80.739 -158.296 -239.525 -0.397074 0.778502 0.486091 
-61.7384 186.541 -222.691 0.279537 -0.844611 0.456628 
125.635 -114.484 -242.767 -0.63515 0.578774 0.511491 
-90.5995 171.033 -226.68 0.411421 -0.776674 0.476999 
116.692 -161.082 -236.104 -0.523458 0.722584 0.451534 
-75.7239 209.479 -221.548 0.307745 -0.851334 0.424902 
125.64 -120.913 -236.599 -0.627107 0.603511 0.492473 
-115.057 123.363 -237.779 0.575316 -0.616847 0.537149 
108.443 -198.581 -216.212 -0.441352 0.808204 0.389913 
-65.3202 256.993 -212.626 0.230011 -0.904946 0.358031 
123.561 -44.3395 -196.041 -0.802004 0.287796 0.523432 
-139.311 -77.0211 -242.756 0.724377 0.400488 0.561165 
88.9151 -125.184 -220.625 -0.482937 0.679931 0.5518 
-10.2304 204.969 -219.285 0.0451349 -0.904291 0.424545 
119.423 -82.0747 -251.73 -0.673467 0.462845 0.576398 
-59.595 180.306 -214.045 0.277675 -0.840114 0.465965 
71.6509 -170.518 -236.166 -0.342261 0.814526 0.468426 
-69.0056 181.068 -226.54 0.315456 -0.827744 0.464053 
127.849 -122.38 -238.979 -0.627367 0.600532 0.495772 
-69.8659 211.809 -217.855 0.283953 -0.860844 0.4223 
108.568 -156.084 -242.213 -0.504043 0.724643 0.469949 
-88.2326 167.139 -228.748 0.408634 -0.774074 0.483576 
122.599 -147.787 -234.598 -0.566273 0.682617 0.461938 
-74.6069 214.19 -219.757 0.29876 -0.857715 0.418433 
122.25 -131.202 -238.438 -0.596163 0.639819 0.485014 
-110.874 130.899 -236.764 0.548449 -0.647508 0.529108 
112.705 -188.728 -219.769 -0.469285 0.785829 0.402818 
-59.6105 256.337 -213.383 0.21108 -0.907685 0.362727 
128.037 -56.4857 -212.873 -0.776702 0.342655 0.528526 
-132.615 -83.5306 -247.226 0.696205 0.43852 0.568346 
94.9917 -41.9218 -234.677 -0.66483 0.293403 0.686974 
24.5125 225.718 -216.383 -0.098631 -0.908219 0.406729 
89.6087 -92.6792 -246.51 -0.563936 0.583259 0.584639 
-89.9709 35.7813 -240.576 0.666057 -0.26489 0.697294 
-18.2819 -198.538 -205.682 0.0823601 0.894417 0.439605 
-15.7999 103.13 -193.801 0.125123 -0.816709 0.563338 
63.7578 -98.5897 -226.448 -0.435162 0.672897 0.598216 
-56.8753 191.364 -226.143 0.254774 -0.85722 0.447528 
126.473 -125.768 -242.553 -0.613875 0.610452 0.500523 
-38.0333 236.968 -212.046 0.145766 -0.908196 0.392365 
88.6013 -158.01 -242.008 -0.428989 0.765051 0.480295 
-80.6752 150.772 -228.263 0.405785 -0.758364 0.510137 
116.94 -158.972 -238.972 -0.526152 0.715271 0.459967 
-56.3423 228.776 -217.28 0.218977 -0.889146 0.401853 
122.394 -114.25 -242.421 -0.628296 0.586486 0.511171 
-115.992 83.6968 -243.196 0.650997 -0.469743 0.59629 
58.4043 -261.654 -216.743 -0.204224 0.914934 0.348146 
-133.681 117.131 -214.604 0.664385 -0.582136 0.468751 
6.9898 -278.507 -200.461 -0.0236279 0.941447 0.336358 
-55.0591 208.265 -231.706 0.232558 -0.879669 0.414871 
88.5959 -162.69 -234.992 -0.417276 0.766251 0.488629 
-122.814 162.134 -230.543 0.541216 -0.714493 0.443399 
41.3394 -260.172 -212.384 -0.146247 0.920415 0.362581 
-127.452 85.8593 -235.301 0.704066 -0.4743 0.528534 
125.363 25.1839 -250.282 -0.753048 -0.151278 0.640352 
8.18121 185.948 -186.038 -0.0391654 -0.890177 0.453948 
-50.7809 -33.0095 -201.877 0.528128 0.343303 0.776687 
24.184 -37.0597 -158.742 -0.342433 0.524746 0.779358 
11.4905 63.2358 -149.956 -0.128347 -0.706339 0.696154 
0.215566 -15.5926 -126.915 -0.00785159 0.567931 0.82305 
-7.46142 22.7595 -145.152 0.190025 -0.579632 0.792424 
14.7181 -58.6547 -166.381 -0.178736 0.7123 0.678749 
-31.3479 90.3583 -197.766 0.261154 -0.752759 0.604293 
63.5031 -134.666 -227.842 -0.361541 0.766692 0.530555 
-83.0852 186.176 -235.849 0.363511 -0.81455 0.45209 
110.852 -190.65 -233.13 -0.454753 0.782106 0.426061 
-84.4033 243.186 -215.578 0.305519 -0.880272 0.36304 
124.983 -100.127 -189.459 -0.693327 0.555443 0.459128 
-22.4512 276.247 -193.869 0.0764039 -0.940099 0.332256 
-1.67397 -227.63 -224.461 0.0067534 0.918341 0.395755 
-120.311 87.9485 -251.377 0.662589 -0.484358 0.571307 
19.996 -219.575 -207.398 -0.0825984 0.90701 0.412951 
-36.6299 150.057 -218.581 0.206308 -0.845153 0.493125 
75.2748 -137.972 -232.153 -0.406735 0.745508 0.528017 
-100.054 190.245 -237.61 0.418709 -0.796145 0.436868 
83.7426 -234.35 -224.305 -0.310741 0.869595 0.383748 
-130.172 110.421 -205.455 0.675368 -0.572895 0.464422 
28.3502 -271.152 -200.331 -0.097634 0.933808 0.34422 
-36.0974 217.534 -227.954 0.149647 -0.90182 0.405395 
100.251 -151.16 -241.609 -0.478639 0.721701 0.500069 
-94.9521 222.046 -226.449 0.361914 -0.84634 0.390825 
116.419 -191.057 -214.586 -0.477116 0.783003 0.399106 
-85.7917 237.644 -195.517 0.319147 -0.884039 0.341524 
110.341 -90.7797 -159.815 -0.693009 0.570152 0.44123 
-6.0539 278.064 -179.208 0.0206812 -0.949916 0.31185 
-50.3933 -230.155 -227.677 0.196322 0.89664 0.396878 
-121.957 8.75884 -250.613 0.779148 -0.0559575 0.624352 
76.0004 109.123 -235.16 -0.466336 -0.669577 0.578113 
19.1338 -51.5103 -186.174 -0.258197 0.695094 0.670966 
-52.0147 19.0432 -220.515 0.591547 -0.216572 0.776651 
19.931 -103.471 -174.467 -0.153195 0.795304 0.58655 
-4.54948 80.0138 -171.323 0.0446351 -0.785019 0.617876 
42.9661 -76.705 -210.583 -0.376139 0.6715 0.638455 
-42.8433 139.793 -210.387 0.250017 -0.81578 0.521549 
100.006 -133.787 -246.381 -0.511927 0.684847 0.518588 
-48.1309 199.904 -215.977 0.210379 -0.873774 0.438494 
110.962 -124.12 -247.536 -0.569939 0.63752 0.518416 
-91.4591 136.1 -231.454 0.472288 -0.702809 0.531998 
109.127 -183.856 -234.996 -0.460726 0.776228 0.430372 
-59.4654 238.85 -219.206 0.222616 -0.894164 0.388498 
130.933 -73.618 -228.08 -0.739402 0.415733 0.529593 
-131.129 5.72843 -247.626 0.772394 -0.0337425 0.634261 
-67.1994 -215.76 -210.471 0.269769 0.866162 0.420722 
79.0335 9.69249 -225.832 -0.656497 -0.0805113 0.750031 
34.1619 130.793 -177.595 -0.21066 -0.806537 0.552393 
-31.8325 -9.20591 -180.451 0.494952 0.14314 0.85706 
10.2881 -53.0042 -131.342 -0.129244 0.665866 0.734803 
10.3637 31.5043 -131.975 -0.177816 -0.540539 0.822324 
0.191625 8.03246 -105.64 0.00794199 0.33291 0.942935 
-1.96166 7.34563 -116.788 0.117193 -0.43884 0.8909 
2.36255 -22.6199 -123.387 -0.0587029 0.562043 0.825033 
-2.90655 24.1637 -129.874 0.0711992 -0.591918 0.802859 
6.33869 -32.0224 -142.853 -0.125736 0.635206 0.762051 
-13.4868 52.7261 -164.312 0.178784 -0.69895 0.692477 
31.3698 -87.3081 -196.762 -0.2675 0.744505 0.611698 
-62.1677 134.957 -227.122 0.354852 -0.770335 0.529795 
83.4005 -184.062 -236.109 -0.367531 0.811126 0.454988 
-109.221 193.055 -233.188 0.445853 -0.788072 0.424472 
88.7258 -238.304 -216.147 -0.324623 0.871887 0.366676 
-124.671 115.702 -191.088 0.656836 -0.609582 0.44384 
12.667 -280.84 -192.713 -0.0426173 0.944868 0.324693 
-44.9799 229.317 -229.135 0.177271 -0.903766 0.389616 
99.583 -163.565 -239.018 -0.455475 0.748117 0.482578 
-115.169 189.555 -224.057 0.473468 -0.779273 0.410586 
65.2738 -260.959 -210.564 -0.227464 0.909381 0.348287 
-119.64 42.7013 -182.368 0.808077 -0.288414 0.513661 
144.975 -25.1212 -232.537 -0.798676 0.138395 0.585647 
52.407 270.779 -193.551 -0.179699 -0.928477 0.325048 
79.5526 -201.667 -234.517 -0.333959 0.846592 0.414454 
-101.514 137.751 -237.797 0.505308 -0.685686 0.523943 
115.665 -183.505 -224.961 -0.485068 0.769574 0.415312 
-54.1337 259.68 -213.42 0.19041 -0.913398 0.359815 
128.355 -52.1325 -213.908 -0.783599 0.318266 0.53357 
-129.563 -98.3802 -247.251 0.663292 0.503652 0.55353 
88.7992 25.3694 -237.945 -0.672038 -0.191997 0.715206 
-12.6508 125.167 -167.727 0.0841601 -0.832682 0.547335 
-23.0845 -45.8344 -164.959 0.29545 0.586616 0.754061 
-2.96523 -8.60006 -116.254 -0.12726 -0.369092 0.920649 
3.57217 -8.45336 -129.665 -0.192789 0.456226 0.868739 
-5.00783 37.2119 -137.772 0.0870918 -0.647157 0.757377 
6.59227 -40.6697 -148.177 -0.109296 0.674281 0.730354 
-17.6317 58.4991 -173.377 0.212636 -0.70549 0.676083 
40.3292 -101.5 -207.46 -0.29924 0.753122 0.585902 
-70.5803 151.437 -232.332 0.364924 -0.782979 0.503778 
90.6534 -192.914 -236.479 -0.38189 0.812677 0.440153 
-109.52 200.039 -228.45 0.43784 -0.799719 0.410808 
96.2669 -229.251 -211.065 -0.360357 0.858159 0.365684 
-119.134 139.637 -185.535 0.591158 -0.692896 0.41285 
25.9319 -278.061 -184.801 -0.08828 0.946603 0.310108 
-118.111 46.8236 -194.01 0.792985 -0.314369 0.521886 
30.2789 254.043 -222.742 -0.11072 -0.928947 0.353293 
127.758 -76.4081 -250.27 -0.700155 0.418741 0.578322 
9.15303 245.763 -209.32 -0.0343771 -0.92304 0.383188 
21.0353 -153.186 -212.902 -0.118995 0.866559 0.4847 
-82.2879 116.737 -237.837 0.476682 -0.676238 0.561689 
61.8614 -218.294 -227.766 -0.248319 0.876256 0.412954 
-133.204 111.474 -233.543 0.664862 -0.556401 0.498392 
45.1813 -242.268 -210.19 -0.169236 0.907466 0.384556 
-70.6609 184.012 -235.934 0.320653 -0.835031 0.447128 
76.9759 -170.027 -228.929 -0.361803 0.799165 0.480054 
-126.135 136.16 -236.86 0.596928 -0.644371 0.477997 
58.8722 -228.176 -215.337 -0.228761 0.886629 0.401965 
-109.388 147.831 -243.384 0.521551 -0.704841 0.480834 
96.7513 -142.468 -233.385 -0.480084 0.706933 0.519406 
-116.368 174.556 -230.707 0.500559 -0.750854 0.430903 
56.693 -244.337 -216.186 -0.208938 0.900487 0.381426 
-128.788 87.9612 -233.284 0.704037 -0.480853 0.522618 
128.111 -9.11847 -248.469 -0.765948 0.0545174 0.640601 
62.1103 215.107 -210.019 -0.251478 -0.870944 0.422177 
-73.1262 -26.048 -223.433 0.625018 0.222635 0.748201 
4.33292 -108.498 -154.354 -0.0324263 0.811967 0.582818 
21.488 28.3478 -158.787 -0.342435 -0.451754 0.823817 
1.1398 0.0110997 -140.1 0.333601 0.0032487 0.942718 
5.28849 -11.9745 -121.756 -0.188836 0.427572 0.884048 
0.713012 31.0912 -122.103 -0.013399 -0.584269 0.811461 
0.655572 -14.9301 -119.888 -0.0230637 0.525255 0.850643 
-3.40276 17.6272 -128.687 0.107008 -0.554326 0.825403 
6.66496 -34.0191 -143.087 -0.125486 0.640501 0.757647 
-12.4126 52.5212 -162.627 0.165892 -0.701932 0.692669 
30.1786 -83.9321 -195 -0.265858 0.7394 0.618567 
-59.7783 132.471 -225.363 0.347817 -0.770776 0.533803 
84.0134 -180.264 -236.696 -0.375077 0.804787 0.460057 
-104.617 199.22 -233.146 0.421838 -0.803298 0.420455 
100.432 -222.387 -217.495 -0.38093 0.843494 0.378719 
-118.119 167.019 -196.049 0.529739 -0.749046 0.397901 
55.991 -262.69 -186.128 -0.197727 0.927664 0.316799 
-93.9788 19.8348 -139.998 0.842106 -0.177732 0.509203 
143.329 94.8689 -220.686 -0.719038 -0.475928 0.506453 
-112.124 126.19 -226.855 0.561524 -0.631967 0.534159 
42.3297 -248.299 -225.904 -0.156002 0.915082 0.371896 
-126.409 143.95 -239.648 0.578804 -0.659122 0.480169 
35.2438 -271.272 -212.12 -0.120814 0.929909 0.347408 
-128.259 36.1702 -213.674 0.806322 -0.22739 0.546037 
108.345 164.293 -242.189 -0.484902 -0.735297 0.473525 
85.4872 -61.9653 -245.837 -0.626501 0.454119 0.633475 
-50.753 -99.742 -220.224 0.366821 0.720892 0.588026 
-50.7164 11.1114 -227.711 0.623215 -0.13654 0.77005 
37.5433 28.1427 -207.169 -0.506579 -0.379735 0.774078 
-6.88132 -7.55356 -163.615 0.353476 0.388007 0.85119 
-6.74305 -0.159815 -156.532 -0.387998 -0.00919583 0.921624 
-2.51077 2.11905 -154.901 0.350278 -0.295629 0.888778 
12.259 -38.5464 -148.891 -0.199156 0.626213 0.753799 
-6.65705 60.119 -157.397 0.0812817 -0.734045 0.674232 
22.2067 -66.2427 -183.208 -0.24009 0.71619 0.655321 
-47.6773 112.975 -214.363 0.320323 -0.759033 0.566815 
79.4401 -162.416 -236.55 -0.38397 0.785031 0.486118 
-88.3154 206.055 -233.636 0.356973 -0.832879 0.422967 
122.112 -173.554 -225.211 -0.520297 0.739481 0.427172 
-53.3795 269.322 -207.557 0.18286 -0.922603 0.339683 
119.385 -31.1389 -185.274 -0.823261 0.21473 0.5255 
-138.711 -101.304 -239.668 0.68505 0.500308 0.529543 
107.002 -20.4072 -241.076 -0.71604 0.136561 0.684584 
53.7445 213.358 -214.873 -0.221102 -0.877741 0.42509 
-22.7612 -95.9533 -190.056 0.185956 0.783923 0.592371 
-36.4154 42.0998 -207.587 0.45133 -0.521783 0.723921 
43.1936 -67.7689 -200.354 -0.397201 0.623191 0.673708 
-38.5898 155.802 -215.746 0.20932 -0.845106 0.491934 
104.974 -132.632 -246.921 -0.530096 0.669768 0.520025 
-37.4661 225.657 -216.679 0.149666 -0.90143 0.406253 
121.368 -94.618 -246.833 -0.661877 0.515996 0.543769 
-112.959 55.4103 -245.368 0.691075 -0.338998 0.638368 
-2.13569 -265.308 -216.853 0.00751164 0.933142 0.359454 
-128.8 33.7755 -237.301 0.788532 -0.206779 0.579204 
85.1635 155.646 -239.552 -0.417001 -0.762118 0.495282 
82.6532 -13.4233 -246.619 -0.703655 0.114277 0.701304 
-21.8299 -89.0905 -196.315 0.192638 0.786178 0.587224 
-57.2536 10.2029 -230.248 0.632063 -0.112636 0.766699 
48.6935 -20.5118 -212.256 -0.568942 0.239663 0.786692 
-0.514635 122.7 -175.856 0.00350691 -0.83612 0.548552 
2.5555 -61.0949 -161.546 -0.0313586 0.749697 0.661051 
-33.2605 63.3417 -198.119 0.345322 -0.657636 0.669541 
40.8961 -128.431 -208.451 -0.255549 0.802536 0.539119 
-94.355 137.86 -244.492 0.483637 -0.706631 0.516513 
46.2113 -207.427 -217.914 -0.196467 0.881871 0.428629 
-121.71 101.832 -246.692 0.647849 -0.542045 0.535254 
107.65 -99.597 -239.641 -0.596932 0.552276 0.581964 
-82.6262 236.494 -223.433 0.306091 -0.876098 0.37253 
112.065 -201.929 -222.198 -0.444308 0.800599 0.402058 
-108.893 194.394 -196.193 0.453303 -0.809231 0.373738 
89.3183 -220.201 -181.955 -0.353651 0.871871 0.338806 
-100.019 96.4406 -143.661 0.654173 -0.630772 0.417376 
3.86137 -270.034 -166.451 -0.0136462 0.954313 0.298528 
-45.6175 255.55 -221 0.16459 -0.922035 0.350398 
111.12 -175.254 -236.721 -0.476194 0.751035 0.457388 
-118.113 176.417 -208.307 0.509459 -0.760945 0.401786 
51.4072 -271.421 -201.119 -0.175564 0.926947 0.33161 
-114.819 25.9948 -179.563 0.829321 -0.187757 0.5263 
93.4186 218.647 -228.305 -0.361373 -0.845796 0.3925 
127.043 38.1183 -240.665 -0.778033 -0.233442 0.583256 
96.855 -72.7707 -244.806 -0.645116 0.484699 0.590686 
40.349 -139.59 -222.491 -0.242049 0.837384 0.490121 
-68.4375 -95.2336 -233.527 0.467444 0.650467 0.598671 
-42.6986 24.9046 -220.531 0.566139 -0.330208 0.755293 
34.2219 38.108 -203.489 -0.448709 -0.499662 0.740956 
-0.0534301 -2.59562 -132.94 0.0120745 0.586579 0.809813 
-18.5887 9.90892 -187.585 0.473973 -0.252656 0.843524 
22.82 -44.1926 -170.059 -0.309613 0.599589 0.738004 
-12.009 94.1123 -178.8 0.101959 -0.79904 0.592586 
50.0059 -95.2709 -218.444 -0.372425 0.709542 0.598221 
-48.6167 151.986 -215.73 0.263203 -0.822827 0.503684 
110.007 -132.145 -247.42 -0.549255 0.659785 0.512856 
-50.0079 205.647 -215.54 0.21318 -0.876655 0.431334 
105.499 -135.951 -246.36 -0.529073 0.68179 0.505235 
-86.5487 145.764 -229.354 0.436864 -0.735758 0.517521 
113.039 -170.899 -237.337 -0.493818 0.746582 0.445843 
-58.1386 231.473 -218.387 0.223448 -0.889638 0.398287 
127.601 -96.7158 -237.98 -0.680252 0.515598 0.520994 
-123.829 49.5533 -246.315 0.724374 -0.289878 0.625516 
-15.331 -273.913 -213.322 0.0524004 0.936218 0.347516 
-126.421 41.4018 -237.505 0.776596 -0.254328 0.576397 
58.5985 184.975 -231.787 -0.269975 -0.852218 0.44817 
104.341 -7.3554 -253.327 -0.73918 0.0521077 0.671502 
-79.1697 -17.3198 -236.492 0.662187 0.144865 0.735215 
35.4428 -89.4484 -180.177 -0.287433 0.725407 0.625447 
7.73716 88.4869 -171.374 -0.0690592 -0.789804 0.609475 
21.4972 -52.5151 -183.21 -0.275166 0.672199 0.68735 
-38.923 97.4105 -201.721 0.29739 -0.744262 0.598039 
71.7894 -146.984 -234.301 -0.37785 0.773624 0.508678 
-70.1836 197.847 -229.855 0.300307 -0.846563 0.439506 
129.99 -129.63 -234.93 -0.620366 0.618648 0.482118 
-36.603 249.842 -210.567 0.134306 -0.916739 0.376258 
89.5682 -165.824 -241.346 -0.420129 0.777812 0.467459 
-84.4677 151.456 -229.936 0.419422 -0.752051 0.508451 
118.963 -159.098 -236.766 -0.533124 0.712986 0.455464 
-56.0001 233.365 -216.574 0.214277 -0.892943 0.395925 
122.478 -114.914 -241.816 -0.627679 0.58891 0.509139 
-117.376 78.1085 -243.953 0.66465 -0.442297 0.602188 
47.2697 -268.256 -215.733 -0.16296 0.9248 0.343812 
-134.597 84.9367 -211.897 0.733145 -0.462648 0.498471 
37.1529 -260.966 -202.227 -0.131609 0.924438 0.357926 
-5.96317 208.119 -222.048 0.0260237 -0.90825 0.41764 
112.489 -97.6889 -250.735 -0.62116 0.539434 0.568497 
-19.6758 220.484 -209.867 0.0809915 -0.90758 0.412016 
69.4738 -143.173 -235.683 -0.376116 0.775106 0.507707 
-68.9712 142.968 -223.719 0.370403 -0.767797 0.522789 
110.418 -158.293 -242.91 -0.504489 0.723228 0.471646 
-51.8463 224.595 -217.976 0.205406 -0.889808 0.407515 
123.696 -104.24 -243.46 -0.651208 0.54878 0.524201 
-116.194 73.6298 -244.087 0.66926 -0.424095 0.610125 
38.1782 -270.637 -216.45 -0.131124 0.929509 0.344727 
-134.576 65.171 -213.388 0.76916 -0.372479 0.519297 
95.3239 -205.299 -216.538 -0.382016 0.822748 0.420912 
-106.322 185.383 -232.464 0.450946 -0.786269 0.422429 
85.4763 -200.295 -225.602 -0.353317 0.827922 0.435581 
-129.639 109.9 -226.862 0.665235 -0.563944 0.489334 
119.258 -136.481 -234.528 -0.56522 0.646849 0.511987 
-115.3 174.323 -209.115 0.505165 -0.763768 0.401851 
60.3802 -257.2 -209.742 -0.213253 0.90839 0.359678 
-128.094 81.069 -221.397 0.725006 -0.458848 0.513657 
133.302 41.6177 -248.44 -0.755153 -0.235763 0.6117 
-13.3187 191.572 -188.273 0.0621121 -0.893402 0.444963 
-52.1035 -52.3706 -203.283 0.482904 0.485379 0.728854 
23.9585 -6.84823 -176.838 -0.476746 0.136272 0.868425 
0.825007 73.2909 -143.403 -0.0083757 -0.74407 0.668063 
-4.60685 -28.6036 -132.145 0.0955261 0.593113 0.799443 
-2.06173 9.06257 -127.572 0.11788 -0.518154 0.847136 
8.82799 -33.4225 -147.143 -0.166172 0.629122 0.759349 
-13.8821 60.5607 -167.171 0.165632 -0.722571 0.671174 
34.7919 -90.3896 -201.441 -0.285813 0.742544 0.60577 
-61.8831 140.963 -226.644 0.343235 -0.781853 0.520494 
93.2134 -178.619 -239.217 -0.411062 0.787694 0.458895 
-89.768 222.1 -228.679 0.343706 -0.850383 0.398413 
127.265 -151.447 -214.464 -0.57974 0.689901 0.433539 
-29.1516 279.143 -201.711 0.098015 -0.938548 0.330968 
126.651 -61.9377 -218.588 -0.76133 0.372324 0.530819 
-105.961 -164.751 -242.36 0.476444 0.740789 0.473551 
-91.0612 37.4744 -248.297 0.694505 -0.28581 0.660298 
19.5133 116.793 -204.714 -0.139572 -0.835381 0.531673 
71.6272 -15.2075 -238.602 -0.6596 0.140042 0.738468 
-52.5806 61.7751 -206.74 0.467882 -0.549698 0.692053 
20.5639 -166.063 -209.409 -0.108132 0.873214 0.475207 
-106.51 96.9514 -250.613 0.607245 -0.552749 0.570737 
59.8086 -166.919 -215.126 -0.294899 0.82303 0.485462 
-85.1789 162.4 -240.746 0.407899 -0.777691 0.478364 
63.3742 -187.992 -222.701 -0.284489 0.843904 0.454873 
-125.42 115.432 -242.405 0.633063 -0.582647 0.509678 
94.1305 -164.863 -228.339 -0.433542 0.759321 0.485274 
-117.661 162.914 -233.925 0.524023 -0.725565 0.446065 
72.7122 -217.845 -220.089 -0.288211 0.863475 0.413961 
-125.974 116.698 -236.444 0.636724 -0.589835 0.496684 
119.409 -103.1 -240.748 -0.625367 0.539954 0.563368 
-90.3881 231.283 -213.036 0.339433 -0.868535 0.361179 
102.074 -221.824 -212.613 -0.387505 0.842111 0.37511 
-116.597 124.436 -177.268 0.620675 -0.662401 0.419531 
16.0234 -280.339 -185.026 -0.0542056 0.94836 0.312559 
-109.489 172.087 -229.025 0.485265 -0.762705 0.427572 
122.422 -107.701 -241.549 -0.625977 0.550705 0.552172 
-93.6292 226.001 -208.215 0.357176 -0.862148 0.359368 
98.9533 -225.961 -207.462 -0.373366 0.852588 0.365663 
-113.784 108.648 -168.917 0.65346 -0.62396 0.428582 
11.224 -279.67 -182.874 -0.0380866 0.949007 0.312974 
-36.1813 246.193 -226.35 0.13512 -0.919412 0.36938 
110.195 -158.958 -241.232 -0.499111 0.719975 0.482226 
-100.048 221.107 -218.452 0.381504 -0.843124 0.378966 
109.961 -202.472 -205.44 -0.441639 0.813195 0.379062 
-101.64 195.519 -182.56 0.430691 -0.828498 0.357932 
95.8625 -176.384 -162.504 -0.446976 0.822424 0.351923 
-85.4268 162.474 -142.844 0.437415 -0.831924 0.341452 
77.348 -133.531 -121.827 -0.47053 0.81231 0.344632 
-64.4394 139.095 -110.066 0.397981 -0.859057 0.321948 
52.6374 -64.5288 -74.8041 -0.586319 0.718776 0.373643 
-23.876 179.356 -102.673 0.126797 -0.952497 0.276931 
27.8951 -2.9663 -57.4117 -0.859248 0.0913704 0.503351 
61.8971 -28.0844 -115.868 -0.791338 0.359052 0.494857 
60.6918 63.8165 -129.939 -0.622067 -0.654094 0.430362 
39.5284 214.691 -170.828 -0.172308 -0.935859 0.3074 
144.938 -13.534 -230.609 -0.816145 0.0762099 0.572815 
55.4223 242.901 -200.648 -0.205681 -0.901442 0.38094 
-96.0217 30.8205 -228.511 0.679512 -0.218106 0.700508 
-56.8907 -190.483 -216.425 0.254699 0.852792 0.455951 
10.0292 82.3126 -178.342 -0.09585 -0.786667 0.609907 
43.1064 -49.0663 -212.901 -0.466052 0.530488 0.708094 
-35.8809 104.289 -194.422 0.263448 -0.765721 0.586758 
49.6453 -136.378 -221.611 -0.291809 0.801614 0.521805 
-74.0545 164.222 -232.408 0.359261 -0.796692 0.486036 
112.317 -175.142 -238.445 -0.482535 0.752444 0.448337 
-59.6656 253.9 -218.703 0.212818 -0.905621 0.366847 
129.634 -53.3562 -206.897 -0.787502 0.324129 0.524212 
-139.347 38.3298 -240.03 0.77199 -0.212349 0.59913 
-30.2993 -281.31 -200.862 0.101304 0.940542 0.324247 
-125.495 49.1999 -226.833 0.774681 -0.303712 0.554659 
16.5483 224.189 -226.644 -0.0677679 -0.918093 0.390551 
110.08 -70.6838 -250.738 -0.663288 0.425905 0.615363 
0.902964 226.646 -209.896 -0.0036425 -0.914274 0.405103 
53.4003 -137.483 -226.825 -0.310361 0.799048 0.514992 
-66.869 132.286 -223.734 0.3797 -0.751153 0.540015 
105.452 -166.527 -242.299 -0.473541 0.7478 0.465372 
-52.2555 232.683 -220.058 0.201084 -0.895386 0.397326 
130.801 -76.1691 -234.962 -0.728908 0.424462 0.537162 
-126.611 28.0316 -247.282 0.752705 -0.166648 0.636931 
-52.0882 -246.891 -213.823 0.190852 0.90461 0.38115 
16.9556 143.155 -205.877 -0.101677 -0.858459 0.50272 
81.4227 -55.4364 -243.709 -0.616817 0.419958 0.665725 
-56.8854 108.753 -210.096 0.375757 -0.718365 0.585471 
55.8268 -171.398 -228.406 -0.273357 0.839255 0.470048 
-90.2342 173.965 -238.03 0.406762 -0.784208 0.468593 
106.502 -201.524 -230.575 -0.425578 0.80528 0.412826 
-95.7819 229.854 -215.212 0.357217 -0.857237 0.37089 
121.482 -138.421 -190.25 -0.598898 0.682406 0.41912 
-22.6116 280.603 -188.69 0.0762559 -0.946311 0.314162 
123.897 -74.8257 -211.578 -0.7365 0.444797 0.509649 
-113.96 -160.094 -242.259 0.510414 0.717041 0.474707 
-84.2683 77.3891 -244.631 0.58495 -0.537198 0.607675 
63.4756 90.0872 -228.83 -0.45508 -0.645868 0.613005 
22.3702 -35.052 -192.361 -0.369475 0.578931 0.726874 
-44.2434 -5.94049 -216.348 0.590015 0.0792202 0.803508 
32.6498 -17.9804 -193.467 -0.502726 0.276853 0.818925 
-2.64207 101.846 -167.691 0.0209835 -0.808867 0.587633 
5.16102 -56.6353 -159.935 -0.0670932 0.736258 0.67338 
-32.5096 67.6682 -196.75 0.325902 -0.67836 0.658509 
45.2205 -131.794 -213.167 -0.274446 0.799863 0.533775 
-97.8575 145.057 -244.547 0.482871 -0.715771 0.504505 
47.0486 -221.319 -219.86 -0.189526 0.891539 0.411408 
-128.637 83.6829 -241.569 0.704752 -0.458466 0.541435 
119.661 -60.8897 -245.034 -0.698554 0.355462 0.621037 
-11.4064 276.55 -214.576 0.0387222 -0.938827 0.342233 
131.158 -23.6515 -216.847 -0.818732 0.147641 0.554886 
-121.866 -118.48 -246.982 0.605706 0.588877 0.535128 
49.7191 97.0057 -214.106 -0.363579 -0.709371 0.603839 
15.2091 -32.2405 -177.587 -0.290476 0.615755 0.732453 
-41.2051 30.2074 -207.113 0.51416 -0.37693 0.770442 
12.8466 -121.77 -182.761 -0.0878095 0.832322 0.547309 
-25.4298 93.2783 -195.635 0.212257 -0.778574 0.590582 
60.4394 -119.438 -224.161 -0.374664 0.740393 0.558089 
-80.4336 182.992 -235.716 0.358 -0.814473 0.456604 
106.153 -194.171 -234.517 -0.433746 0.793394 0.427094 
-95.2839 229.385 -218.187 0.355622 -0.856121 0.374978 
122.721 -146.428 -196.18 -0.583643 0.696394 0.417629 
-28.7528 279.649 -190.832 0.0970393 -0.9438 0.315979 
119.718 -42.3941 -196.94 -0.800469 0.283459 0.528127 
-29.1478 -252.317 -223.597 0.107229 0.928222 0.356265 
-126.408 76.6384 -250.655 0.696221 -0.422103 0.580624 
-7.98553 -244.224 -209.471 0.0301614 0.922435 0.384995 
-25.2034 152.48 -214.368 0.142501 -0.862124 0.486265 
79.8969 -121.902 -235.842 -0.456409 0.696361 0.553886 
-74.8559 213.197 -231.501 0.301124 -0.85763 0.416909 
127.255 -152.116 -231.288 -0.571218 0.682813 0.455516 
-31.3539 270.91 -209.846 0.107756 -0.931051 0.348641 
128.346 -67.2687 -229.642 -0.745827 0.390905 0.539401 
-119.119 -101.754 -249.056 0.628346 0.536746 0.563119 
58.2786 72.9685 -219.37 -0.467772 -0.58568 0.661956 
-5.37919 -21.8773 -147.934 0.151242 0.615105 0.773815 
-11.2011 13.4187 -169.954 0.362066 -0.433747 0.8251 
21.5022 -56.6833 -170.743 -0.254942 0.672066 0.695234 
-21.1447 97.9488 -189.246 0.171175 -0.792938 0.584779 
67.4135 -114.011 -231.512 -0.420003 0.710316 0.56486 
-50.7828 184.126 -220.712 0.236353 -0.856961 0.45801 
124.182 -110.19 -245.95 -0.637062 0.565281 0.52405 
-76.5243 184.762 -221.328 0.339891 -0.82064 0.459393 
106.885 -162.411 -241.846 -0.487018 0.740016 0.463905 
-74.7622 191.802 -223.623 0.324394 -0.832232 0.44964 
124.225 -126.916 -239.317 -0.609266 0.622464 0.491275 
-99.8298 160.937 -230.474 0.459835 -0.741304 0.488915 
120.835 -159.28 -228.582 -0.542387 0.714954 0.44122 
-72.5888 225.938 -218.174 0.279996 -0.87151 0.402606 
125.708 -117.701 -235.177 -0.634921 0.594482 0.493441 
-122.329 91.0599 -242.3 0.655217 -0.487732 0.576911 
73.6767 -251.482 -210.807 -0.263872 0.900677 0.345211 
-124.778 164.454 -209.611 0.54929 -0.723952 0.417363 
59.081 -262.041 -189.682 -0.208378 0.924217 0.32003 
-99.3692 29.4308 -145.619 0.828635 -0.245422 0.50314 
146.077 -38.6031 -215.327 -0.80378 0.212411 0.555731 
-1.4923 253.105 -157.436 0.00564956 -0.958207 0.286051 
77.9879 2.48468 -118.779 -0.858873 -0.0273635 0.511474 
43.6228 -241.177 -190.119 -0.16889 0.933743 0.315624 
-136.612 114.721 -235.132 0.656898 -0.551633 0.514008 
85.9525 -217.634 -181.716 -0.346018 0.876127 0.335694 
-104.383 190.27 -181.123 0.44827 -0.817109 0.362499 
93.8276 -148.031 -148.178 -0.499111 0.787442 0.36172 
-64.7274 208.22 -146.463 0.282433 -0.908551 0.30787 
56.3171 -26.3422 -81.2329 -0.800504 0.374434 0.467986 
-74.23 217.691 -152.685 0.304954 -0.894326 0.327416 
5.93917 -277.835 -206.641 -0.0202569 0.947618 0.318791 
-138.24 105.19 -228.168 0.689428 -0.524604 0.499498 
-5.88897 -278.09 -203.082 0.0199184 0.940592 0.338982 
-61.8628 196.571 -233.492 0.271173 -0.861658 0.428985 
85.2418 -156.495 -232.996 -0.414424 0.760841 0.499391 
-122.271 158.397 -233.685 0.545243 -0.70634 0.451455 
44.6511 -250.875 -213.724 -0.162468 0.912839 0.37463 
-123.502 106.108 -241.009 0.649234 -0.557798 0.517082 
121.27 -35.784 -247.829 -0.735098 0.21691 0.642339 
40.0187 248.993 -214.306 -0.146806 -0.913419 0.379648 
27.704 -153.165 -216.225 -0.15571 0.860859 0.484453 
-77.1626 119.558 -233.378 0.44945 -0.696389 0.559513 
82.9438 -206.454 -234.036 -0.337799 0.840811 0.42302 
-115.263 187.13 -230.549 0.474826 -0.770881 0.424618 
80.7741 -248.283 -211.19 -0.289363 0.889442 0.353809 
-122.053 85.8556 -181.959 0.722877 -0.508494 0.467869 
36.8861 -270.728 -192.853 -0.127157 0.93328 0.335914 
6.73641 232.395 -224.605 -0.0266669 -0.919965 0.391116 
123.647 -76.5548 -251.474 -0.693091 0.42912 0.579223 
-35.8708 206.632 -207.284 0.1545 -0.889989 0.42903 
32.613 -156.649 -217.504 -0.178398 0.856894 0.483657 
-82.7242 136.881 -237.091 0.439341 -0.726964 0.527751 
84.8061 -211.897 -232.804 -0.338006 0.844544 0.41535 
-121.378 175.554 -226.969 0.513907 -0.743285 0.428305 
59.0472 -266.219 -208.03 -0.203561 0.917769 0.341001 
-118.487 36.999 -180.513 0.816921 -0.255093 0.517287 
145.492 4.97884 -234.045 -0.807176 -0.027622 0.589679 
92.4271 224.91 -206.676 -0.349437 -0.850311 0.393551 
-99.7323 88.0012 -222.749 0.594247 -0.524348 0.609875 
-36.3569 -198.611 -217.792 0.16176 0.883668 0.439297 
-82.4693 69.9514 -244.693 0.591695 -0.501883 0.630895 
81.3647 -15.9589 -237.823 -0.670044 0.131422 0.730608 
8.04111 152.756 -183.78 -0.0454684 -0.863761 0.501865 
-13.4567 -57.2223 -162.417 0.165298 0.7029 0.691828 
-7.86755 20.6491 -154.655 0.221845 -0.582251 0.782168 
24.2858 -60.7094 -179.547 -0.27233 0.680768 0.680007 
-37.4917 115.949 -207.526 0.255628 -0.790568 0.556484 
81.1999 -143.714 -238.108 -0.421887 0.746689 0.514281 
-68.0297 212.466 -228.766 0.276698 -0.864165 0.420327 
132.847 -115.237 -231.446 -0.657975 0.570756 0.491248 
-45.9218 244.518 -210.122 0.170616 -0.908473 0.381557 
75.9443 -183.285 -237.282 -0.342413 0.826383 0.44706 
-77.6894 170.278 -228.507 0.36418 -0.798201 0.479861 
125.989 -135.163 -236.891 -0.598577 0.642162 0.478907 
-64.7742 221.8 -216.724 0.255733 -0.87568 0.409639 
112.269 -146.608 -242.649 -0.533576 0.696777 0.479392 
-97.8295 146.32 -233.095 0.477177 -0.713695 0.512796 
118.057 -170.241 -229.815 -0.513588 0.740608 0.433296 
-58.2935 242.277 -215.896 0.216022 -0.89782 0.38376 
127.437 -98.2304 -235.501 -0.678841 0.523262 0.515159 
-126.47 31.5312 -247.511 0.749777 -0.186933 0.634751 
-47.9428 -250.728 -213.672 0.17399 0.909918 0.376558 
-1.10571 154.355 -209.081 0.00627683 -0.876234 0.481864 
87.8812 -85.3364 -243.924 -0.567406 0.550976 0.611959 
-25.3088 190.655 -207.902 0.117652 -0.886293 0.447951 
80.5788 -127.253 -240.935 -0.452522 0.714642 0.533413 
-67.6968 141.67 -221.484 0.366847 -0.767705 0.525424 
104.117 -161.949 -243.128 -0.476976 0.741915 0.471247 
-55.3863 216.57 -219.529 0.225144 -0.880354 0.417499 
125.739 -101.144 -242.392 -0.663244 0.533509 0.524875 
-116.352 84.5827 -242.716 0.650302 -0.472739 0.594679 
61.0641 -260.045 -216.582 -0.214276 0.912507 0.348475 
-132.735 127.4 -215.172 0.640919 -0.615157 0.459154 
10.3486 -281.399 -200.008 -0.0346849 0.943148 0.330587 
-108.683 156.889 -239.141 0.505364 -0.729518 0.4609 
115.297 -90.8874 -243.579 -0.636238 0.50154 0.586239 
-67.8819 255.137 -217.087 0.240629 -0.904414 0.352349 
130.623 -140.074 -214.252 -0.610595 0.654771 0.445496 
-21.0405 282.244 -198.576 0.0703162 -0.943247 0.324591 
126.092 -63.1979 -218.269 -0.758435 0.380132 0.529427 
-98.8631 -178.26 -240.288 0.431726 0.778445 0.455691 
-103.71 -8.14564 -250.724 0.751899 0.0590559 0.656641 
-40.1097 107.582 -217.831 0.292452 -0.784413 0.54698 
59.7137 76.3844 -227.306 -0.473314 -0.605453 0.639858 
17.2757 -29.9356 -184.578 -0.337782 0.585315 0.737108 
-39.4754 -10.4444 -212.639 0.570953 0.151063 0.806976 
26.4559 -2.03781 -193.198 -0.520692 0.040107 0.852813 
-19.1848 44.6243 -157.65 0.264697 -0.615689 0.742213 
0.571106 -68.1343 -156.952 -0.00631076 0.752889 0.658131 
-14.8875 51.0319 -170.061 0.202481 -0.694073 0.690857 
37.9773 -91.9314 -202.955 -0.303608 0.734941 0.606385 
-66.6142 147.963 -230.485 0.35344 -0.785061 0.508702 
87.7125 -188.865 -236.507 -0.376759 0.811249 0.447153 
-110.489 195.595 -230.513 0.446927 -0.79118 0.417502 
89.8585 -237.857 -213.273 -0.329302 0.871666 0.36301 
-122.638 115.306 -186.42 0.654439 -0.61531 0.439455 
11.0633 -281.41 -190.292 -0.0372076 0.946424 0.320803 
-49.4457 231.594 -229.222 0.192637 -0.902274 0.385759 
98.8813 -168.371 -237.831 -0.445354 0.75833 0.476039 
-120.543 174.726 -222.595 0.515078 -0.746601 0.421069 
47.4714 -269.106 -209.236 -0.163011 0.92408 0.345719 
-125.545 40.0718 -205.594 0.804359 -0.256737 0.535827 
111.595 169.561 -240.611 -0.487495 -0.740718 0.46228 
93.4649 -56.4383 -248.174 -0.664266 0.401114 0.630774 
-36.4405 -122.487 -214.407 0.241127 0.810494 0.533831 
-72.4978 9.63418 -240.601 0.670961 -0.0891635 0.736125 
58.3909 -11.3389 -221.675 -0.614641 0.119357 0.779736 
-3.21134 118.034 -169.462 0.0225497 -0.828823 0.559073 
-6.92933 -52.1737 -152.85 0.0936764 0.705328 0.702677 
-10.2573 28.0463 -158.393 0.222807 -0.609216 0.761072 
25.9014 -72.1111 -184.385 -0.257109 0.715807 0.649256 
-48.1428 122.365 -217.294 0.306315 -0.778565 0.547746 
77.6663 -163.33 -235.129 -0.375343 0.789336 0.485886 
-99.1397 196.221 -235.881 0.407099 -0.805747 0.430187 
101.823 -217.45 -223.046 -0.390474 0.83388 0.390118 
-116.615 182.35 -203.933 0.495363 -0.774598 0.393232 
73.4642 -248.819 -189.552 -0.267492 0.905982 0.328119 
-99.8986 49.1209 -143.355 0.787434 -0.387187 0.479638 
95.929 -220.994 -189.053 -0.370344 0.853169 0.367378 
-98.731 204.498 -213.707 0.4025 -0.833685 0.378127 
98.3246 -206.44 -224.396 -0.390254 0.819369 0.419945 
-126.432 89.6502 -203.259 0.714086 -0.506344 0.483441 
134.414 -111.969 -232.104 -0.654191 0.544952 0.52448 
-100.416 184.563 -183.343 0.44541 -0.818659 0.362526 
64.6341 -262.163 -197.321 -0.225585 0.914997 0.33453 
-108.864 29.4719 -168.77 0.825917 -0.223595 0.517576 
102.002 211.75 -225.641 -0.398832 -0.827953 0.394265 
124.994 42.0404 -236.153 -0.775836 -0.260944 0.57446 
105.856 33.8903 -240.873 -0.752449 -0.240899 0.613031 
79.5431 131.579 -237.082 -0.449418 -0.74342 0.495346 
68.0931 149.372 -235.898 -0.362427 -0.795037 0.486396 
92.6817 50.6994 -249.346 -0.662069 -0.36217 0.656137 
1.22636 -75.3494 -181.296 -0.0130157 0.799701 0.600272 
-57.1873 21.1191 -226.831 0.60838 -0.224673 0.761192 
32.9717 -91.4276 -184.319 -0.267088 0.74061 0.616586 
-13.8162 110.159 -189.991 0.103267 -0.823369 0.558047 
71.9106 -100.482 -235.11 -0.470354 0.657236 0.588919 
-40.6562 173.153 -212.162 0.201463 -0.858024 0.472468 
104.999 -121.055 -248.326 -0.555019 0.639887 0.531523 
-73.4633 158.728 -222.598 0.364112 -0.786715 0.498518 
106.571 -161.539 -242.629 -0.486687 0.737717 0.467897 
-62.8802 207.27 -220.369 0.262192 -0.864256 0.429342 
123.594 -115.428 -242.409 -0.628776 0.587229 0.509727 
-109.54 119.608 -237.753 0.564848 -0.616761 0.548243 
104.268 -207.002 -222.325 -0.413977 0.821866 0.391379 
-72.2504 250.054 -216.442 0.258306 -0.89398 0.366192 
124.197 -52.3262 -193.087 -0.790973 0.333249 0.513153 
-143.016 35.1887 -235.698 0.78498 -0.193142 0.58866 
-32.9968 -279.714 -194.183 0.111114 0.941913 0.316972 
-124.585 52.3179 -221.196 0.773152 -0.324674 0.544831 
6.3419 233.118 -226.061 -0.0251709 -0.925241 0.378568 
112.196 -78.7491 -249.894 -0.653205 0.458478 0.60261 
-4.70341 247.291 -214.797 0.0175793 -0.924264 0.381374 
112.807 -92.1918 -249.332 -0.641829 0.524536 0.559406 
-106.973 13.3105 -247.585 0.724497 -0.0901483 0.68337 
-34.262 -187.809 -199.099 0.159636 0.875057 0.456957 
38.2237 51.0258 -191.9 -0.408532 -0.545359 0.731917 
-3.34295 -2.90269 -151.774 0.338824 0.294201 0.893679 
-5.49685 2.43415 -142.621 -0.327876 0.145192 0.933507 
-6.66485 15.1576 -133.635 0.212849 -0.484073 0.848756 
2.8428 -42.1973 -137.716 -0.0449252 0.666852 0.743847 
-5.50024 35.2382 -144.44 0.102444 -0.656323 0.747505 
15.9676 -53.1611 -169.127 -0.207935 0.692281 0.691034 
-35.4834 95.5375 -201.898 0.279493 -0.752522 0.596333 
68.1047 -142.77 -231.102 -0.368508 0.772512 0.51715 
-83.1786 192.684 -235.04 0.35527 -0.822987 0.443276 
117.128 -180.554 -231.947 -0.490951 0.75681 0.431535 
-65.4072 259.726 -213.042 0.228632 -0.907877 0.351433 
123.015 -50.8041 -187.536 -0.795123 0.328379 0.509868 
-140.064 91.2838 -228.698 0.706224 -0.460269 0.537976 
83.9683 -203.751 -172.43 -0.359205 0.871618 0.333575 
-89.1658 230.083 -188.217 0.339588 -0.876271 0.341829 
90.4043 -51.5477 -129.241 -0.768977 0.438464 0.465233 
-80.3321 235.734 -178.678 0.30296 -0.889032 0.3433 
64.9037 -248.104 -216.781 -0.23714 0.906504 0.349332 
-103.93 201.187 -229.683 0.415812 -0.804925 0.423336 
125.24 -117.516 -197.334 -0.652213 0.611988 0.447333 
-42.9882 267.471 -200.243 0.148922 -0.926587 0.345365 
74.3264 -210.14 -233.856 -0.304322 0.860398 0.408806 
-87.2893 179.337 -231.645 0.387473 -0.796069 0.464928 
129.487 -129.094 -227.193 -0.625027 0.623129 0.470181 
-65.1914 233.864 -213.992 0.246945 -0.885876 0.392759 
109.828 -156.98 -240.797 -0.50754 0.725438 0.46493 
-98.4376 150.157 -233.193 0.472768 -0.721159 0.506397 
120.378 -164.225 -228.386 -0.531841 0.725559 0.436723 
-59.3496 241.686 -215.242 0.220184 -0.89664 0.384153 
125.504 -109.177 -237.261 -0.650623 0.56598 0.506334 
-124.195 53.1909 -246.238 0.720509 -0.308582 0.621017 
-8.32177 -276.765 -212.849 0.0282286 0.938827 0.343257 
-128.45 25.9631 -229.359 0.803986 -0.162507 0.572027 
29.8112 214.661 -227.476 -0.12579 -0.905775 0.404681 
109.94 -57.3129 -252.33 -0.688393 0.358867 0.630356 
-12.9917 195.677 -200.687 0.0594439 -0.895324 0.441451 
7.5275 -117.507 -194.202 -0.0538211 0.840169 0.539664 
-73.8689 89.9721 -236.039 0.502758 -0.612358 0.61014 
34.1399 -177.963 -210.162 -0.166802 0.869496 0.464943 
-99.6779 118.456 -247.773 0.542147 -0.64428 0.539443 
74.6572 -146.136 -223.607 -0.389002 0.761441 0.518559 
-103.872 168.806 -241.748 0.465286 -0.756155 0.460169 
58.9792 -216.887 -220.405 -0.238507 0.877074 0.416981 
-127.54 98.7175 -240.086 0.674207 -0.521843 0.522631 
119.141 -82.5869 -242.984 -0.661389 0.458467 0.593625 
-58.2859 263.181 -214.416 0.203069 -0.916925 0.343554 
133.133 -117.747 -211.976 -0.66309 0.58646 0.465182 
-5.67336 280.218 -199.102 0.0190896 -0.94287 0.33264 
62.5709 -208.2 -233.025 -0.262033 0.871894 0.413711 
-88.2336 165.174 -233.798 0.411948 -0.771167 0.485406 
125.42 -151.263 -230.074 -0.569178 0.68646 0.452578 
-43.8157 253.31 -211.958 0.158268 -0.914989 0.371165 
117.501 -127.383 -242.572 -0.587956 0.637402 0.49804 
-115.647 76.4078 -244.396 0.663175 -0.438157 0.606824 
41.9315 -269.052 -216.779 -0.144481 0.927054 0.345998 
-134.692 71.2536 -213.286 0.758543 -0.401277 0.513426 
78.3619 -227.658 -211.014 -0.298983 0.868608 0.395155 
-81.5324 206.261 -234.81 0.334765 -0.84689 0.413192 
81.9048 -193.939 -229 -0.348373 0.8249 0.44519 
-131.371 111.071 -226.881 0.666375 -0.563406 0.488402 
92.9453 -198.58 -221.745 -0.381853 0.815838 0.434299 
-120.614 150.248 -231.84 0.557685 -0.694699 0.454311 
101.404 -174.609 -229.231 -0.444084 0.764671 0.466996 
-125.662 138.104 -222.402 0.59979 -0.659175 0.453607 
93.3589 -204.428 -221.632 -0.375941 0.823199 0.425477 
-125.974 127.972 -225.829 0.619815 -0.629641 0.468402 
119.616 -137.732 -234.884 -0.564168 0.649612 0.509644 
-116.148 169.967 -206.985 0.516251 -0.755466 0.403452 
58.8475 -258.95 -208.497 -0.206998 0.910868 0.357056 
-127.791 87.2157 -223.247 0.71078 -0.485099 0.5094 
133.066 30.9731 -248.498 -0.764454 -0.177938 0.61965 
16.4885 198.426 -188.687 -0.0744408 -0.89584 0.438119 
-62.0461 -15.7724 -210.861 0.601505 0.152905 0.784111 
-12.7921 -104.676 -151.672 0.0969484 0.793318 0.601054 
19.9736 13.3614 -158.65 -0.398056 -0.266281 0.877875 
-8.68832 10.0161 -132.83 0.290062 -0.334389 0.896697 
-3.72098 -41.9647 -124.432 0.0547678 0.617665 0.784544 
1.13441 11.7644 -115.874 -0.0459441 -0.476464 0.878003 
1.21543 -6.05341 -117.745 -0.0923628 0.460008 0.883108 
-3.85802 21.8313 -128.685 0.100665 -0.569634 0.815722 
5.1885 -33.1089 -139.712 -0.100122 0.6389 0.762758 
-10.5553 45.9522 -157.363 0.15721 -0.684411 0.711958 
25.2399 -75.6703 -187.379 -0.244219 0.732181 0.635835 
-54.2731 122.008 -221.163 0.33924 -0.762626 0.55076 
77.4248 -173.618 -234.752 -0.359312 0.805723 0.470875 
-106.663 188.89 -236.285 0.442866 -0.784272 0.434517 
86.3133 -238.325 -219.917 -0.316024 0.872595 0.372457 
-127.415 114.093 -197.639 0.664409 -0.59494 0.452355 
16.7571 -278.397 -196.119 -0.0566778 0.94163 0.331871 
-34.6428 225.249 -227.975 0.139591 -0.907624 0.395918 
103.051 -150.859 -242.126 -0.488792 0.715555 0.499081 
-93.5728 225.587 -224.854 0.353492 -0.852205 0.385758 
118.936 -183.373 -212.766 -0.497956 0.767737 0.403284 
-75.2963 250.179 -194.932 0.271748 -0.902906 0.333064 
106.546 -58.346 -153.54 -0.771406 0.422431 0.475923 
-74.1806 246.318 -188.05 0.270431 -0.897969 0.347185 
47.7514 -252.489 -223.759 -0.173476 0.917266 0.358536 
-111.023 177.407 -236.929 0.472869 -0.755613 0.45328 
113.576 -192.718 -210.851 -0.467263 0.79286 0.391225 
-73.7073 254.791 -200.331 0.261572 -0.904202 0.337664 
108.203 -47.7598 -158.257 -0.796606 0.351616 0.491735 
-129.424 154.992 -208.297 0.572898 -0.686077 0.448445 
105.015 -115.204 -166.577 -0.613311 0.672819 0.413743 
-120.27 183.527 -209.24 0.497508 -0.759176 0.419709 
108.141 -86.8847 -167.191 -0.696092 0.559266 0.450217 
-142.376 93.9442 -220.225 0.713394 -0.470721 0.519142 
81.6235 -169.702 -149.787 -0.408239 0.848763 0.336095 
-71.7695 241.341 -175.813 0.269911 -0.907633 0.321509 
75.1926 -19.1178 -112.806 -0.84009 0.213594 0.498643 
-141.799 -78.5718 -205.429 0.754657 0.41816 0.505622 
39.8737 -241.091 -192.579 -0.151098 0.913592 0.377541 
97.0133 48.9497 -234.512 -0.653844 -0.329908 0.68093 
10.8897 137.499 -163.43 -0.0669372 -0.845184 0.530284 
-37.6624 -8.6403 -182.431 0.514773 0.118097 0.849164 
-1.29647 -73.1499 -130.629 0.0129204 0.729002 0.684403 
11.905 16.0571 -135.541 -0.275344 -0.371376 0.886726 
5.19828 -0.827467 -123.281 0.25886 -0.0412055 0.965045 
3.28357 -9.4382 -110.867 -0.13348 0.383671 0.913782 
0.750469 21.232 -112.535 -0.0174629 -0.494052 0.869267 
0.107376 -8.40995 -111.005 -0.00558276 0.437256 0.89933 
-1.32331 9.06892 -115.289 0.0677413 -0.464245 0.883123 
2.51957 -18.118 -123.041 -0.0752944 0.541436 0.837375 
-3.71988 25.5342 -132.061 0.0872673 -0.599026 0.795971 
7.03232 -35.8314 -145.864 -0.127788 0.651112 0.748159 
-15.2757 56.8849 -168.725 0.190023 -0.707625 0.68057 
36.2331 -94.2543 -202.914 -0.287378 0.747567 0.598812 
-65.6783 144.167 -229.382 0.355312 -0.779929 0.515249 
90.0206 -186.27 -237.47 -0.388666 0.804223 0.449647 
-103.364 207.166 -229.865 0.407507 -0.816742 0.408519 
108.959 -207.337 -213.636 -0.429418 0.817136 0.384587 
-103.367 206.383 -194.113 0.417379 -0.833338 0.362437 
103.209 -172.219 -171.135 -0.478508 0.798454 0.365402 
-79.564 203.253 -157.982 0.34481 -0.880845 0.324403 
81.1525 -71.3961 -113.614 -0.681576 0.599634 0.419418 
3.50427 256.146 -151.363 -0.0130844 -0.956411 0.291762 
-72.2338 -244.256 -224.345 0.26317 0.8899 0.372609 
-126.871 -16.5606 -239.334 0.798634 0.104246 0.592735 
-77.3395 140.047 -237.981 0.420116 -0.76075 0.494752 
78.8141 110.863 -238.706 -0.476284 -0.669963 0.569492 
48.0728 -36.5143 -224.051 -0.550661 0.418262 0.72239 
-41.932 -42.9504 -211.386 0.478974 0.490607 0.727947 
0.905294 9.21984 -138.121 -0.059764 -0.608658 0.79119 
18.7069 -11.6102 -187.379 -0.465505 0.28891 0.836573 
-23.6964 47.1088 -171.828 0.307864 -0.612038 0.728455 
13.9825 -97.8111 -182.161 -0.114788 0.802976 0.584868 
-56.7856 100.053 -224.305 0.39863 -0.702365 0.589743 
47.3527 -159.728 -215.36 -0.247437 0.834641 0.492105 
-111.602 125.793 -248.042 0.566927 -0.639017 0.519874 
59.1201 -192.537 -217.041 -0.262286 0.854187 0.448986 
-103.432 147.165 -245.026 0.501101 -0.712972 0.490496 
77.054 -169.723 -224.885 -0.362336 0.798098 0.481425 
-118.103 146.792 -240.984 0.551569 -0.68555 0.475196 
73.6245 -201.418 -221.311 -0.308912 0.845104 0.436339 
-120.389 134.782 -240.723 0.58219 -0.651793 0.486044 
100.619 -152.851 -232.205 -0.475811 0.722804 0.501175 
-119.82 164.687 -227.885 0.52967 -0.728005 0.435289 
64.5754 -236.511 -216.298 -0.242534 0.888292 0.390041 
-126.105 110.109 -235.948 0.651053 -0.568474 0.502976 
124.747 -62.0428 -245.323 -0.709209 0.352725 0.610431 
-12.7703 280.588 -211.465 0.0428487 -0.941473 0.334381 
129.004 -20.3214 -208.408 -0.826051 0.130124 0.548384 
-122.5 -133.548 -244.844 0.581226 0.633646 0.510575 
22.4449 126.449 -204.661 -0.148513 -0.836685 0.527181 
72.1842 -41.6428 -238.814 -0.617852 0.356437 0.700877 
-53.3858 90.0554 -206.912 0.398293 -0.671872 0.624475 
43.0866 -168.182 -221.435 -0.218554 0.853091 0.473801 
-103.084 146.523 -244.679 0.497728 -0.707464 0.501776 
52.1497 -240.061 -222.171 -0.195693 0.900837 0.387575 
-133.507 65.4467 -226.224 0.758984 -0.372061 0.534352 
130.187 -65.2748 -242.568 -0.717342 0.359669 0.596721 
-28.5373 280.294 -205.198 0.0958599 -0.941539 0.323007 
127.082 -41.6952 -193.286 -0.810574 0.265947 0.521786 
-133.695 122.313 -226.827 0.635371 -0.581283 0.508363 
104.984 -168.989 -183.782 -0.48886 0.7869 0.376593 
-64.4707 260.823 -200.937 0.225317 -0.911544 0.344002 
123.149 -65.7516 -202.463 -0.759124 0.40531 0.509384 
-131.744 -116.255 -243.719 0.639454 0.564271 0.52222 
76.8889 90.9533 -232.514 -0.50715 -0.599917 0.618803 
-14.3801 -39.9832 -167.101 0.231719 0.644284 0.72885 
-8.76688 12.2162 -166.433 0.333968 -0.465369 0.819704 
24.4268 -43.2414 -177.095 -0.332614 0.588806 0.736677 
-21.8545 109.29 -191.705 0.161776 -0.809008 0.565114 
72.2353 -114.266 -235.259 -0.44171 0.698721 0.56276 
-46.2938 178.82 -216.282 0.221837 -0.856892 0.465342 
115.879 -114.708 -248.424 -0.602964 0.59687 0.529338 
-81.674 160.467 -225.208 0.39408 -0.774256 0.495224 
109.467 -166.592 -240.39 -0.488653 0.743653 0.456308 
-65.1601 212.792 -220.55 0.265458 -0.866902 0.421936 
125.549 -111.66 -240.198 -0.643183 0.572027 0.509037 
-115.352 105.543 -240.204 0.608963 -0.557177 0.564567 
92.285 -228.301 -217.248 -0.348358 0.861794 0.36875 
-97.8977 227.606 -215.65 0.366241 -0.851487 0.375306 
119.831 -111.6 -181.056 -0.658005 0.612809 0.437621 
-15.98 280.047 -189.509 0.0539419 -0.945322 0.321675 
33.0928 -238.166 -227.35 -0.127282 0.916039 0.380382 
-108.692 152.233 -242.624 0.50549 -0.707988 0.493204 
90.1035 -232.972 -221.314 -0.334338 0.864467 0.375409 
-123.639 163.179 -207.865 0.54938 -0.725073 0.415294 
47.3596 -272.625 -194.239 -0.162102 0.933138 0.320926 
-106.542 18.2369 -163.33 0.840923 -0.143942 0.521677 
89.8784 228.257 -221.825 -0.33973 -0.862784 0.374441 
130.721 37.1899 -233.422 -0.790889 -0.225007 0.569108 
94.0876 -120.89 -241.976 -0.525814 0.675602 0.516817 
-46.8925 -160.976 -226.479 0.245987 0.844443 0.475841 
-91.6335 10.5034 -249.476 0.709971 -0.0813796 0.699526 
71.19 -28.6362 -227.855 -0.624864 0.251352 0.739178 
14.5938 167.769 -196.621 -0.0760509 -0.874275 0.479456 
8.77936 -79.7193 -178.452 -0.0867408 0.787634 0.610022 
-53.3874 82.8509 -218.985 0.420826 -0.653073 0.629619 
44.6079 -167.712 -217.005 -0.225636 0.848322 0.479015 
-116.457 118.54 -248.414 0.596023 -0.606687 0.526029 
56.2549 -198.678 -215.591 -0.244566 0.863742 0.44063 
-96.1224 153.303 -243.814 0.464338 -0.740562 0.485774 
73.8922 -169.791 -224.404 -0.34977 0.803706 0.48139 
-119.044 142.178 -241.76 0.562679 -0.672028 0.481445 
73.6042 -199.679 -221.186 -0.310803 0.84317 0.43873 
-118.706 138.708 -241.281 0.5692 -0.665111 0.48338 
96.7982 -159.384 -230.739 -0.45171 0.743769 0.492731 
-120.96 158.515 -230.356 0.543346 -0.71204 0.444737 
69.4029 -227.382 -217.788 -0.267378 0.876 0.401436 
-124.727 119.216 -237.078 0.628077 -0.600328 0.49512 
120.469 -92.2737 -242.313 -0.647934 0.496289 0.577838 
-74.9803 250.082 -212.658 0.26919 -0.897831 0.348504 
123.962 -169.203 -211.571 -0.537592 0.733795 0.415401 
-65.5063 256.954 -190.496 0.233739 -0.916859 0.323658 
101.476 -40.691 -146.852 -0.808036 0.324016 0.492046 
-129.377 153.602 -203.094 0.577444 -0.685567 0.443367 
101.186 -109.409 -159.442 -0.618498 0.66876 0.4126 
-124.85 172.041 -207.833 0.530792 -0.731423 0.428132 
101.529 -83.6467 -155.165 -0.692226 0.570307 0.442258 
-138.975 117.393 -212.271 0.667365 -0.56373 0.486673 
87.0082 -116.423 -137.165 -0.554246 0.741621 0.377925 
-59.9825 257.074 -179.5 0.215031 -0.921587 0.323197 
118.81 -126.835 -206.176 -0.612549 0.653924 0.444056 
-140.683 34.7334 -240.597 0.779237 -0.192387 0.596486 
-45.8933 -273.804 -203.309 0.155673 0.928762 0.336429 
-77.7234 185.698 -237.143 0.346905 -0.82883 0.438994 
95.5789 -128.638 -236.758 -0.501324 0.674722 0.541703 
-109.099 194.163 -230.168 0.44582 -0.793421 0.414422 
64.1737 -252.117 -217.592 -0.229383 0.901167 0.367832 
-127.8 51.5081 -203.868 0.790355 -0.318541 0.523344 
140.762 -1.06285 -241.716 -0.793471 0.00599125 0.608593 
82.828 225.257 -210.521 -0.316022 -0.859444 0.401876 
-96.1346 30.0677 -230.257 0.681056 -0.213012 0.700576 
-53.14 -196.837 -215.998 0.233192 0.863772 0.446697 
3.33921 89.9496 -181.46 -0.0299967 -0.808033 0.588388 
54.7564 -62.0551 -222.651 -0.488076 0.553134 0.675162 
-32.1419 137.114 -199.101 0.194248 -0.828642 0.525013 
65.1576 -131.039 -232.006 -0.377211 0.758611 0.531262 
-56.5054 167.431 -220.253 0.280052 -0.829824 0.482682 
118.774 -126.918 -246.12 -0.588367 0.62871 0.508494 
-64.3087 198.913 -218.185 0.27619 -0.854282 0.440386 
106.685 -149.884 -244.225 -0.507815 0.71344 0.482851 
-81.8184 169.271 -226.49 0.381398 -0.789061 0.481598 
120.133 -147.518 -238.674 -0.557525 0.684613 0.469562 
-74.7249 205.869 -220.998 0.308043 -0.848664 0.429997 
121.463 -133.153 -239.623 -0.589231 0.64594 0.485372 
-105.05 145.055 -233.994 0.504211 -0.696223 0.510943 
118.158 -172.034 -224.459 -0.51282 0.746649 0.423733 
-60.0996 246.161 -214.729 0.21961 -0.899496 0.377752 
128.097 -95.1196 -232.204 -0.68905 0.51166 0.513256 
-128.993 17.1568 -247.928 0.764708 -0.101711 0.636314 
-61.8103 -228.927 -212.38 0.238481 0.883265 0.403716 
68.3586 66.5451 -222.128 -0.525532 -0.511589 0.679787 
-33.4861 -2.22887 -193.6 0.531576 0.0353822 0.846282 
13.1142 -61.8082 -145.309 -0.149073 0.702591 0.695817 
6.90305 44.1285 -140.402 -0.102504 -0.655268 0.748422 
2.08976 -13.4256 -129.233 -0.0866307 0.556554 0.826293 
-10.0639 33.5342 -151.43 0.188195 -0.627089 0.755883 
17.5437 -68.1433 -174.464 -0.188913 0.733776 0.652613 
-42.9095 102.435 -210.924 0.313717 -0.74892 0.58371 
65.538 -155.206 -228.914 -0.337166 0.798473 0.498776 
-104.653 174.214 -240.688 0.457738 -0.761987 0.458116 
69.4783 -243.112 -222.935 -0.254311 0.889862 0.3788 
-132.013 78.4876 -209.607 0.743286 -0.441917 0.502248 
102.639 -197.895 -218.367 -0.416227 0.802514 0.427486 
-118.306 160.893 -224.986 0.533839 -0.726008 0.433528 
101.701 -185.954 -227.186 -0.428675 0.783803 0.449342 
-127.052 122.867 -217.241 0.637196 -0.616211 0.462908 
112.485 -173.128 -226.964 -0.483681 0.744443 0.460298 
-123.391 134.542 -209.648 0.606555 -0.661373 0.441242 
103.448 -199.842 -220.668 -0.416156 0.803938 0.424871 
-125.488 117.768 -212.423 0.64659 -0.60681 0.462299 
128.872 -126.849 -233.506 -0.611704 0.602102 0.513136 
-109.57 171.331 -191.775 0.497381 -0.777738 0.384388 
57.3082 -265.669 -201.936 -0.198188 0.918761 0.341492 
-124.465 63.5771 -206.607 0.762936 -0.38971 0.515823 
126.537 130.17 -244.101 -0.599943 -0.617169 0.509106 
-28.2657 -134.626 -209.493 0.175896 0.837772 0.51693 
-75.5364 36.9144 -241.472 0.639469 -0.312507 0.70245 
61.5871 -66.3861 -216.367 -0.500704 0.53972 0.676769 
-30.7653 189.939 -218.311 0.143139 -0.883715 0.445619 
120.372 -100.788 -249.787 -0.641397 0.537044 0.547917 
-55.2653 196.189 -213.97 0.242974 -0.862547 0.44384 
80.5563 -164.428 -239.445 -0.387105 0.790141 0.475231 
-68.0109 176.02 -224.192 0.317779 -0.822447 0.471822 
123.911 -126.982 -241.903 -0.606119 0.62114 0.496813 
-78.0983 194.125 -221.751 0.334098 -0.830453 0.445808 
115.448 -150.104 -240.685 -0.537784 0.69922 0.471059 
-88.3016 177.254 -227.204 0.393975 -0.790853 0.468351 
123.532 -142.268 -234.215 -0.579904 0.667857 0.466579 
-87.0425 197.118 -223.556 0.362866 -0.821753 0.439395 
124.254 -135.165 -233.404 -0.596565 0.648951 0.472219 
-106.321 160.404 -231.489 0.482868 -0.728492 0.485958 
122.769 -153.04 -220.952 -0.562906 0.701699 0.436777 
-75.7901 230.207 -216.363 0.287281 -0.872595 0.395051 
125.584 -120.554 -232.361 -0.630567 0.605311 0.4858 
-124.894 87.8804 -242.481 0.667747 -0.469854 0.577381 
68.8596 -256.054 -208.243 -0.244302 0.908436 0.339233 
-127.635 146.524 -205.902 0.593063 -0.680832 0.429839 
33.1539 -278.067 -190.795 -0.112382 0.942564 0.31458 
-110.439 17.4615 -174.555 0.837956 -0.13249 0.529428 
-38.5218 250.14 -215.257 0.143076 -0.929061 0.341163 
127.81 -94.0077 -245.637 -0.666364 0.490129 0.561917 
-49.0041 271.765 -208.015 0.167367 -0.928179 0.332401 
127.27 -61.3904 -192.172 -0.778349 0.375449 0.503218 
-91.165 223.478 -207.569 0.347674 -0.852276 0.390853 
96.6169 -203.541 -229.88 -0.392534 0.826943 0.402617 
-87.0288 202.035 -226.84 0.356685 -0.828037 0.432606 
130.587 -101.499 -221.089 -0.687908 0.534679 0.490834 
-120.871 142.235 -232.406 0.560526 -0.659598 0.500758 
116.73 -164.29 -205.64 -0.529092 0.744663 0.406886 
-65.8166 252.281 -209.543 0.235072 -0.901055 0.364498 
127.322 -99.4349 -224.991 -0.683357 0.533682 0.498222 
-133.373 8.36066 -247.097 0.776759 -0.0486922 0.627927 
-68.2503 -221.618 -210.883 0.268136 0.870673 0.41237 
82.0203 15.0737 -228.268 -0.660505 -0.121388 0.740956 
30.1709 131.674 -173.928 -0.186642 -0.814558 0.549252 
-32.488 -8.58568 -180.131 0.497304 0.131424 0.857575 
7.93303 -58.2056 -129.939 -0.0935909 0.686687 0.720916 
10.7824 27.5273 -131.689 -0.197883 -0.50519 0.840026 
-3.37368 11.5653 -104.684 -0.0781214 0.267808 0.960309 
-2.18093 9.12036 -114.153 0.104043 -0.435094 0.894364 
1.35053 -20.1994 -118.969 -0.0357761 0.535092 0.844047 
-1.87016 18.2647 -123.286 0.0562038 -0.548908 0.834002 
4.19067 -24.0658 -133.293 -0.103363 0.593587 0.798116 
-8.11272 38.8488 -149.033 0.138018 -0.660917 0.73767 
17.1765 -62.0029 -173.153 -0.198905 0.717996 0.667036 
-41.1978 100.873 -208.627 0.306112 -0.749519 0.58697 
67.9348 -152.949 -230.614 -0.351117 0.790505 0.501833 
-97.5218 184.562 -238.653 0.41762 -0.790354 0.448277 
91.8702 -225.344 -226.227 -0.347484 0.852328 0.390908 
-126.393 150.224 -209.347 0.581648 -0.691319 0.428697 
28.7195 -280.203 -198.83 -0.0963837 0.940371 0.326237 
-125.405 57.0329 -213.363 0.77199 -0.351092 0.52989 
92.5436 193.956 -237.524 -0.387984 -0.813151 0.433904 
113.798 26.2321 -250.721 -0.757135 -0.17453 0.629527 
56.9632 -107.094 -229.052 -0.391086 0.735263 0.553586 
-54.4603 -96.893 -223.729 0.394474 0.701829 0.593165 
-51.2482 5.79359 -228.565 0.631995 -0.0714468 0.771684 
29.3343 37.0713 -196.566 -0.414652 -0.524017 0.743968 
-0.149347 1.47012 -130.805 -0.0570139 0.561224 0.825709 
-18.6754 11.0077 -185.897 0.464967 -0.274062 0.841852 
20.8884 -53.7938 -166.009 -0.255723 0.658563 0.707756 
-10.7613 85.3728 -175.046 0.0991348 -0.786467 0.60964 
46.3625 -90.8755 -214.538 -0.361093 0.707782 0.607185 
-49.1812 150.082 -216.546 0.268541 -0.819483 0.506311 
110.015 -135.032 -247.078 -0.543636 0.667257 0.509163 
-45.5767 213.387 -215.297 0.189424 -0.88687 0.421424 
108.478 -128.255 -247.061 -0.554078 0.655095 0.513679 
-94.0248 127.019 -233.513 0.498462 -0.673379 0.545998 
105.722 -194.073 -233.009 -0.434432 0.797484 0.418696 
-64.1643 243.418 -220.035 0.23566 -0.894015 0.381076 
130.611 -60.7843 -214.916 -0.771185 0.358896 0.525819 
-137.184 11.8549 -244.182 0.783401 -0.0676983 0.617834 
-73.9353 -236.324 -211.706 0.274968 0.878895 0.389812 
89.0693 46.5902 -234.569 -0.638406 -0.333936 0.6935 
-28.0641 104.504 -169.642 0.209197 -0.778997 0.591116 
-22.7405 -57.296 -165.095 0.257069 0.647699 0.71723 
0.0639338 0.582088 -119.073 -0.0522784 -0.475971 0.877916 
4.50272 -10.7278 -137.066 -0.206429 0.491822 0.845882 
-9.23371 46.1937 -150.827 0.13609 -0.680822 0.719707 
14.3999 -62.4093 -169.875 -0.168076 0.728445 0.664181 
-39.6321 93.7621 -206.616 0.311226 -0.736303 0.600845 
62.1661 -149.773 -226.954 -0.33049 0.796228 0.50677 
-101.692 172.228 -241.146 0.450597 -0.763143 0.463241 
71.0448 -239.099 -224.341 -0.262994 0.885097 0.384 
-132.795 86.3885 -212.469 0.727312 -0.473146 0.497161 
84.8159 -222.267 -213.27 -0.326641 0.855989 0.400758 
-104.783 182.66 -234.939 0.449423 -0.783449 0.429237 
88.8113 -187.723 -227.753 -0.381311 0.80599 0.45277 
-128.717 121.294 -227.864 0.638996 -0.602147 0.478667 
104.494 -176.012 -227.483 -0.452585 0.762342 0.462623 
-123.875 144.327 -221.87 0.582825 -0.679052 0.446342 
95.7567 -201.269 -222.666 -0.388072 0.815677 0.429056 
-126.751 123.338 -222.706 0.632926 -0.615883 0.46916 
121.655 -137.046 -234.347 -0.571764 0.644098 0.508175 
-115.511 168.192 -203.81 0.518546 -0.755042 0.401298 
59.3386 -259.631 -207.443 -0.208285 0.911333 0.355117 
-127.521 88.5791 -222.353 0.708037 -0.491819 0.50677 
133.585 30.5995 -248.29 -0.765882 -0.175436 0.618599 
18.8722 199.534 -189.164 -0.0846964 -0.89549 0.436969 
-63.2909 -12.2843 -211.548 0.608883 0.118179 0.784419 
-20.3409 -108.347 -157.894 0.148123 0.788982 0.596309 
21.5625 10.4574 -163.142 -0.425604 -0.20641 0.881065 
-11.0094 20.7099 -129.635 0.244968 -0.46081 0.853031 
-6.60235 -39.1942 -126.371 0.100494 0.596573 0.796253 
0.437823 5.28193 -112.603 -0.0359607 -0.433833 0.900286 
1.37138 -5.91442 -117.623 -0.104369 0.450119 0.886859 
-3.50422 22.4015 -127.304 0.0891685 -0.57003 0.816782 
4.46084 -30.6786 -136.98 -0.091288 0.627817 0.773001 
-9.23764 41.8379 -153.281 0.14839 -0.67207 0.72548 
21.4988 -69.1085 -181.025 -0.225641 0.725327 0.650388 
-48.6275 112.936 -216.2 0.326058 -0.757263 0.565912 
73.2946 -165.165 -233.236 -0.355065 0.800119 0.483484 
-103.549 186.728 -237.79 0.435314 -0.784993 0.440801 
87.1534 -234.797 -222.509 -0.32205 0.867626 0.37885 
-128.378 122.863 -202.619 0.645738 -0.617998 0.448463 
16.3645 -279.101 -197.71 -0.0552123 0.941659 0.332036 
-67.7847 210.614 -233.384 0.279509 -0.868465 0.409464 
88.8401 -170.345 -233.174 -0.406256 0.77897 0.477681 
-127.377 142.45 -228.391 0.592361 -0.662455 0.458562 
49.7819 -247.974 -211.868 -0.182308 0.908111 0.376984 
-110.247 147.525 -242.561 0.525656 -0.703396 0.478475 
104.786 -122.249 -237.798 -0.544599 0.635357 0.547495 
-106.232 202.699 -225.173 0.425613 -0.812105 0.399196 
69.3171 -251.07 -216.863 -0.247608 0.896848 0.366567 
-125.569 51.7224 -196.963 0.791478 -0.326014 0.517007 
142.492 -20.4017 -238.14 -0.793022 0.113543 0.598533 
65.6544 261.035 -203.778 -0.228584 -0.908823 0.34901 
-47.1299 -180.882 -224.064 0.223988 0.859653 0.459178 
-94.888 26.0354 -250.918 0.710547 -0.19496 0.676115 
74.0675 33.2017 -234.751 -0.628999 -0.281957 0.724485 
-45.8684 16.9522 -205.381 0.559673 -0.206845 0.802496 
-7.43627 -117.138 -172.563 0.0524126 0.82562 0.561804 
1.93102 46.7886 -150.342 -0.0291448 -0.706179 0.707446 
17.7964 -40.1705 -173.704 -0.277716 0.62687 0.72796 
-31.7977 94.8162 -195.194 0.254493 -0.758861 0.599484 
67.5251 -134.206 -231.839 -0.381325 0.757886 0.529357 
-64.3787 190.527 -227.718 0.285933 -0.846209 0.449657 
128.549 -125.649 -239.215 -0.622002 0.607968 0.493464 
-44.0857 237.306 -212.189 0.168074 -0.904715 0.391485 
89.8356 -163.481 -241.699 -0.424692 0.772846 0.471555 
-80.9621 157.073 -228.232 0.396744 -0.769715 0.50015 
119.79 -152.3 -238.433 -0.547356 0.695904 0.464905 
-60.3832 224.531 -217.341 0.237241 -0.882165 0.40684 
119.424 -126.199 -242.77 -0.595458 0.629238 0.499508 
-110.352 110.29 -239.557 0.584938 -0.584609 0.562226 
96.266 -221.373 -221.348 -0.368958 0.848456 0.379488 
-90.0855 236.077 -217.492 0.330815 -0.86693 0.372842 
122.489 -89.9388 -184.496 -0.713456 0.523863 0.465367 
-48.6144 264.923 -195.804 0.169528 -0.92384 0.343218 
31.817 -236.22 -227.273 -0.123261 0.91513 0.383877 
-111.04 148.881 -243.624 0.519232 -0.696179 0.495733 
76.4361 -245.996 -220.683 -0.275947 0.888089 0.367653 
-130.86 110.731 -205.815 0.675906 -0.571939 0.464817 
18.0654 -275.227 -199.103 -0.0616144 0.9387 0.339211 
-24.698 217.86 -226.078 0.102985 -0.908428 0.405179 
105.816 -134.941 -245.168 -0.526815 0.671811 0.520724 
-61.3217 247.198 -223.041 0.223175 -0.899654 0.375279 
134.013 -80.5854 -215.963 -0.738688 0.444191 0.507004 
-90.7586 211.218 -216.19 0.35921 -0.83597 0.414898 
108.797 -177.891 -233.89 -0.470693 0.769617 0.431458 
-89.2522 190.91 -226.961 0.378645 -0.809921 0.447968 
128.596 -120.101 -227.437 -0.641437 0.599064 0.47927 
-109.487 165.077 -229.693 0.486063 -0.732852 0.476118 
122.814 -148.913 -217.444 -0.572561 0.694234 0.436155 
-85.5156 221.173 -217.887 0.329889 -0.853205 0.404022 
126.67 -118.788 -226.697 -0.640178 0.600341 0.479354 
-127.545 95.9397 -240.617 0.661119 -0.497295 0.561816 
83.0544 -238.5 -203.324 -0.308762 0.886647 0.344298 
-112.452 198.279 -204.57 0.455743 -0.803577 0.382858 
102.959 -175.372 -173.294 -0.471499 0.803113 0.364303 
-78.8895 214.194 -164.232 0.327022 -0.887901 0.323585 
81.7451 -60.3759 -114.422 -0.723065 0.534047 0.438165 
-2.54951 262.952 -157.634 0.00925496 -0.95454 0.29797 
-124.336 -148.292 -238.308 0.559534 0.66734 0.491526 
87.8366 39.3765 -236.616 -0.649373 -0.291109 0.702559 
-34.1578 96.4022 -176.116 0.264589 -0.74674 0.610237 
-17.465 -73.2348 -166.722 0.174252 0.730682 0.660119 
-3.52095 20.2951 -140.788 0.106496 -0.613855 0.782214 
19.6041 -46.152 -173.072 -0.272515 0.641557 0.717049 
-31.3063 103.11 -198.334 0.236647 -0.779422 0.580101 
74.7454 -132.778 -235.711 -0.415403 0.737924 0.531909 
-58.9806 199.734 -225.487 0.254635 -0.862305 0.437731 
130.694 -107.223 -239.328 -0.664003 0.544759 0.512207 
-73.0706 206.702 -218.085 0.301121 -0.851808 0.42868 
102.945 -166.949 -241.389 -0.466265 0.756154 0.459181 
-80.2347 180.964 -226.125 0.358954 -0.809598 0.464458 
124.949 -132.246 -237.036 -0.601868 0.637014 0.48165 
-89.9638 186.759 -225.136 0.386767 -0.802902 0.453626 
122.369 -144.475 -233.795 -0.572717 0.67618 0.463459 
-94.9937 183.98 -226.782 0.408334 -0.790846 0.455899 
125.413 -136.934 -228.235 -0.598766 0.65377 0.46269 
-100.114 184.53 -226.399 0.425306 -0.783921 0.452328 
125.553 -135.396 -223.391 -0.604622 0.652025 0.457508 
-105.118 181.722 -226.623 0.446328 -0.771587 0.45328 
125.408 -132.527 -217.475 -0.612815 0.647603 0.452866 
-107.54 184.202 -225.223 0.450975 -0.77246 0.447152 
125.04 -127.507 -212.959 -0.624363 0.636682 0.452577 
-114.653 173.06 -226.399 0.490978 -0.741096 0.457969 
122.69 -128.773 -204.461 -0.618994 0.649683 0.441336 
-107.519 196.12 -220.036 0.434815 -0.793121 0.426512 
124.166 -115.915 -206.938 -0.649838 0.606653 0.457931 
-130.375 128.863 -231.709 0.61309 -0.60598 0.50688 
109.342 -162.611 -186.704 -0.514577 0.765269 0.386771 
-57.4228 265.304 -200.241 0.198891 -0.918911 0.340681 
125.453 -80.1449 -212.368 -0.727763 0.464929 0.504202 
-134.29 -78.2153 -246.881 0.70935 0.41315 0.571094 
95.5485 -61.6031 -232.462 -0.632688 0.407914 0.658278 
-0.808298 238.652 -220.117 0.00311952 -0.921046 0.389465 
127.457 -44.5694 -246.557 -0.762218 0.266533 0.589917 
-112.522 -15.027 -248.964 0.733646 0.0979766 0.672445 
-13.0679 -171.147 -183.39 0.0669651 0.877028 0.475769 
41.3522 33.4783 -192.155 -0.480052 -0.388645 0.786462 
-19.119 13.5521 -162.95 0.412371 -0.2923 0.862861 
-4.88371 -69.0162 -145.582 0.051866 0.732966 0.678299 
1.1654 25.1064 -130.796 -0.0280139 -0.603508 0.796876 
5.83006 -20.2954 -141.225 -0.165922 0.577603 0.799289 
-14.1866 52.6355 -163.772 0.186934 -0.693567 0.695729 
28.1744 -87.0478 -193.341 -0.243876 0.753481 0.610581 
-62.3163 128.548 -227.268 0.367058 -0.757176 0.540343 
75.2046 -186.144 -233.104 -0.333781 0.826165 0.453939 
-119.159 167.711 -236.407 0.517223 -0.727972 0.450062 
48.876 -262.679 -214.956 -0.170862 0.918282 0.357188 
-128.562 42.3138 -210.122 0.801096 -0.263666 0.537349 
133.046 85.376 -246.763 -0.694185 -0.445459 0.565413 
-95.4191 44.2138 -234.484 0.66237 -0.306919 0.683436 
-21.9064 -228.648 -216.97 0.0872852 0.911039 0.402998 
-99.3782 80.4432 -249.872 0.624567 -0.505565 0.595263 
94.1619 -7.05919 -244.045 -0.702211 0.0526438 0.710032 
11.2973 160.251 -184.048 -0.0612422 -0.868709 0.49154 
-24.1745 -49.6411 -171.837 0.29791 0.611744 0.732828 
-0.111439 -3.78754 -118.096 -0.0139583 -0.474411 0.880203 
6.99962 -14.6784 -144.992 -0.240359 0.504038 0.829573 
-11.1392 56.4591 -158.258 0.140481 -0.71203 0.687966 
19.9508 -73.37 -181.227 -0.202189 0.743562 0.63738 
-51.6609 109.907 -218.524 0.348808 -0.742081 0.572422 
67.9974 -170.361 -230.462 -0.325921 0.816563 0.476465 
-113.445 167.268 -240.399 0.498465 -0.734954 0.459774 
53.3077 -254.217 -218.565 -0.19078 0.909801 0.368624 
-130.763 50.8545 -214.213 0.788048 -0.306477 0.53392 
136.968 9.98424 -245.368 -0.783363 -0.057103 0.61895 
72.7729 207.382 -207.413 -0.298814 -0.851533 0.430836 
-79.4861 53.3254 -215.165 0.596867 -0.400424 0.69529 
-43.1498 -153.189 -206.575 0.233506 0.828983 0.508213 
-2.83211 57.9048 -164.716 0.0367612 -0.751613 0.658593 
40.0857 -59.8333 -205.598 -0.406173 0.606268 0.683725 
-35.2682 139.508 -205.951 0.209416 -0.82837 0.519583 
95.0192 -125.305 -245.885 -0.510583 0.673324 0.53475 
-49.3745 186.906 -215.032 0.227354 -0.860643 0.455655 
105.047 -132.564 -246.977 -0.533398 0.673119 0.512265 
-78.5833 158.111 -225.289 0.38567 -0.775977 0.499136 
112.565 -159.809 -241.049 -0.510181 0.724304 0.463807 
-63.5616 213.717 -219.608 0.258603 -0.869514 0.420818 
122.971 -117.982 -241.933 -0.6224 0.597149 0.506014 
-111.695 112.32 -239.155 0.585246 -0.58852 0.557807 
98.5682 -217.918 -220.383 -0.381123 0.842601 0.38051 
-84.7681 241.77 -216.583 0.307562 -0.877209 0.368683 
121.861 -73.1249 -183.497 -0.7507 0.450471 0.483263 
-97.6319 218.708 -206.696 0.375102 -0.840278 0.391472 
113.616 -172.366 -222.231 -0.499894 0.758388 0.418297 
-106.656 179.121 -228.98 0.455184 -0.764445 0.456563 
126.137 -122.106 -210.719 -0.639449 0.61901 0.456015 
-105.788 194.159 -221.451 0.431519 -0.79199 0.431927 
124.775 -125.737 -213.413 -0.627313 0.632149 0.454846 
-123.159 147.941 -230.854 0.558298 -0.670634 0.488438 
117.377 -146.816 -196.509 -0.568539 0.711129 0.413615 
-72.0327 248.765 -207.159 0.258959 -0.894315 0.364909 
125.096 -119.245 -225.25 -0.636284 0.606527 0.476745 
-132.33 52.9834 -244.53 0.739594 -0.296125 0.604425 
-7.5119 -283.776 -206.892 0.024993 0.944158 0.328571 
-126.236 13.0451 -213.585 0.824883 -0.0852425 0.558855 
-41.2555 225.773 -227.19 0.166165 -0.909345 0.381445 
115.847 -60.6474 -249.332 -0.692185 0.362369 0.624169 
9.76651 255.297 -214.813 -0.0354798 -0.927445 0.372296 
109.125 -97.5336 -249.087 -0.619973 0.554118 0.555522 
-105.338 8.36382 -247.636 0.723631 -0.0574561 0.687805 
-26.362 -178.651 -192.998 0.129 0.874212 0.468114 
36.2169 45.2753 -188.353 -0.412425 -0.515578 0.751068 
-4.91319 -2.30722 -157.126 0.383172 0.179936 0.905991 
2.42667 -1.99522 -142.666 -0.319129 0.26239 0.910674 
-5.20286 40.1355 -132.567 0.0831997 -0.641813 0.762347 
0.976433 -33.2587 -133.841 -0.0186981 0.636883 0.770745 
-6.39795 29.3223 -143.965 0.136828 -0.627093 0.766844 
15.9252 -55.4137 -168.683 -0.200954 0.699246 0.686069 
-34.7107 95.1449 -201.443 0.27512 -0.754126 0.59634 
67.1715 -141.27 -230.404 -0.366869 0.771572 0.519714 
-84.1114 191.068 -235.513 0.360788 -0.819568 0.445151 
114.559 -186.063 -231.909 -0.474056 0.769949 0.427162 
-74.852 252.833 -213.584 0.265376 -0.896377 0.355108 
123.401 -70.3349 -185.547 -0.758223 0.432166 0.48821 
-90.7917 226.953 -205.262 0.342997 -0.857392 0.383732 
103.228 -194.313 -227.737 -0.428636 0.806853 0.406544 
-93.2149 195.509 -227.336 0.386535 -0.810719 0.439709 
129.44 -108.699 -219.08 -0.67159 0.563974 0.480541 
-118.308 154.376 -230.211 0.532181 -0.694426 0.484329 
119.913 -150.765 -206.531 -0.564622 0.709888 0.421046 
-79.1006 237.02 -212.544 0.292577 -0.87669 0.381878 
126.425 -114.078 -224.98 -0.650483 0.586953 0.482054 
-132.026 60.9134 -243.695 0.728334 -0.336034 0.597184 
12.9711 -284.171 -204.905 -0.043161 0.945572 0.322566 
-123.752 15.2678 -193.857 0.835917 -0.103131 0.539097 
122.303 154.755 -240.329 -0.545323 -0.690019 0.475936 
33.3693 -147.672 -219.305 -0.192324 0.851107 0.488515 
-80.5563 77.9417 -235.386 0.553678 -0.535708 0.637554 
38.1196 -222.158 -222.403 -0.154347 0.899519 0.40873 
-131.792 80.3178 -241.824 0.716157 -0.436446 0.544657 
102.94 -144.928 -231.45 -0.49727 0.700102 0.512443 
-110.777 185.982 -229.909 0.464654 -0.7801 0.418997 
64.5682 -237.564 -218.555 -0.241619 0.88898 0.389042 
-130.305 80.357 -227.377 0.72612 -0.447786 0.521782 
131.754 -12.1953 -247.166 -0.772091 0.0714659 0.631495 
67.2587 226.266 -212.122 -0.260348 -0.875839 0.406379 
-78.7074 -40.2138 -228.208 0.619057 0.316293 0.71885 
27.6969 -88.9173 -166.036 -0.231748 0.743995 0.626724 
19.0442 57.8552 -159.851 -0.219082 -0.66556 0.713478 
-0.0478472 -4.63303 -121.171 0.00527435 0.510714 0.859745 
-6.47979 16.8216 -142.078 0.206403 -0.535824 0.818724 
11.6392 -53.7726 -158.902 -0.152299 0.703614 0.694083 
-22.2085 76.3368 -184.506 0.216557 -0.744368 0.631694 
54.2377 -115.334 -220.862 -0.351774 0.748033 0.562778 
-70.7812 174.368 -231.755 0.331863 -0.817539 0.470654 
114.148 -170.254 -239.192 -0.496099 0.739942 0.454302 
-55.8625 255.999 -218.054 0.198481 -0.909573 0.365103 
129.761 -49.8154 -208.944 -0.792017 0.304057 0.529411 
-139.078 5.15408 -243.001 0.789061 -0.0292417 0.613634 
-79.6604 -228.963 -211.242 0.301436 0.866397 0.398134 
95.0863 -0.29876 -233.802 -0.696029 0.00218691 0.718023 
58.918 160.353 -204.102 -0.297861 -0.810667 0.5041 
-48.9902 -10.4716 -202.547 0.568683 0.121555 0.813537 
2.77699 -86.0828 -143.429 -0.0248427 0.77009 0.637466 
13.7549 26.1921 -142.673 -0.256304 -0.488053 0.834345 
10.6072 7.84379 -118.896 0.216462 0.160069 0.963089 
-4.48586 6.25746 -116.339 -0.184541 0.257421 0.948524 
-3.25163 17.0442 -117.789 0.095375 -0.49993 0.860809 
0.985522 -22.9642 -121.947 -0.0240618 0.560677 0.827696 
-2.46073 19.2168 -126.628 0.0721963 -0.563811 0.822754 
5.75429 -28.9759 -139.619 -0.122997 0.619357 0.775427 
-11.193 48.1314 -158.616 0.160315 -0.689376 0.706455 
25.5843 -77.6748 -188.352 -0.242707 0.736866 0.630984 
-55.7112 122.853 -222.281 0.345054 -0.760905 0.549526 
76.942 -175.968 -234.421 -0.354122 0.809885 0.467655 
-109.338 185.103 -236.499 0.457378 -0.774315 0.437332 
78.7276 -245.655 -218.946 -0.283867 0.885757 0.367249 
-127.932 89.2001 -196.132 0.720718 -0.502517 0.477556 
51.7353 -260.057 -200.216 -0.182536 0.917549 0.353273 
-39.5355 227.539 -228.47 0.157359 -0.905651 0.393767 
103.907 -158.416 -241.383 -0.479042 0.730345 0.486963 
-98.6041 220.552 -223.688 0.376312 -0.841713 0.387204 
112.623 -198.985 -210.582 -0.454017 0.802172 0.387823 
-96.8853 214.834 -189.89 0.384935 -0.853558 0.351115 
106.131 -140.705 -162.715 -0.55531 0.736211 0.386836 
-44.6041 250.562 -163.63 0.167195 -0.939212 0.29991 
72.2348 -7.60852 -111.73 -0.856212 0.0901852 0.50871 
-5.23331 -258.669 -187.927 0.0192777 0.952849 0.302861 
-137.355 122.681 -231.56 0.649134 -0.579783 0.492438 
55.8361 -262.42 -189.519 -0.197396 0.927729 0.316816 
-109.008 49.6883 -157.144 0.793798 -0.36183 0.488858 
90.1604 -229.664 -193.348 -0.340004 0.866086 0.366483 
-83.1378 227.741 -222.11 0.318389 -0.87217 0.371439 
92.8466 -208.525 -227.474 -0.369059 0.828874 0.420453 
-128.838 92.3863 -206.518 0.71112 -0.509926 0.484047 
115.582 -175.37 -223.065 -0.490912 0.744846 0.451915 
-121.395 137.61 -206.764 0.595889 -0.675485 0.434344 
109.092 -191.585 -221.941 -0.44605 0.783339 0.432942 
-124.014 113.717 -204.67 0.655251 -0.600845 0.457876 
128.804 -138.494 -229.627 -0.592125 0.636673 0.494019 
-112.317 148.68 -186.482 0.552383 -0.731221 0.400258 
65.535 -257.586 -202.109 -0.230906 0.907577 0.35072 
-125.1 112.968 -221.656 0.651584 -0.588394 0.4788 
135.071 -23.3853 -245.6 -0.774039 0.134011 0.618807 
62.0208 248.6 -211.591 -0.224302 -0.899075 0.375994 
-59.3105 -121.509 -220.293 0.363033 0.743746 0.561308 
-12.0419 45.6577 -172.237 0.18565 -0.703904 0.685618 
43.0952 -48.5482 -206.728 -0.460951 0.519276 0.719649 
-24.9096 147.552 -202.312 0.143725 -0.851354 0.504537 
89.6333 -112.27 -245.024 -0.517732 0.648484 0.558068 
-55.9899 161.459 -214.94 0.28508 -0.822089 0.492866 
95.8509 -149.908 -244.199 -0.468583 0.732852 0.493331 
-61.3989 187.83 -220.171 0.276632 -0.846265 0.455333 
118.706 -126.086 -245.095 -0.591335 0.628099 0.505799 
-90.3977 159.957 -228.577 0.427749 -0.756895 0.494124 
116.85 -163.134 -235.809 -0.520213 0.726272 0.44936 
-67.6603 220.977 -219.295 0.266947 -0.871844 0.410665 
125.149 -115.445 -238.586 -0.635751 0.586454 0.501906 
-118.475 96.5812 -241.661 0.634546 -0.517283 0.574272 
81.3007 -242.995 -214.443 -0.296597 0.886482 0.355244 
-116.767 192.24 -213.828 0.476113 -0.783848 0.398643 
97.3219 -210.407 -187.404 -0.393076 0.849818 0.351169 
-104.137 156.614 -165.22 0.513595 -0.772405 0.37367 
66.0077 -221.885 -157.206 -0.271087 0.911261 0.310055 
-67.7875 30.9878 -96.7277 0.801835 -0.366545 0.471936 
84.5376 -216.482 -163.379 -0.341957 0.875677 0.340988 
-55.4109 255.947 -205.392 0.199791 -0.922847 0.329326 
113.004 -197.312 -225.993 -0.45173 0.788752 0.416928 
-118.227 132.729 -184.843 0.604291 -0.678416 0.417855 
25.3142 -279.508 -191.713 -0.0853962 0.942907 0.321951 
-110.31 167.671 -232.313 0.49431 -0.751348 0.43721 
119.603 -109.02 -241.512 -0.615343 0.560892 0.553869 
-95.1387 224.575 -211.51 0.363254 -0.857462 0.364449 
96.3135 -230.384 -209.938 -0.358983 0.858694 0.365778 
-115.885 100.809 -171.778 0.677309 -0.589191 0.440596 
15.9165 -278.98 -186.009 -0.0539803 0.946154 0.319212 
6.07468 241.898 -225.126 -0.0232248 -0.924828 0.379699 
125.976 -82.6025 -250.385 -0.688063 0.451165 0.568364 
-21.3637 222.973 -206.693 0.087043 -0.908471 0.408806 
22.7733 -151.675 -212.371 -0.129571 0.862972 0.488374 
-84.3201 120.753 -239.184 0.476822 -0.682849 0.553513 
59.1542 -219.842 -226.65 -0.236817 0.880111 0.411509 
-133.803 100.908 -233.468 0.687263 -0.5183 0.508972 
66.8569 -222.582 -214.445 -0.262697 0.874578 0.407579 
-90.6163 180.199 -239.674 0.401863 -0.799143 0.447096 
77.6146 -181.248 -226.77 -0.348676 0.814237 0.464178 
-127.129 125.481 -236.44 0.621336 -0.613283 0.487693 
88.1632 -191.25 -223.79 -0.374387 0.812148 0.447513 
-120.641 147.49 -235.328 0.561201 -0.6861 0.462966 
95.0239 -180.269 -227.62 -0.41368 0.784789 0.461511 
-125.311 138.491 -228.496 0.595214 -0.657819 0.461533 
95.6705 -192.409 -224.706 -0.399219 0.802894 0.442722 
-125.676 133.221 -226.519 0.607886 -0.644379 0.463969 
109.929 -165.647 -230.1 -0.48661 0.73325 0.474946 
-123.587 143.846 -215.101 0.585712 -0.681725 0.438419 
87.1416 -220.835 -217.356 -0.335866 0.851156 0.403416 
-126.266 121.175 -225.855 0.634687 -0.609095 0.475598 
127.477 -99.7287 -240.087 -0.654381 0.511939 0.556526 
-88.0568 231.014 -202.635 0.333834 -0.8758 0.348637 
104.273 -215.914 -204.764 -0.404063 0.836676 0.369762 
-110.381 126.18 -166.574 0.601677 -0.687792 0.406133 
20.2666 -275.125 -177.014 -0.0699767 0.949952 0.304487 
-121.431 93.5846 -207.143 0.693423 -0.534409 0.483312 
132.812 104.699 -245.005 -0.662479 -0.522248 0.537026 
-88.8203 -56.4606 -238.793 0.623246 0.39618 0.674258 
53.1733 -31.6647 -206.5 -0.551478 0.328406 0.766838 
13.8472 140.144 -189.57 -0.0840093 -0.850231 0.51968 
14.4297 -67.2844 -178.081 -0.161078 0.751093 0.640259 
-47.6156 89.1168 -211.934 0.370982 -0.694326 0.616686 
61.2578 -166.355 -227.751 -0.30289 0.822545 0.481348 
-109.916 163.412 -242.312 0.492678 -0.732466 0.469873 
54.6288 -249.261 -220.302 -0.198444 0.905466 0.375193 
-131.99 56.5636 -217.366 0.778253 -0.333515 0.532079 
135.869 -27.4625 -243.733 -0.772475 0.156137 0.615566 
55.1659 262.82 -209.65 -0.191983 -0.914641 0.355798 
9.06805 -186.599 -219.32 -0.0435826 0.896829 0.440246 
-97.0094 105.176 -245.74 0.55543 -0.602189 0.573484 
31.6041 -228.233 -218.093 -0.125546 0.90665 0.402793 
-126.455 74.0103 -245.052 0.715201 -0.418585 0.559726 
116.844 -27.4379 -247.635 -0.733548 0.172255 0.65746 
46.2253 229.601 -213.236 -0.180552 -0.8968 0.403942 
-20.2162 -113.951 -195.641 0.14544 0.819787 0.553909 
-56.6989 49.4949 -227.534 0.539074 -0.470582 0.698548 
51.4307 -79.1659 -207.163 -0.414943 0.638711 0.647988 
-44.8508 170.135 -221.902 0.224715 -0.852426 0.472113 
107.38 -144.487 -245.531 -0.516169 0.694543 0.501196 
-43.9667 241.519 -219.699 0.16516 -0.907258 0.386811 
131.677 -63.4035 -233.197 -0.754386 0.363243 0.546786 
-127.396 0.990779 -248.6 0.765446 -0.00595298 0.643486 
-60.749 -204.64 -207.029 0.256055 0.862554 0.436411 
72.0095 2.72166 -219.86 -0.640756 -0.0242179 0.767375 
35.3273 125.897 -179.004 -0.223415 -0.796191 0.562302 
-27.7202 -12.4666 -176.554 0.467934 0.210443 0.858353 
14.0382 -27.3411 -138.275 -0.261962 0.510202 0.819199 
7.26645 45.3224 -133.875 -0.102467 -0.639111 0.76227 
-0.149146 -9.29131 -118.123 0.00798929 0.497707 0.867319 
-3.33616 12.9915 -128.415 0.134081 -0.522131 0.842271 
6.80098 -35.1875 -142.826 -0.124274 0.642978 0.755747 
-11.2959 51.6005 -160.554 0.153719 -0.702198 0.695202 
28.3409 -79.9746 -192.291 -0.260298 0.734531 0.62668 
-57.149 128.555 -223.334 0.341868 -0.76902 0.540141 
82.9727 -176.616 -236.708 -0.376353 0.801105 0.465411 
-102.037 200.638 -233.679 0.411166 -0.808487 0.421081 
104.552 -215.303 -219.003 -0.403028 0.82995 0.385706 
-112.524 189.272 -199.113 0.472299 -0.794433 0.381873 
85.4174 -227.294 -182.977 -0.331493 0.882098 0.334716 
-100.266 84.593 -142.875 0.689241 -0.581502 0.432228 
1.09124 -272.977 -169.836 -0.003809 0.952837 0.303488 
64.6103 232.612 -228.522 -0.246108 -0.886043 0.392908 
121.538 3.0741 -248.318 -0.784598 -0.0198451 0.619702 
-0.967809 -163.273 -215.929 0.00526075 0.887509 0.460779 
-87.1578 50.4682 -243.318 0.638176 -0.369533 0.675422 
5.25222 -182.118 -199.385 -0.0256223 0.888439 0.458299 
-22.5383 109.841 -199.673 0.167232 -0.815012 0.554804 
66.2648 -113.338 -227.986 -0.414713 0.709315 0.570003 
-71.888 194.586 -232.188 0.310813 -0.841303 0.442292 
121.315 -161.672 -236.912 -0.534042 0.711694 0.456408 
-42.9646 264.223 -214.17 0.149947 -0.92214 0.356641 
129.328 -44.9274 -217.222 -0.793209 0.275554 0.543055 
-123.542 -116.028 -247.11 0.615273 0.577851 0.536232 
53.7131 96.6069 -217.135 -0.38643 -0.695022 0.606329 
10.6591 -31.9429 -167.913 -0.217948 0.65314 0.725207 
-39.4595 32.8458 -205.163 0.495927 -0.412806 0.76398 
15.407 -122.662 -185.363 -0.104461 0.831663 0.545382 
-34.9498 101.623 -206.315 0.265407 -0.771722 0.577946 
59.3274 -133.914 -222.78 -0.342556 0.773219 0.533673 
-99.7969 167.529 -242.023 0.451646 -0.758179 0.470318 
62.4044 -235.731 -223.938 -0.235479 0.889514 0.391578 
-133.59 74.3766 -221.079 0.746759 -0.415759 0.519148 
123.804 -128.169 -233.818 -0.593851 0.614788 0.519032 
-110.531 184.533 -205.368 0.47361 -0.790695 0.38796 
62.6369 -258.964 -208.894 -0.219788 0.908683 0.354974 
-125.913 58.9093 -207.979 0.772841 -0.36158 0.52153 
131.316 105.827 -245.638 -0.655718 -0.528441 0.539261 
-87.7434 -49.248 -238.091 0.633561 0.355601 0.687144 
50.4432 -50.0287 -199.216 -0.487405 0.4834 0.727172 
8.27558 133.622 -190.093 -0.0525785 -0.84896 0.525852 
37.9647 -77.7902 -207.797 -0.341045 0.698805 0.628792 
-47.52 109.798 -208.373 0.32416 -0.748994 0.577881 
80.3776 -156.232 -238.562 -0.398167 0.773928 0.49246 
-63.4869 205.606 -226.273 0.266314 -0.862471 0.430394 
132.337 -102.061 -235.12 -0.681055 0.525244 0.510197 
-86.0496 196.382 -221.355 0.360334 -0.822352 0.440356 
112.651 -163.631 -237.887 -0.505746 0.734622 0.452293 
-85.8553 188.336 -226.064 0.369864 -0.811353 0.452687 
126.401 -129.066 -232.918 -0.614616 0.62757 0.477935 
-101.967 172.143 -228.743 0.449749 -0.759278 0.470363 
123.682 -147.215 -224.762 -0.57528 0.68474 0.44744 
-88.4969 209.234 -221.186 0.353371 -0.835478 0.420861 
126.439 -124.182 -228.299 -0.62748 0.616281 0.475904 
-121.108 125.465 -237.016 0.590216 -0.611447 0.527064 
110.38 -188.997 -207.486 -0.465 0.796191 0.387134 
-60.7331 262.057 -208.372 0.21147 -0.912471 0.350279 
123.409 -45.6327 -199.354 -0.797842 0.295018 0.525766 
-125.404 -142.715 -241.857 0.575153 0.654551 0.490694 
-2.4723 149.507 -210.06 0.0144713 -0.875123 0.483704 
80.7019 -77.3842 -238.856 -0.557947 0.53501 0.634411 
-23.169 199.796 -211.983 0.10367 -0.893994 0.435941 
106.047 -100.726 -249.976 -0.600688 0.570546 0.560062 
-92.8098 96.5939 -235.298 0.554762 -0.577381 0.599073 
75.2304 -228.811 -229.93 -0.287336 0.873924 0.392062 
-115.658 187.072 -230.628 0.475745 -0.769496 0.4261 
90.8713 -236.124 -208.493 -0.33546 0.871672 0.357312 
-120.166 125.808 -183.202 0.625249 -0.654608 0.424936 
13.8622 -281.171 -185.843 -0.0467813 0.948876 0.312192 
-117.156 147.831 -227.572 0.554882 -0.700163 0.449328 
130.434 -52.8122 -245.864 -0.735654 0.297864 0.608365 
12.3699 280.803 -209.339 -0.0414576 -0.941111 0.335572 
127.398 -28.0742 -226.526 -0.803786 0.177128 0.567955 
-2.85878 -223.287 -226.063 0.0117866 0.920598 0.390358 
-107.637 77.8965 -249.032 0.642157 -0.464725 0.609658 
7.37165 -241.677 -214.988 -0.0281037 0.921368 0.387697 
-113.114 89.3557 -249.679 0.648151 -0.512016 0.5637 
106.452 -16.5265 -247.206 -0.721615 0.112029 0.683184 
35.8778 191.855 -201.544 -0.163999 -0.876975 0.451705 
-35.8797 -58.1815 -190.149 0.370334 0.600522 0.708692 
0.317677 1.00503 -129.313 -0.150799 -0.477078 0.865838 
3.9321 -6.40701 -144.342 -0.265771 0.43305 0.861308 
-11.1843 49.3438 -153.341 0.155058 -0.684094 0.712734 
13.2601 -65.9453 -169.684 -0.148999 0.741005 0.654774 
-40.1501 91.6225 -207.275 0.319528 -0.729162 0.60518 
58.7633 -149.527 -224.505 -0.315233 0.802131 0.507181 
-105.65 162.261 -242.976 0.480276 -0.737624 0.474619 
54.8402 -242.303 -221.528 -0.20378 0.900371 0.384478 
-132.848 62.7521 -222.985 0.765112 -0.361407 0.532922 
133.005 -44.0674 -243.8 -0.751162 0.248875 0.611421 
22.2196 280.995 -207.438 -0.0743355 -0.940069 0.332811 
126.514 -34.7777 -228.639 -0.793859 0.218226 0.567613 
-0.577858 -220.44 -225.921 0.00241045 0.919532 0.393032 
-106.644 74.5432 -248.834 0.645631 -0.451292 0.616047 
5.2789 -239.303 -214.545 -0.0203038 0.920413 0.390442 
-108.585 96.0352 -249.732 0.620356 -0.548657 0.560493 
103.476 -33.1124 -245.452 -0.700539 0.224173 0.677503 
30.7224 215.459 -210.101 -0.128081 -0.898244 0.420442 
2.87569 -108.964 -190.881 -0.022 0.833611 0.55193 
-67.5039 78.8801 -231.805 0.502233 -0.586872 0.635107 
31.7655 -168.006 -207.14 -0.163179 0.863041 0.47807 
-90.9633 122.047 -245.132 0.503161 -0.675098 0.539527 
65.226 -154.265 -219.51 -0.336118 0.794949 0.505073 
-103.25 156.093 -244.033 0.484089 -0.731843 0.479668 
59.8496 -203.08 -219.791 -0.25456 0.863768 0.434882 
-121.549 117.481 -244.203 0.617674 -0.597003 0.511941 
104.475 -128.113 -235.768 -0.532547 0.653042 0.538469 
-108.764 195.629 -226.528 0.443979 -0.798566 0.40644 
63.5196 -249.947 -217.086 -0.228671 0.89981 0.371576 
-128.755 55.1973 -210.795 0.781091 -0.334855 0.527056 
137.595 36.7443 -245.764 -0.769177 -0.205406 0.605139 
28.4737 205.213 -190.585 -0.124059 -0.894103 0.430358 
-69.794 11.1697 -213.034 0.629073 -0.100675 0.770811 
-46.3772 -125.4 -191.788 0.286105 0.773604 0.565419 
27.0582 15.8138 -178.698 -0.459084 -0.268305 0.846919 
-13.2715 13.6748 -149.679 0.3468 -0.357337 0.867213 
-2.93561 -56.9045 -139.085 0.0361009 0.699787 0.713451 
-0.133211 23.2107 -129.133 0.0034174 -0.595448 0.803398 
6.3237 -23.5464 -142.036 -0.159375 0.593436 0.788956 
-14.0938 53.755 -164.394 0.18316 -0.698587 0.691698 
29.6634 -87.8022 -195.158 -0.253737 0.75105 0.609557 
-62.6473 131.526 -227.434 0.363182 -0.762489 0.535469 
78.8683 -186.063 -234.467 -0.347863 0.820665 0.453341 
-115.658 178.454 -234.944 0.488761 -0.754133 0.438651 
64.1763 -258.131 -215.499 -0.225423 0.906698 0.356513 
-125.715 52.7636 -194.008 0.791381 -0.33215 0.513235 
139.605 -84.6803 -231.708 -0.714435 0.433354 0.549367 
-76.0657 224.821 -178.424 0.303133 -0.895943 0.324678 
107.328 -193.936 -187.703 -0.450294 0.813652 0.367728 
-96.283 137.008 -148.108 0.533469 -0.759112 0.373067 
48.5278 -238.058 -155.276 -0.190632 0.935162 0.298579 
-60.0519 7.60819 -93.8496 0.857072 -0.108585 0.503642 
71.082 231.959 -185.258 -0.277178 -0.904504 0.324135 
128.744 12.6043 -197.442 -0.83745 -0.0819885 0.540346 
-131.271 -112.565 -244.259 0.643106 0.551463 0.531339 
91.1303 34.744 -239.056 -0.665652 -0.253784 0.701797 
-28.0775 111.906 -173.559 0.199097 -0.793528 0.575058 
-20.0679 -64.1094 -165.895 0.216367 0.691211 0.689514 
-0.946244 10.1462 -129.101 0.0524904 -0.562836 0.824911 
12.3193 -29.418 -157.773 -0.246433 0.588473 0.770058 
-19.5819 77.4907 -178.643 0.189869 -0.75136 0.632002 
47.4564 -108.231 -215.989 -0.329107 0.750574 0.573015 
-63.6179 161.278 -227.463 0.319856 -0.810865 0.49011 
113.236 -159.618 -242.384 -0.510389 0.719447 0.471081 
-45.7602 248.933 -218.215 0.167428 -0.910801 0.377394 
131.23 -60.0362 -229.096 -0.762906 0.34902 0.544222 
-128.654 -32.8969 -249.533 0.753132 0.192577 0.629066 
-5.52109 -188.869 -185.907 0.0261018 0.892907 0.449504 
53.8564 30.9375 -204.477 -0.54597 -0.313629 0.776899 
-22.5713 53.138 -152.592 0.268501 -0.632113 0.726883 
-14.1697 -51.6341 -147.182 0.178296 0.649705 0.738994 
0.20582 3.82592 -117.298 -0.0256086 -0.476029 0.879067 
3.66542 -11.2754 -130.925 -0.164182 0.505053 0.847339 
-7.41385 38.8601 -144.969 0.125244 -0.656475 0.74389 
11.7109 -54.0445 -162.423 -0.153768 0.709619 0.687616 
-30.7305 82.6016 -195.58 0.27312 -0.734128 0.621675 
58.3915 -133.316 -224.259 -0.339607 0.775372 0.532431 
-87.5137 176.604 -238.143 0.393314 -0.793712 0.464051 
95.691 -211.447 -231.475 -0.376027 0.830902 0.41015 
-118.913 184.018 -217.914 0.49537 -0.766588 0.408619 
70.2798 -258.042 -201.422 -0.247473 0.908631 0.3364 
-110.882 48.1704 -162.703 0.797279 -0.346362 0.494366 
129.546 -154.426 -210.367 -0.573365 0.683482 0.4518 
-106.447 119.218 -169.791 0.606687 -0.679474 0.412631 
116.587 -191.568 -209.32 -0.473533 0.778077 0.412771 
-111.653 88.1597 -174.111 0.698692 -0.551675 0.455524 
143.709 -77.3034 -224.731 -0.741232 0.398722 0.540013 
-65.3077 216.298 -160.366 0.274761 -0.910003 0.310513 
107.637 -154.099 -166.925 -0.52964 0.758262 0.380181 
-71.8849 190.375 -143.345 0.335094 -0.887441 0.31651 
74.2415 -68.0701 -103.377 -0.671459 0.615643 0.412485 
3.28814 244.298 -141.427 -0.0128948 -0.958046 0.286357 
-24.112 -274.163 -213.745 0.082665 0.939932 0.331229 
-139.142 54.4882 -233.188 0.776044 -0.3039 0.552648 
53.198 -229.456 -208.346 -0.207095 0.893249 0.399045 
-16.787 190.664 -219.784 0.0788295 -0.895337 0.438379 
104.827 -113.409 -248.075 -0.565666 0.611973 0.552747 
-28.1379 230.13 -215.856 0.11119 -0.909386 0.400838 
119.388 -90.237 -248.155 -0.664517 0.502261 0.553325 
-111.275 39.3926 -246.446 0.709644 -0.251223 0.658263 
-29.8906 -240.916 -214.723 0.113392 0.913933 0.389725 
-53.6394 138.224 -227.477 0.31069 -0.800619 0.512347 
71.495 -117.5 -226.203 -0.4283 0.703901 0.566657 
-95.6543 185.603 -239.11 0.410379 -0.79628 0.444461 
71.5963 -231.103 -225.559 -0.27179 0.877302 0.395587 
-133.109 85.0837 -216.522 0.728259 -0.465505 0.502953 
102.99 -191.529 -221.231 -0.425708 0.791687 0.438205 
-119.678 157.315 -225.399 0.544377 -0.715579 0.437742 
99.7759 -189.249 -226.311 -0.417557 0.791996 0.445429 
-127.191 122.89 -219.328 0.636521 -0.614998 0.465442 
114.822 -164.414 -228.986 -0.504747 0.72275 0.472103 
-122.305 140.695 -208.351 0.591246 -0.680146 0.433414 
91.3649 -220.059 -216.26 -0.351207 0.845907 0.401388 
-126.308 117.332 -220.577 0.64564 -0.599755 0.472717 
131.376 -91.4308 -239.843 -0.67941 0.472836 0.561111 
-77.774 242.185 -197.956 0.288034 -0.896923 0.335535 
117.148 -180.068 -199.068 -0.501777 0.771278 0.391621 
-86.8301 211.744 -173.106 0.357602 -0.872047 0.334176 
98.2397 -110.772 -142.815 -0.608554 0.686186 0.398533 
-19.8495 256.615 -156.998 0.0737697 -0.953696 0.291616 
103.272 -43.0847 -165.993 -0.796645 0.332357 0.504889 
28.223 -255.774 -209.777 -0.103549 0.938419 0.329645 
-130.794 98.4266 -244.279 0.667191 -0.502084 0.55026 
52.6503 -269.83 -204.343 -0.180873 0.926963 0.328699 
-124.827 65.4266 -186.007 0.770106 -0.403643 0.493992 
67.4407 -249.863 -199.157 -0.243122 0.900751 0.359941 
-39.9827 237.94 -227.8 0.153195 -0.911677 0.381307 
108.948 -161.159 -241.349 -0.491578 0.727156 0.479179 
-95.5293 227.247 -220.116 0.358866 -0.853678 0.377447 
118.481 -179.52 -205.781 -0.50527 0.765574 0.398267 
-72.2507 249.907 -189.465 0.262455 -0.907801 0.327159 
100.303 -48.6549 -143.984 -0.788981 0.382717 0.480682 
-97.5734 218.86 -189.806 0.378298 -0.848534 0.369999 
101.206 -199.187 -212.638 -0.418767 0.824193 0.381258 
-100.176 204.041 -224.312 0.399501 -0.813712 0.422244 
126.027 -91.8418 -202.759 -0.708785 0.516524 0.480462 
-134.124 114.674 -231.664 0.648791 -0.55471 0.520947 
101.946 -179.551 -182.899 -0.459403 0.809118 0.366463 
-61.7877 264.107 -197.477 0.214688 -0.917669 0.33438 
113.088 -34.5447 -178.014 -0.817143 0.24961 0.519605 
-89.5807 -224.159 -226.525 0.342551 0.857171 0.384624 
-129.592 -34.7254 -239.652 0.785761 0.210551 0.581607 
-74.4345 144.36 -237.272 0.399505 -0.774807 0.489987 
89.8577 79.7253 -244.406 -0.584823 -0.518878 0.62351 
-9.19617 -60.7465 -172.673 0.113912 0.752463 0.648723 
-40.2107 29.0631 -212.007 0.522382 -0.377562 0.76458 
34.1363 -77.9098 -187.255 -0.306007 0.698405 0.647 
-27.1963 125.877 -203.219 0.178494 -0.826152 0.534445 
86.1341 -123.33 -241.645 -0.4799 0.687139 0.545485 
-44.2315 207.026 -219.167 0.188775 -0.883561 0.428604 
125.777 -91.3681 -245.545 -0.67965 0.493719 0.542527 
-109.824 100.619 -239.554 0.601549 -0.551131 0.578284 
84.368 -235.678 -222.244 -0.312996 0.874337 0.370926 
-109.035 208.141 -221.089 0.426095 -0.813391 0.39605 
114.501 -173.928 -193.331 -0.506786 0.769811 0.388043 
-63.4502 255.78 -185.062 0.228145 -0.919696 0.319572 
91.7586 -26.806 -134.369 -0.831263 0.242842 0.500048 
-145.799 24.8327 -210.667 0.819414 -0.139564 0.555968 
-30.574 -253.948 -160.293 0.114283 0.949234 0.293108 
-106.436 24.7745 -175.077 0.826619 -0.192407 0.528866 
-110.776 80.7445 -209.86 0.69705 -0.50808 0.505959 
-106.605 24.1434 -222.166 0.787975 -0.178456 0.589293 
-84.2377 -146.278 -225.47 0.44655 0.775427 0.446458 
-41.703 -211.94 -227.034 0.177681 0.902994 0.391215 
-114.583 -34.9094 -253.667 0.730377 0.22252 0.645796 
80.0597 1.16421 -234.199 -0.669504 -0.00973578 0.742757 
10.3383 137.72 -173.692 -0.0635595 -0.846696 0.528284 
-21.1423 -36.8673 -164.115 0.3113 0.542835 0.780026 
-6.41412 -11.5597 -118.236 -0.171601 -0.309265 0.935375 
7.24429 -12.001 -117.773 0.175573 -0.290857 0.940529 
4.95571 -13.4023 -129.729 -0.181118 0.489821 0.852813 
-3.89704 37.6542 -136.857 0.0673215 -0.650478 0.756548 
6.35913 -37.649 -146.626 -0.112058 0.663438 0.739805 
-16.9558 56.8394 -171.671 0.209382 -0.701892 0.680827 
38.4471 -99.2173 -205.437 -0.291801 0.753027 0.589764 
-69.5092 148.125 -231.78 0.365698 -0.779306 0.508887 
88.3316 -192.604 -236.18 -0.374029 0.815559 0.441571 
-111.713 194.667 -229.649 0.452452 -0.788427 0.416758 
88.149 -240.101 -212.059 -0.321536 0.875803 0.360002 
-122.138 107.823 -184.058 0.671266 -0.59259 0.445261 
11.7385 -280.469 -190.077 -0.0395815 0.94572 0.32259 
-12.6094 237.035 -225.796 0.0490564 -0.922175 0.383674 
117.971 -118.678 -248.177 -0.596499 0.600074 0.533028 
-24.8962 255.601 -215.989 0.0900305 -0.924314 0.370886 
128.099 -62.7691 -239.275 -0.744504 0.36481 0.559148 
-117.493 -60.1251 -250.488 0.69562 0.355973 0.624031 
76.6186 -56.8591 -222.562 -0.582137 0.432008 0.688843 
3.66876 199.681 -213.057 -0.0165486 -0.900695 0.434157 
105.217 -68.9744 -251.814 -0.663576 0.435003 0.608652 
-93.9955 41.4674 -240.79 0.666457 -0.294017 0.685133 
-17.1316 -219.11 -212.207 0.0709418 0.90733 0.414412 
-61.8672 117.86 -231.219 0.388475 -0.74006 0.549014 
70.0979 -105.808 -224.266 -0.446123 0.673394 0.58952 
-83.9102 192.677 -236.969 0.358657 -0.82356 0.439469 
87.251 -214.475 -230.833 -0.343281 0.843831 0.412463 
-129.826 138.049 -217.987 0.611637 -0.65038 0.450471 
24.6502 -273.599 -204.544 -0.0842619 0.935244 0.343855 
-106.644 157.084 -240.829 0.497238 -0.732415 0.465124 
109.231 -108.547 -240.723 -0.584925 0.58126 0.565701 
-93.3933 225.932 -221.63 0.353821 -0.855945 0.377077 
98.8143 -225.558 -217.599 -0.371349 0.847656 0.378944 
-121.194 124.124 -186.294 0.630917 -0.646168 0.429452 
15.7265 -281.37 -190.317 -0.0528815 0.946128 0.319473 
-90.9825 200.524 -232.925 0.376847 -0.830563 0.410085 
100.581 -160.44 -234.347 -0.463298 0.739023 0.4891 
-125.307 148.155 -221.638 0.578897 -0.684454 0.443193 
58.8955 -246.644 -212.16 -0.215158 0.901046 0.376619 
-118.796 135.779 -239.23 0.577006 -0.659496 0.481817 
116.489 -98.7414 -241.975 -0.624988 0.52977 0.573369 
-82.9716 241.01 -216.008 0.30384 -0.882574 0.358836 
115.686 -194.991 -214.583 -0.468255 0.789253 0.397284 
-99.8742 206.085 -188.153 0.407651 -0.841165 0.355359 
101.93 -170.436 -168.042 -0.478113 0.799442 0.363755 
-79.9529 194.588 -153.22 0.359343 -0.874562 0.325627 
80.0548 -79.1249 -112.583 -0.650026 0.642476 0.405843 
-2.96636 248.029 -145.222 0.0114559 -0.957876 0.286986 
66.8518 -243.114 -208.788 -0.249262 0.906469 0.340881 
-109.053 193.055 -229.058 0.443577 -0.785255 0.43201 
122.546 -107.556 -190.85 -0.670809 0.588754 0.451001 
-69.9803 249.696 -203.001 0.251588 -0.897689 0.361769 
102.868 -187.315 -232.823 -0.436658 0.795122 0.420867 
-97.4471 174.893 -230.924 0.429974 -0.771698 0.468639 
127.662 -131.093 -222.332 -0.6191 0.635738 0.461053 
-87.0241 213.659 -219.028 0.343283 -0.842817 0.41453 
123.537 -136.194 -231.244 -0.593896 0.654741 0.467568 
-115.913 136.865 -235.907 0.553966 -0.654099 0.515068 
116.205 -175.379 -212.436 -0.504979 0.762125 0.405191 
-57.4899 258.556 -210.193 0.202572 -0.911049 0.359128 
128.329 -78.2473 -222.32 -0.730417 0.445363 0.517842 
-132.172 -49.4965 -248.847 0.743849 0.27856 0.607546 
43.0785 -171.246 -195.407 -0.214555 0.852901 0.475966 
34.5237 96.5937 -192.764 -0.266958 -0.746921 0.608983 
4.41717 -26.2892 -148.95 -0.109666 0.652687 0.749661 
-27.4435 47.9216 -186.462 0.346577 -0.605189 0.716693 
32.707 -121.621 -202.464 -0.217386 0.808351 0.547111 
-87.0141 129.18 -242.351 0.472405 -0.701328 0.533846 
45.6675 -199.281 -217.675 -0.200733 0.875945 0.438686 
-120.765 103.539 -247.436 0.641002 -0.54957 0.535823 
102.219 -117.1 -236.167 -0.545701 0.625143 0.558054 
-99.1877 210.885 -228.279 0.390549 -0.830353 0.397496 
78.0343 -240.965 -220.881 -0.28523 0.880772 0.378024 
-127.37 69.6207 -197.822 0.760007 -0.41542 0.499834 
125.862 -152.497 -224.13 -0.560357 0.67894 0.474402 
-115.337 143.898 -193.014 0.569873 -0.71099 0.412015 
90.5325 -229.38 -210.761 -0.338953 0.858797 0.384183 
-125.404 104.127 -211.832 0.676382 -0.56162 0.476559 
138.431 -45.9772 -241.235 -0.762437 0.253229 0.595469 
18.8027 284.107 -200.993 -0.0625313 -0.944842 0.32153 
124.47 -20.5687 -214.041 -0.818514 0.135259 0.558353 
72.5734 -197.435 -230.642 -0.314938 0.856784 0.408355 
-118.418 -31.832 -252.267 0.736359 0.197942 0.647003 
65.4693 -113.206 -209.212 -0.408136 0.705728 0.57913 
-6.42236 160.737 -206.599 0.0350356 -0.87686 0.479487 
98.4078 -83.8621 -249.589 -0.60877 0.518787 0.600231 
-57.7859 150.709 -212.972 0.307891 -0.802996 0.510313 
75.3647 -164.414 -237.325 -0.36598 0.798411 0.478138 
-65.1534 188.744 -225.328 0.290849 -0.842567 0.453328 
128.908 -113.283 -239.403 -0.647957 0.569417 0.505899 
-82.2121 194.33 -221.738 0.349006 -0.824966 0.444571 
113.491 -158.097 -239.454 -0.51756 0.720981 0.460801 
-85.6971 184.665 -226.204 0.374192 -0.80633 0.458073 
125.118 -134.174 -234.293 -0.6002 0.643638 0.474878 
-96.1478 181.189 -226.878 0.416322 -0.78455 0.459538 
124.116 -142.787 -228.867 -0.583324 0.671074 0.457615 
-95.4308 192.219 -224.982 0.39863 -0.802931 0.443185 
126.086 -131.323 -226.191 -0.612966 0.638426 0.465514 
-110.636 164.447 -230.223 0.490846 -0.729582 0.476233 
123.296 -144.823 -214.548 -0.583159 0.684979 0.436747 
-85.9411 222.918 -216.85 0.329562 -0.854833 0.400835 
126.258 -120.632 -226.161 -0.635641 0.607315 0.4766 
-127.896 95.6205 -240.617 0.662652 -0.495426 0.561662 
82.5922 -238.897 -202.84 -0.306872 0.887623 0.343472 
-113.042 196.412 -204.031 0.460642 -0.800371 0.383711 
101.543 -179.518 -173.313 -0.45921 0.811839 0.36064 
-83.3931 203.671 -162.265 0.357798 -0.873852 0.329214 
84.7178 -79.7929 -119.353 -0.662951 0.624411 0.413068 
-0.137249 256.941 -152.545 0.000511022 -0.956674 0.291191 
1.26274 -273.122 -216.478 -0.00435717 0.942426 0.334414 
-135.237 107.633 -239.796 0.670162 -0.533372 0.516155 
0.765551 -271.64 -208.251 -0.00263945 0.936555 0.350536 
-93.7377 156.61 -242.582 0.451346 -0.754074 0.477156 
97.7915 -112.153 -237.677 -0.540691 0.620098 0.568463 
-95.3983 215.829 -229.153 0.371144 -0.839674 0.396507 
90.5349 -231.42 -222.183 -0.336608 0.860419 0.382613 
-126.638 107.404 -195.617 0.678299 -0.575281 0.457143 
28.7119 -273.611 -197.08 -0.0982289 0.936076 0.337833 
-28.4008 226.37 -227.045 0.114346 -0.911396 0.395349 
107.691 -142.174 -244.424 -0.519908 0.686384 0.508519 
-70.961 246.041 -222.693 0.257205 -0.891799 0.372233 
132.779 -100.633 -210.973 -0.698761 0.529589 0.480922 
-35.5958 264.109 -202.525 0.124916 -0.926831 0.354116 
29.2475 -213.112 -226.284 -0.123947 0.903142 0.411084 
-103.238 140.545 -244.012 0.507866 -0.691397 0.513868 
71.4291 -241.364 -224.675 -0.26256 0.887211 0.379391 
-133.381 106.744 -215.325 0.685171 -0.548338 0.479463 
31.6829 -264.592 -203.505 -0.111158 0.928303 0.354846 
-35.9112 208.459 -227.311 0.154352 -0.89599 0.416408 
97.3925 -149.044 -241.22 -0.47228 0.722752 0.504579 
-93.7002 220.934 -228.04 0.358758 -0.845909 0.39465 
117.21 -189.45 -216.814 -0.481479 0.778225 0.403189 
-82.7836 243.14 -198.01 0.303008 -0.889953 0.340864 
111.463 -81.2089 -161.381 -0.719954 0.52454 0.454469 
-18.8002 276.387 -182.284 0.0643307 -0.945745 0.318505 
-60.8077 -216.318 -229.091 0.246171 0.875732 0.415344 
-111.204 12.0622 -252.041 0.759691 -0.0824031 0.645056 
39.289 128.032 -216.095 -0.249059 -0.811616 0.528458 
73.5674 -15.182 -241.393 -0.669875 0.138241 0.729503 
-60.8919 11.771 -223.773 0.62144 -0.120131 0.774209 
2.53501 -121.559 -170.937 -0.0173779 0.833307 0.552553 
7.38555 52.8338 -153.716 -0.0987713 -0.706578 0.700721 
10.3254 -27.8005 -158.762 -0.22561 0.60744 0.761665 
-26.0098 72.0123 -184.381 0.258239 -0.714974 0.649725 
47.8571 -122.509 -217.106 -0.304512 0.77952 0.547393 
-77.9063 162.812 -235.261 0.377089 -0.788058 0.486608 
98.3391 -197.194 -235.715 -0.403053 0.808221 0.429355 
-103.66 214.558 -223.252 0.400135 -0.828214 0.392393 
113.682 -191.242 -204.381 -0.471325 0.792888 0.386263 
-85.5957 231.993 -187.926 0.325905 -0.883314 0.336988 
103.813 -85.0303 -148.593 -0.695692 0.569823 0.437416 
-3.64495 275.313 -173.649 0.0125986 -0.951611 0.307076 
-68.1808 -223.619 -229.78 0.266659 0.874586 0.404983 
-115.368 4.4157 -250.493 0.772469 -0.029566 0.634379 
5.19912 149.601 -212.116 -0.0304928 -0.877408 0.478794 
83.0316 -41.185 -242.159 -0.645132 0.319996 0.693849 
-12.8762 160.281 -191.942 0.0698841 -0.869903 0.488265 
9.54511 -97.6585 -185.635 -0.0795007 0.813391 0.576275 
-63.5904 90.7694 -228.491 0.454178 -0.648297 0.611106 
40.1377 -173.291 -213.789 -0.198993 0.859132 0.471499 
-112.302 112.635 -249.327 0.595296 -0.597061 0.537735 
75.6162 -162.171 -222.735 -0.367632 0.788446 0.493171 
-105.104 165.067 -242.09 0.475954 -0.747494 0.463398 
64.4956 -206.176 -221.031 -0.269442 0.861336 0.430719 
-124.919 113.423 -241.385 0.637022 -0.5784 0.509583 
110.87 -119.958 -237.791 -0.568413 0.615006 0.546528 
-104.806 206.245 -221.162 0.417096 -0.820793 0.390317 
71.3863 -251.189 -215.781 -0.254541 0.895662 0.364714 
-123.808 50.3359 -192.787 0.794167 -0.322881 0.514844 
143.443 -17.3572 -236.896 -0.797211 0.0964663 0.595959 
70.197 257.401 -203.271 -0.246276 -0.903056 0.351931 
-74.4721 -151.741 -231.231 0.379147 0.772532 0.509373 
-30.6774 70.7529 -202.35 0.307953 -0.710248 0.633033 
59.3921 -41.4923 -222.663 -0.562147 0.392725 0.727857 
-8.45568 160.2 -196.99 0.0460519 -0.872495 0.486467 
48.8005 -107.608 -220.114 -0.339606 0.748853 0.569127 
-54.9083 132.776 -216.192 0.32231 -0.779391 0.537293 
100.668 -152.413 -244.469 -0.480509 0.727499 0.489771 
-49.8608 216.537 -219.005 0.203903 -0.885516 0.417496 
125.377 -96.4657 -243.846 -0.670506 0.515892 0.533194 
-115.386 78.4222 -243.242 0.658672 -0.447668 0.604783 
48.8687 -266.151 -217.117 -0.16938 0.922489 0.346905 
-135.181 92.836 -215.029 0.716768 -0.492242 0.493924 
24.8403 -265.862 -201.854 -0.0870269 0.931435 0.353373 
1.32792 200.937 -220.344 -0.00597837 -0.904627 0.426183 
110.91 -84.0986 -251.742 -0.6438 0.488168 0.589263 
-28.9835 199.068 -206.43 0.129516 -0.889558 0.438098 
44.8527 -146.304 -222.097 -0.253637 0.827332 0.501206 
-70.423 147.251 -228.733 0.370191 -0.774051 0.513636 
111.763 -167.664 -240.728 -0.492751 0.739216 0.459101 
-49.965 247.558 -218.733 0.183118 -0.907282 0.378583 
131.456 -59.9936 -226.356 -0.765467 0.349342 0.540407 
-130.866 -23.7881 -248.742 0.764558 0.138977 0.629409 
-35.4521 -195.721 -192.335 0.159619 0.881213 0.444975 
64.6308 -4.80634 -210.705 -0.618074 0.0459637 0.784787 
38.4835 117.278 -181.056 -0.253714 -0.773194 0.581222 
-23.949 -12.2688 -172.682 0.448098 0.229555 0.86402 
12.3907 -17.1758 -141.172 -0.301249 0.417586 0.857257 
4.54911 49.272 -134.194 -0.0614182 -0.665229 0.744121 
-0.0931106 -16.2244 -122.976 0.00313965 0.547079 0.837086 
-4.28714 17.2122 -133.414 0.13852 -0.556137 0.819476 
9.23841 -41.4967 -151.102 -0.148359 0.666395 0.730702 
-17.3004 65.2685 -174.36 0.192873 -0.727644 0.658295 
43.3867 -101.955 -210.932 -0.317476 0.746043 0.585361 
-66.5967 156.555 -229.72 0.339776 -0.798744 0.496567 
103.443 -177.272 -240.104 -0.448883 0.769261 0.454708 
-75.2818 240.406 -223.551 0.27645 -0.882817 0.379772 
131.656 -92.1248 -207.788 -0.71598 0.500999 0.486201 
-62.3405 247.876 -206.079 0.226528 -0.900715 0.370696 
70.1961 -211.022 -233.676 -0.287871 0.865391 0.410178 
-85.4462 184.334 -231.745 0.373903 -0.806623 0.457793 
130.151 -127.703 -226.939 -0.629494 0.617655 0.471442 
-58.4657 240.286 -212.283 0.218166 -0.896629 0.385329 
103.097 -164.762 -241.234 -0.470954 0.752644 0.460161 
-92.4515 156.244 -231.505 0.441284 -0.745773 0.499108 
121.837 -156.341 -231.88 -0.549099 0.704602 0.449494 
-62.2309 233.368 -216.3 0.236734 -0.88776 0.394788 
122.364 -122.029 -239.941 -0.614199 0.612516 0.497596 
-117.766 90.1169 -242.714 0.644326 -0.493053 0.584603 
70.2824 -253.879 -215.269 -0.249934 0.902831 0.349925 
-128.158 153.365 -213.711 0.578213 -0.691941 0.432327 
39.2762 -277.033 -195.72 -0.132973 0.93792 0.320378 
-111.492 17.6584 -174.137 0.83869 -0.132834 0.528179 
31.4137 261.683 -217.933 -0.112068 -0.933551 0.340501 
133.409 -79.1753 -247.095 -0.7112 0.422081 0.562193 
12.2569 254.233 -208.56 -0.0446817 -0.926793 0.372929 
9.63578 -160.606 -211.747 -0.0527329 0.878933 0.47404 
-90.107 100.487 -243.729 0.541545 -0.60393 0.584821 
30.5998 -211.241 -215.291 -0.129916 0.896856 0.422835 
-116.811 94.0157 -249.514 0.648088 -0.521614 0.554904 
104.997 -75.8755 -241.585 -0.63476 0.458704 0.621844 
-42.1839 258.919 -221.759 0.149903 -0.920081 0.361938 
136.405 -82.2213 -225.061 -0.733449 0.442103 0.516348 
-63.1573 233.711 -210.525 0.239982 -0.888046 0.392174 
63.9641 -202.174 -233.55 -0.27319 0.863481 0.424011 
-83.3473 179.037 -232.422 0.373538 -0.80239 0.465465 
128.374 -139.156 -230.407 -0.600266 0.650682 0.465093 
-43.5619 250.747 -211.132 0.158725 -0.913636 0.374291 
104.467 -153.612 -243.011 -0.494714 0.727448 0.475496 
-98.7648 131.2 -235.549 0.507511 -0.67418 0.536592 
111.431 -188.825 -229.269 -0.462023 0.782918 0.416645 
-59.0859 250.865 -216.857 0.21282 -0.903588 0.371826 
129.751 -57.7443 -216.75 -0.774092 0.344502 0.531149 
-134.581 -46.2007 -247.599 0.752788 0.258426 0.605429 
14.4117 -192.986 -188.396 -0.0667643 0.894041 0.443003 
54.0089 51.1304 -204.984 -0.495702 -0.469282 0.730802 
-26.2361 11.9071 -176.922 0.472405 -0.214398 0.854918 
-5.93887 -81.0067 -151.168 0.055786 0.760926 0.64645 
3.10297 27.9334 -133.531 -0.0677597 -0.609984 0.789523 
4.60509 -15.7214 -138.294 -0.162886 0.556077 0.815024 
-13.4086 48.1594 -160.696 0.188927 -0.678567 0.709839 
24.2196 -82.2775 -187.626 -0.221613 0.752853 0.619773 
-58.5309 120.238 -224.639 0.364351 -0.748473 0.554126 
68.8567 -180.447 -230.553 -0.31609 0.828351 0.462536 
-120.649 155.762 -239.539 0.541671 -0.699313 0.466446 
38.3371 -257.386 -214.929 -0.137027 0.91997 0.367283 
-129.252 67.6018 -233.529 0.743333 -0.388781 0.544357 
123.578 56.6401 -250.512 -0.714955 -0.327688 0.61764 
-73.777 99.1953 -214.887 0.474758 -0.638326 0.60594 
5.07052 -178.878 -211.319 -0.0252079 0.889285 0.456678 
-106.951 76.7541 -251.952 0.650012 -0.466488 0.599909 
75.3711 -129.207 -222.489 -0.421595 0.722732 0.547662 
-84.4342 188.046 -238.084 0.367161 -0.817714 0.443344 
72.461 -212.324 -227.622 -0.292973 0.858464 0.420979 
-133.299 98.548 -226.271 0.695968 -0.514529 0.500906 
92.269 -199.659 -220.775 -0.37819 0.818356 0.432764 
-116.827 160.189 -233.59 0.526982 -0.722579 0.447423 
94.6754 -183.735 -227.63 -0.407542 0.79091 0.456496 
-126.884 130.811 -226.507 0.615792 -0.634851 0.466671 
101.994 -183.517 -226.243 -0.433178 0.779416 0.452643 
-125.141 136.869 -222.097 0.601155 -0.657494 0.454238 
104.893 -183.991 -226.085 -0.442332 0.775882 0.449854 
-125.605 130.033 -216.835 0.618796 -0.640612 0.454671 
110.895 -177.547 -226.354 -0.471808 0.75538 0.454772 
-124.111 129.872 -209.87 0.618228 -0.646922 0.446435 
109.12 -188.64 -222.814 -0.450155 0.778202 0.437927 
-124.308 120.692 -208.002 0.63927 -0.620673 0.454001 
123.601 -153.361 -228.471 -0.551021 0.683692 0.478496 
-117.381 137.404 -193.125 0.589645 -0.690227 0.419433 
83.7569 -237.181 -208.564 -0.308569 0.873797 0.375874 
-125.117 118.277 -219.661 0.641279 -0.606221 0.4704 
134.412 -64.1519 -242.27 -0.729782 0.348308 0.588318 
-22.3482 282.285 -200.824 0.0748428 -0.945356 0.317361 
121.283 -25.0794 -184.028 -0.83211 0.172067 0.52726 
-144.714 -5.36564 -235.778 0.804044 0.029812 0.593837 
-91.8803 -223.598 -207.876 0.348843 0.848936 0.397032 
98.6921 -82.2315 -223.225 -0.602152 0.501721 0.621053 
35.8589 199.29 -217.522 -0.159156 -0.884528 0.438517 
81.3359 -72.4566 -244.024 -0.581465 0.517988 0.62738 
-81.2605 20.5026 -237.463 0.665315 -0.167863 0.727459 
-11.44 -159.62 -188.157 0.0622414 0.868444 0.491883 
10.8653 62.1397 -163.944 -0.127715 -0.730417 0.670968 
15.6435 -32.1144 -172.551 -0.290287 0.595927 0.748748 
-29.8918 79.0911 -188.422 0.272702 -0.721547 0.636413 
50.1407 -129.953 -220.047 -0.304267 0.78859 0.534384 
-78.3033 166.225 -235.025 0.373416 -0.792701 0.481875 
104.009 -192.113 -236.107 -0.429387 0.793114 0.43199 
-90.9173 232.639 -221.102 0.337048 -0.862439 0.377644 
126.323 -131.625 -199.681 -0.623066 0.649221 0.436256 
-16.7823 281.62 -195.441 0.0562621 -0.944117 0.3248 
109.296 -164.064 -235.776 -0.495976 0.744507 0.446917 
-117.44 101.639 -242.512 0.622545 -0.538784 0.567598 
85.3374 -238.754 -214.722 -0.314165 0.878957 0.358822 
-114.034 198.27 -212.517 0.458659 -0.797468 0.392039 
102.721 -196.036 -185.326 -0.432978 0.826312 0.360219 
-94.9275 190.407 -168.72 0.418446 -0.839327 0.347061 
91.7738 -139.169 -141.729 -0.512791 0.777614 0.363841 
-60.8384 202.15 -139.536 0.274546 -0.912244 0.304061 
49.1715 -21.6153 -72.0778 -0.807966 0.355174 0.47017 
-81.6528 203.144 -149.339 0.351334 -0.874085 0.335496 
43.4059 -260.65 -196.819 -0.155849 0.935863 0.316055 
-121.746 182.855 -222.552 0.50243 -0.754619 0.422058 
107.468 -171.475 -180.37 -0.492367 0.785615 0.374704 
-62.4295 253.131 -180.183 0.22715 -0.921016 0.316465 
85.0382 -21.0273 -125.708 -0.839647 0.207619 0.501902 
-145.52 -37.6085 -210.756 0.811598 0.209751 0.545281 
-99.7826 -206.387 -196.536 0.397182 0.82152 0.409108 
-59.2239 -185.404 -173.624 0.27153 0.85004 0.451355 
-63.516 -128.339 -158.136 0.367789 0.743146 0.559002 
-68.6497 -79.7559 -153.28 0.479515 0.55709 0.678037 
-66.749 -47.9746 -152.474 0.530394 0.381211 0.757218 
-61.7247 -36.2789 -151.169 0.5272 0.309863 0.791241 
-55.5386 -41.0519 -145.561 0.484702 0.358273 0.797949 
-44.6516 -60.3352 -127.894 0.376504 0.508748 0.774234 
-4.1325 -74.7866 -92.4266 0.0378572 0.685109 0.727468 
24.3391 -15.3328 -117.145 -0.356846 0.2248 0.906722 
28.5001 30.7599 -117.853 -0.307999 -0.332421 0.891432 
-12.3188 16.507 -102.681 0.218562 -0.29287 0.930847 
-14.9223 -30.6751 -105.928 0.177401 0.364676 0.914089 
5.36136 0.549271 -103.849 -0.177114 -0.0181453 0.984032 
-3.79686 8.64224 -96.4911 0.0864678 -0.196814 0.97663 
-2.3045 -14.2914 -98.0117 0.0423482 0.262624 0.963978 
-0.130086 -0.422566 -97.1809 -0.0437228 -0.142027 0.988906 
-0.0953991 0.458158 -96.7011 -0.0312189 0.14993 0.988213 
-0.113115 3.58084 -97.3775 0.00641014 -0.202924 0.979183 
-0.0203179 -2.14016 -97.854 0.00196998 0.207506 0.978241 
-0.0546405 1.32666 -98.267 0.00892858 -0.216785 0.976188 
0.118024 -2.48009 -99.1467 -0.0116326 0.244441 0.969604 
-0.126778 3.18723 -100.174 0.0107525 -0.270319 0.96272 
0.167803 -3.59667 -101.352 -0.0137617 0.294966 0.955418 
-0.250357 4.44008 -102.879 0.0182902 -0.324377 0.945761 
0.362713 -5.66363 -104.849 -0.0229253 0.357969 0.933462 
-0.530419 7.19942 -107.372 0.0290767 -0.39466 0.918377 
0.803055 -9.27766 -110.678 -0.0376721 0.435224 0.899544 
-1.25313 12.2256 -115.122 0.0492302 -0.480292 0.875736 
2.02481 -16.5069 -121.242 -0.0649996 0.529898 0.845578 
-3.44342 23.014 -129.974 0.0873648 -0.5839 0.807123 
6.33452 -33.6188 -143.063 -0.120887 0.641577 0.757485 
-13.1667 52.432 -163.879 0.175605 -0.699291 0.692945 
31.2519 -86.4268 -196.484 -0.268509 0.742559 0.613618 
-61.5485 134.719 -226.688 0.35235 -0.771232 0.530159 
83.9461 -182.946 -236.388 -0.371089 0.808723 0.456375 
-107.525 195.794 -233.031 0.436338 -0.79453 0.422314 
93.6535 -232.226 -216.489 -0.347346 0.86129 0.370875 
-123.094 135.36 -192.747 0.60902 -0.669707 0.424977 
19.3047 -281.74 -190.726 -0.0648365 0.946249 0.316903 
-124.117 107.416 -223.829 0.660007 -0.571196 0.488 
132.299 42.7229 -249.111 -0.752215 -0.24291 0.612524 
-30.951 181.414 -191.845 0.149344 -0.875352 0.459862 
-41.284 -79.491 -194.962 0.34781 0.669696 0.656166 
2.70785 11.8249 -134.608 -0.126488 -0.552359 0.823965 
5.37232 -9.41997 -149.144 -0.267899 0.469742 0.841184 
-14.9025 54.4467 -161.805 0.189484 -0.692285 0.696316 
20.0737 -81.9381 -183.393 -0.187057 0.76354 0.61809 
-56.7145 111.245 -223.184 0.373155 -0.731939 0.570122 
61.0312 -176.058 -226.521 -0.289296 0.834539 0.468904 
-122.159 139.28 -242.863 0.575368 -0.656011 0.488487 
36.0526 -241.872 -213.601 -0.135955 0.912106 0.386778 
-110.022 128.234 -246.266 0.560256 -0.652997 0.509634 
104.603 -95.3226 -240.393 -0.596053 0.543172 0.591357 
-75.55 241.562 -224.373 0.277086 -0.88595 0.371933 
122.674 -175.8 -223.715 -0.518055 0.742407 0.424816 
-70.7513 257.342 -201.559 0.249671 -0.908122 0.33615 
113.244 -56.4506 -165.593 -0.781491 0.389563 0.487371 
-101.32 215.242 -200.365 0.392879 -0.834626 0.386088 
109.904 -181.006 -216.229 -0.475184 0.782605 0.402179 
-105.014 190.671 -226.394 0.433326 -0.786776 0.43958 
126.107 -107.567 -206.32 -0.67285 0.573926 0.466797 
-123.287 155.618 -227.163 0.5465 -0.689812 0.474885 
117.642 -137.186 -194.258 -0.59053 0.688636 0.4208 
-89.5266 229.822 -210.59 0.335111 -0.860257 0.384287 
125.381 -113.08 -215.831 -0.654935 0.590678 0.471358 
-136.05 63.6747 -241.181 0.734618 -0.343819 0.58493 
23.3687 -281.417 -198.156 -0.0785585 0.946038 0.314417 
-119.374 26.001 -179.518 0.832312 -0.181287 0.523841 
145.258 -16.0552 -232.479 -0.803832 0.0888468 0.5882 
69.0401 259.769 -197.527 -0.241469 -0.908546 0.340961 
-60.8361 -188.072 -229.043 0.274536 0.848716 0.452029 
-94.8005 22.2969 -250.723 0.717604 -0.168779 0.675704 
56.96 78.4861 -222.664 -0.450849 -0.621233 0.640954 
7.59916 -27.193 -162.094 -0.183476 0.656555 0.731635 
-38.4836 17.3307 -208.766 0.546729 -0.246214 0.800302 
23.4576 -81.5413 -172.615 -0.213429 0.741902 0.635647 
-9.25715 87.7538 -176.955 0.0837731 -0.794132 0.601958 
51.5114 -89.1515 -219.212 -0.395527 0.684545 0.612352 
-45.0318 153.723 -213.628 0.243403 -0.830895 0.500386 
108.165 -127.559 -247.962 -0.551999 0.650975 0.521102 
-54.2676 195.041 -216.001 0.240006 -0.862593 0.445364 
103.216 -141.944 -245.711 -0.509799 0.701078 0.498611 
-78.9373 161.806 -225.723 0.381397 -0.781791 0.493312 
115.928 -154.288 -240.595 -0.531035 0.706753 0.467462 
-66.4446 211.695 -219.652 0.271328 -0.864461 0.42321 
121.274 -125.584 -241.9 -0.602386 0.623796 0.498024 
-107.962 126.389 -236.925 0.54723 -0.64063 0.538657 
109.148 -196.805 -223.197 -0.44436 0.801224 0.400751 
-63.8772 253.342 -215.559 0.227537 -0.902428 0.36588 
127.095 -50.5268 -205.419 -0.790263 0.31417 0.526117 
-138.493 -53.2235 -244.932 0.754099 0.289803 0.589378 
19.1938 -199.595 -190.254 -0.0862226 0.89662 0.434346 
58.6069 54.0716 -209.322 -0.509947 -0.470485 0.72015 
-29.7359 16.2782 -179.678 0.477439 -0.261362 0.838904 
-9.01836 -87.7408 -157.883 0.0795358 0.773815 0.628413 
1.98937 29.5405 -136.259 -0.0425416 -0.631706 0.774052 
7.90465 -23.1362 -149.101 -0.200312 0.586295 0.784953 
-18.8222 63.4244 -173.515 0.21184 -0.713829 0.667525 
38.0935 -103.409 -206.454 -0.281555 0.764315 0.580144 
-70.2456 147.037 -231.928 0.370573 -0.775679 0.510897 
89.2753 -193.096 -236.326 -0.376775 0.814939 0.440378 
-110.111 198.121 -229.199 0.442318 -0.795855 0.413508 
93.995 -232.55 -211.716 -0.34899 0.863425 0.36431 
-120.546 130.683 -185.627 0.614632 -0.66632 0.422213 
17.2261 -281.077 -186.99 -0.0580978 0.947978 0.31302 
-122.596 118.945 -223.312 0.631828 -0.613012 0.474372 
133.866 16.1359 -248.182 -0.775741 -0.0935056 0.6241 
43.9677 203.076 -196.778 -0.190417 -0.879488 0.436189 
-69.8564 12.5218 -214.073 0.629136 -0.112773 0.769083 
-44.7888 -129.24 -192.303 0.272006 0.784887 0.556761 
24.89 20.5816 -175.474 -0.425356 -0.351728 0.833893 
-7.41299 2.98335 -154.021 0.385104 -0.154984 0.909776 
5.38724 -44.5016 -130.707 -0.0787572 0.650579 0.755356 
1.92822 30.8109 -128.994 -0.0380067 -0.607308 0.793568 
2.7993 -16.1645 -129.482 -0.0968795 0.559429 0.823208 
-8.56989 34.5341 -147.975 0.158437 -0.638452 0.75319 
15.6991 -61.753 -170.372 -0.183337 0.721161 0.668082 
-38.2582 96.2873 -205.56 0.29681 -0.747004 0.594901 
64.9965 -147.528 -228.755 -0.346747 0.78704 0.510248 
-96.2368 181.184 -239.207 0.41802 -0.787 0.453772 
89.0739 -225.908 -227.128 -0.337326 0.855522 0.392826 
-128.172 143.224 -211.525 0.59951 -0.66991 0.437981 
23.173 -279.847 -200.659 -0.0778689 0.940381 0.331116 
-124.569 105.668 -232.191 0.659504 -0.559439 0.502096 
127.911 25.7555 -250.145 -0.758053 -0.152637 0.634094 
7.99494 190.099 -187.055 -0.0375607 -0.893094 0.448319 
-53.1497 -32.8069 -204.206 0.539056 0.332735 0.773773 
24.3441 -44.471 -157.092 -0.315178 0.575757 0.754443 
12.7976 59.2676 -149.434 -0.148616 -0.688267 0.710084 
0.000499399 -11.3978 -123.634 -2.36698e-005 0.540218 0.841536 
-6.18481 18.9122 -140.701 0.182576 -0.558291 0.809318 
12.0473 -52.1695 -159.633 -0.161209 0.698101 0.697628 
-23.9144 78.6574 -186.914 0.226535 -0.7451 0.627316 
56.1391 -119.28 -222.507 -0.353983 0.752119 0.555906 
-72.6949 177.176 -232.534 0.335746 -0.818297 0.466566 
114.664 -172.108 -238.291 -0.494955 0.742917 0.450679 
-57.4481 257.029 -217.56 0.203266 -0.909435 0.362808 
128.946 -49.456 -205.54 -0.79383 0.304467 0.526452 
-140.139 16.019 -241.263 0.788707 -0.0901554 0.608138 
-71.9816 -249.903 -208.795 0.257337 0.893414 0.368248 
82.9048 106.88 -233.11 -0.495075 -0.638248 0.589542 
-25.3248 -42.0916 -182.068 0.345588 0.574393 0.742064 
0.626519 -4.77926 -123.653 0.0659139 -0.50281 0.861891 
12.7972 -19.3596 -162.437 -0.321431 0.486259 0.812559 
-15.124 76.5717 -170.403 0.149446 -0.756634 0.636545 
30.2277 -91.245 -197.992 -0.251554 0.759339 0.600119 
-61.7176 131.329 -226.017 0.35889 -0.763685 0.536658 
86.2067 -182.277 -237.284 -0.380434 0.804396 0.456328 
-101.427 205.308 -231.965 0.403118 -0.815987 0.414342 
109.994 -205.443 -216.757 -0.434642 0.811811 0.389958 
-100.958 214.979 -198.006 0.396523 -0.844356 0.360347 
108.561 -156.793 -172.633 -0.526182 0.759958 0.381594 
-58.9798 242.414 -167.19 0.224916 -0.92443 0.307993 
72.6809 -19.104 -106.961 -0.840031 0.2208 0.495593 
-142.114 16.3981 -196.188 0.832723 -0.0960852 0.545306 
-39.5715 -235.391 -147.403 0.158553 0.943152 0.292137 
-114.736 100.513 -195.53 0.667074 -0.584382 0.462091 
123.531 156.914 -238.417 -0.547029 -0.694857 0.466853 
79.2228 -120.025 -240.714 -0.465466 0.705197 0.534843 
-91.7617 -29.7235 -245.403 0.681679 0.22081 0.697549 
59.161 -42.758 -212.564 -0.549965 0.397481 0.734551 
4.84007 164.597 -200.819 -0.0257922 -0.877119 0.479599 
62.415 -92.3552 -230.795 -0.4478 0.662608 0.600371 
-60.1281 108.209 -215.981 0.393816 -0.708725 0.585352 
78.5846 -176.584 -237.2 -0.360453 0.809957 0.462667 
-76.885 207.195 -230.462 0.31469 -0.84805 0.42638 
132.089 -122.899 -227.25 -0.643316 0.59856 0.477376 
-40.1685 253.688 -208.727 0.145279 -0.917523 0.370222 
79.3777 -183.103 -237.979 -0.356011 0.821222 0.445948 
-80.3395 166.625 -229.084 0.37976 -0.787628 0.485224 
125.076 -139.804 -236.29 -0.5874 0.65657 0.473175 
-63.3739 224.53 -216.537 0.248216 -0.879415 0.406246 
114.141 -142.129 -242.642 -0.548115 0.682515 0.483489 
-101.84 136.773 -235.039 0.507922 -0.682148 0.52603 
114.539 -182.199 -227.331 -0.483241 0.768698 0.419046 
-57.3678 249.996 -215.633 0.207484 -0.904169 0.373425 
129.85 -71.4578 -225.249 -0.743848 0.409348 0.528339 
-131.376 -34.0616 -248.971 0.75801 0.196527 0.621945 
-7.19922 -193.78 -186.975 0.0332827 0.895864 0.4431 
57.3979 27.4369 -207.58 -0.56732 -0.271186 0.777576 
-15.7382 75.0843 -146.026 0.153526 -0.732448 0.6633 
-16.742 -36.7605 -146.712 0.249885 0.548674 0.79783 
-6.23769 -10.5146 -112.885 -0.155285 -0.261757 0.952569 
7.00798 -11.4097 -111.563 0.151181 -0.246138 0.957381 
3.0482 -10.6784 -118.428 -0.129967 0.4553 0.880811 
-1.67623 25.1399 -123.456 0.0382408 -0.573533 0.818301 
2.50812 -22.0217 -128.244 -0.0661415 0.580732 0.811414 
-6.04897 29.9559 -141.206 0.126245 -0.625195 0.770202 
12.432 -50.5691 -161.657 -0.170723 0.694443 0.699015 
-28.5297 82.9013 -192.834 0.255257 -0.741723 0.620249 
59.418 -129.215 -225.156 -0.351884 0.765235 0.539083 
-79.9507 180.987 -235.246 0.358773 -0.812164 0.460098 
110.408 -187.469 -234.965 -0.457655 0.777086 0.432096 
-80.6158 245.597 -217.357 0.290417 -0.884757 0.364528 
126.57 -91.4249 -192.679 -0.714754 0.516285 0.4718 
-41.4489 267.018 -197.424 0.144007 -0.927709 0.344436 
18.2572 -229.278 -225.82 -0.072994 0.916673 0.392938 
-115.014 124.446 -247.626 0.576563 -0.623848 0.527643 
32.5332 -254.713 -217.542 -0.117637 0.921017 0.37136 
-130.934 52.3372 -232.311 0.771878 -0.308537 0.555903 
123.14 62.6589 -250.287 -0.704949 -0.358709 0.611877 
-78.5445 78.6305 -220.545 0.54011 -0.540702 0.644935 
6.74779 -199.347 -215.735 -0.0304981 0.900992 0.432783 
-116.487 69.7938 -252.328 0.690451 -0.413686 0.59343 
93.2708 -100.527 -233.71 -0.547967 0.590598 0.592405 
-76.6616 225.784 -230.768 0.295367 -0.869915 0.395 
108.91 -197.677 -231.069 -0.43801 0.795013 0.419667 
-109.549 203.627 -209.232 0.437955 -0.814062 0.381466 
96.0631 -220.082 -193.082 -0.374554 0.858107 0.351255 
-107.982 126.359 -161.728 0.595098 -0.696375 0.401171 
24.4412 -267.854 -169.858 -0.0867131 0.950299 0.299051 
-107.867 38.0722 -173.676 0.808179 -0.285251 0.515264 
-36.6765 250.716 -213.421 0.136234 -0.931277 0.337908 
129.806 -86.8436 -245.842 -0.684071 0.457662 0.567989 
-34.6555 278.347 -207.396 0.116671 -0.937082 0.329066 
124.899 -34.4627 -191.577 -0.819657 0.226164 0.526337 
-143.048 30.4485 -235.745 0.788546 -0.167846 0.591643 
-42.2579 -276.552 -195.971 0.14298 0.935718 0.3225 
-120.642 111.078 -235.753 0.636018 -0.585598 0.502568 
120.883 66.3523 -250.988 -0.694867 -0.38141 0.609676 
-82.3269 29.1126 -230.426 0.651185 -0.230274 0.723153 
-30.0014 -187.452 -206.709 0.140689 0.879039 0.455539 
-10.0434 87.9749 -184.223 0.0915146 -0.801617 0.590807 
57.4394 -84.808 -222.008 -0.437155 0.64545 0.626345 
-45.4464 176.801 -218.983 0.220219 -0.856721 0.466423 
120.535 -113.993 -247.823 -0.617556 0.584036 0.526825 
-60.0007 198.901 -216.182 0.259297 -0.859562 0.440382 
95.1538 -158.86 -243.053 -0.451395 0.753607 0.477847 
-73.0013 174.907 -224.299 0.339193 -0.812688 0.473819 
121.212 -136.071 -241.473 -0.581083 0.652318 0.486665 
-79.6336 192.247 -222.815 0.342089 -0.825855 0.448282 
119.034 -144.052 -239.525 -0.560782 0.678644 0.474325 
-92.3807 174.454 -228.024 0.412749 -0.779446 0.471297 
123.392 -145.593 -232.045 -0.574167 0.677474 0.45976 
-85.3272 203.567 -222.39 0.348908 -0.8324 0.430572 
124.887 -130.983 -233.13 -0.606852 0.636475 0.476075 
-111.94 145.362 -234.255 0.526496 -0.683697 0.505351 
119.077 -167.312 -216.716 -0.526813 0.740214 0.417816 
-61.8488 249.904 -212.4 0.223085 -0.901391 0.371142 
127.408 -100.811 -230.522 -0.677085 0.535741 0.504535 
-130.144 19.8666 -247.562 0.765668 -0.11688 0.632543 
-61.3328 -235.138 -212.721 0.23183 0.888788 0.395386 
64.7153 84.9182 -220.372 -0.465797 -0.61121 0.639901 
-15.2904 -23.6405 -166.787 0.324796 0.502168 0.801469 
4.40322 -6.89829 -132.829 0.231398 -0.362519 0.902803 
10.1684 -21.7813 -148.362 -0.248698 0.532726 0.808931 
-9.18864 61.8678 -158.946 0.108792 -0.732505 0.672026 
21.0571 -70.878 -182.551 -0.21808 0.734055 0.643135 
-50.6383 111.657 -217.265 0.339513 -0.748621 0.569487 
73.5653 -168.794 -233.435 -0.35093 0.805202 0.478034 
-104.79 186.12 -237.698 0.4404 -0.782202 0.440711 
85.7676 -236.857 -221.805 -0.315425 0.871082 0.376486 
-128.535 116.966 -201.42 0.659256 -0.599915 0.453322 
17.5594 -277.758 -197.605 -0.0594682 0.940683 0.334061 
-44.636 220.427 -229.536 0.181821 -0.897891 0.400939 
96.4441 -160.841 -238.774 -0.448876 0.748596 0.487988 
-113.962 190.798 -226.861 0.466861 -0.781628 0.413663 
67.6902 -258.278 -212.548 -0.237262 0.905294 0.352375 
-121.469 48.7172 -185.001 0.798388 -0.320207 0.509963 
142.56 -69.6454 -229.886 -0.746004 0.364449 0.55738 
-54.6652 244.248 -173.689 0.207897 -0.928899 0.306503 
116.781 -110.864 -170.223 -0.654937 0.62175 0.429537 
-6.19973 273.419 -171.72 0.0216321 -0.954011 0.299019 
120.491 -112.313 -210.692 -0.647323 0.603391 0.465736 
-137.575 -55.7106 -246.042 0.749817 0.303636 0.587876 
58.5725 -170.654 -203.183 -0.285031 0.830452 0.478669 
28.5311 126.95 -199.091 -0.184368 -0.820355 0.541336 
34.9563 -56.194 -205.083 -0.387008 0.622134 0.680583 
-47.9526 72.3571 -206.542 0.414125 -0.624885 0.661844 
46.6894 -167.703 -221.726 -0.235798 0.846958 0.476529 
-109.583 143.158 -245.862 0.526144 -0.687345 0.500747 
39.9773 -240.067 -218.195 -0.151332 0.908762 0.388932 
-129.173 71.9127 -239.065 0.730289 -0.406563 0.549001 
122.88 1.22096 -249.389 -0.757057 -0.00752229 0.653319 
49.8182 195.845 -201.725 -0.220407 -0.866464 0.447971 
-63.2883 -10.6012 -213.741 0.612683 0.102628 0.783649 
-16.7657 -110.019 -158.129 0.121698 0.798602 0.589443 
20.1246 14.7237 -160.879 -0.397753 -0.291008 0.870129 
-7.71831 6.99779 -137.358 0.313869 -0.284568 0.905829 
-1.71301 -44.0022 -125.717 0.0247571 0.635939 0.771354 
1.34503 16.5891 -119.293 -0.0419124 -0.51693 0.855012 
1.66377 -8.69192 -121.079 -0.0940937 0.491567 0.865752 
-4.95192 25.2099 -134.072 0.116581 -0.593507 0.796352 
7.41426 -40.3608 -148.092 -0.122768 0.668311 0.733694 
-16.1754 59.2202 -171.178 0.194713 -0.712869 0.673738 
39.2446 -97.6869 -206.279 -0.300189 0.747226 0.592923 
-67.0018 149.633 -230.158 0.352306 -0.786795 0.506807 
94.4902 -185.468 -238.253 -0.40569 0.796301 0.448707 
-96.9623 218.058 -227.713 0.372783 -0.838351 0.397767 
120.994 -174.687 -211.363 -0.519697 0.750323 0.408595 
-58.6487 266.353 -197.195 0.2032 -0.92283 0.32728 
106.229 -27.4726 -158.847 -0.831563 0.215056 0.512125 
-146.79 -43.9465 -227.516 0.792963 0.2374 0.561132 
-72.6964 -216.231 -197.134 0.290287 0.863441 0.412578 
33.7877 -165.212 -173.126 -0.175966 0.860423 0.478254 
67.7046 -13.5342 -203.75 -0.616949 0.123329 0.777291 
54.2114 101.613 -192.094 -0.369116 -0.691865 0.62056 
-32.2364 8.08253 -179.456 0.501814 -0.125818 0.855787 
-12.7517 -81.1751 -148.219 0.116821 0.743662 0.658285 
6.79588 15.4047 -132.193 -0.203118 -0.460421 0.864161 
-2.54879 5.88644 -114.813 -0.143902 0.332342 0.932126 
-3.75884 18.3104 -123.155 0.10845 -0.52829 0.84212 
2.56193 -28.1062 -129.776 -0.0552167 0.605766 0.793736 
-5.03517 29.7336 -139.262 0.106249 -0.627422 0.771409 
11.6838 -46.556 -159.299 -0.171258 0.682405 0.710642 
-26.3795 79.4514 -189.415 0.245344 -0.738941 0.627528 
57.0573 -124.719 -223.462 -0.34845 0.761659 0.54633 
-76.6339 178.029 -234.137 0.350065 -0.813241 0.464878 
111.839 -181.339 -236.585 -0.471392 0.764332 0.440005 
-71.2356 251.608 -217.976 0.253808 -0.896464 0.363252 
127.567 -69.5303 -196.034 -0.761274 0.414932 0.498309 
-109.31 194.251 -215.68 0.443918 -0.78887 0.425016 
119.297 -153.689 -215.747 -0.554086 0.713823 0.428327 
-110.436 180.055 -226.858 0.466535 -0.760636 0.451439 
124.539 -120.163 -206.026 -0.641736 0.619191 0.452543 
-113.771 181.616 -222.896 0.475672 -0.759329 0.444044 
122.508 -122.434 -202.904 -0.632991 0.632606 0.446263 
-120.54 167.625 -224.788 0.51882 -0.721482 0.458593 
118.981 -122.92 -192.895 -0.626355 0.64709 0.434709 
-108.866 200.17 -215.857 0.434484 -0.798876 0.41598 
122.156 -109.034 -200.179 -0.663219 0.591976 0.457956 
-136.768 104.103 -232.496 0.674541 -0.513438 0.530466 
93.693 -195.022 -179.005 -0.405852 0.844781 0.348782 
-76.1801 249.803 -192.588 0.274911 -0.901464 0.334373 
94.4676 -30.7268 -139.516 -0.824158 0.268068 0.49892 
-146.621 4.68414 -214.651 0.826072 -0.0263908 0.562963 
-81.4599 -241.747 -183.13 0.300446 0.891626 0.338752 
128.912 51.1507 -244.149 -0.729974 -0.289644 0.619082 
53.5735 177.918 -191.104 -0.253958 -0.843396 0.473504 
-57.5325 63.7722 -189.47 0.481956 -0.534226 0.694507 
-44.2957 -75.3489 -187.556 0.371746 0.632355 0.679669 
14.9345 4.63401 -165.196 -0.428387 -0.132924 0.893775 
-10.2375 17.447 -135.998 0.262863 -0.447978 0.854539 
-2.82464 -44.5762 -132.138 0.0413689 0.652851 0.756368 
-0.70049 17.7677 -124.813 0.0221226 -0.561132 0.827442 
5.383 -22.0469 -137.583 -0.142587 0.583987 0.799153 
-10.96 46.9938 -156.858 0.159556 -0.684138 0.711699 
22.6635 -74.7945 -184.142 -0.223686 0.738212 0.636417 
-53.0914 116.277 -220.095 0.343921 -0.753235 0.560691 
72.0858 -172.396 -232.387 -0.339823 0.812703 0.473342 
-111.696 175.504 -238.686 0.479662 -0.753678 0.449347 
64.1606 -252.864 -219.066 -0.228859 0.901959 0.366212 
-129.3 59.788 -203.056 0.778333 -0.359899 0.514479 
134.801 -105.414 -232.343 -0.666355 0.521088 0.533345 
-96.3744 197.733 -185.997 0.409738 -0.840665 0.35414 
73.9342 -254.743 -198.654 -0.262202 0.903426 0.339249 
-102.845 30.9107 -154.518 0.825338 -0.248061 0.50725 
146.044 63.9047 -226.204 -0.769117 -0.336544 0.543337 
8.76946 235.062 -189.337 -0.0343515 -0.920779 0.388593 
-87.3889 23.9081 -222.136 0.664661 -0.18184 0.724692 
-61.1666 -156.656 -211.312 0.313034 0.801724 0.509182 
32.0613 39.6056 -186.543 -0.40635 -0.501967 0.763496 
-0.3663 -0.262721 -150.239 0.342482 0.245639 0.906855 
-3.88368 2.35796 -142.164 -0.320246 0.194436 0.927176 
-7.5636 21.866 -133.751 0.185852 -0.53729 0.822677 
2.46317 -41.8433 -138.499 -0.0393605 0.66864 0.742556 
-6.53569 35.7812 -146.995 0.120092 -0.657469 0.743862 
18.2085 -58.276 -173.704 -0.219273 0.701782 0.677819 
-39.78 102.782 -207.15 0.293248 -0.757683 0.583045 
71.7232 -150.251 -232.987 -0.371699 0.778664 0.50551 
-87.8595 195.891 -235.578 0.368055 -0.820612 0.437207 
114.892 -189.066 -229.116 -0.471257 0.775501 0.420158 
-78.4198 250.652 -211.096 0.27941 -0.893076 0.352653 
121.296 -76.0932 -180.557 -0.744284 0.466917 0.477544 
-62.9132 255.337 -196.629 0.223965 -0.908972 0.351607 
44.259 -238.983 -227.933 -0.16852 0.909948 0.378965 
-106.461 167.889 -239.798 0.472316 -0.744841 0.471325 
107.868 -207.364 -219.519 -0.424823 0.816672 0.390627 
-93.2404 233.252 -206.426 0.346595 -0.867051 0.357928 
116.636 -111.179 -173.867 -0.653141 0.622579 0.431069 
-9.0728 280.545 -184.139 0.0306944 -0.94912 0.313444 
47.7659 -240.412 -227.511 -0.18072 0.909587 0.374178 
-103.093 170.171 -238.2 0.457068 -0.75446 0.47106 
119.378 -178.338 -218.789 -0.506627 0.756845 0.412956 
-51.3107 269.673 -207.182 0.175712 -0.92349 0.341042 
121.326 -32.5511 -192.905 -0.81862 0.219631 0.5307 
-114.798 -175.84 -237.496 0.488629 0.748449 0.448424 
-101.211 53.1066 -248.933 0.693475 -0.363873 0.621858 
19.2805 143.034 -212.785 -0.116398 -0.863511 0.490733 
81.707 -25.2559 -243.321 -0.669995 0.207097 0.712907 
-42.6606 112.993 -195.535 0.289071 -0.76565 0.574661 
19.3253 -131.407 -201.59 -0.124093 0.843801 0.522129 
-86.4967 109.928 -242.592 0.50897 -0.646845 0.567943 
37.1963 -196.738 -214.175 -0.166718 0.881801 0.441192 
-111.229 109.791 -249.242 0.598758 -0.591022 0.540555 
93.2986 -118.956 -233.348 -0.511257 0.651855 0.560107 
-97.9898 204.392 -233.156 0.393999 -0.821821 0.411575 
75.0927 -236.807 -223.187 -0.2788 0.879205 0.386376 
-130.359 73.8409 -206.843 0.751438 -0.425647 0.504167 
124.308 -148.902 -227.34 -0.560767 0.671713 0.484108 
-116.179 153.233 -198.873 0.551231 -0.727039 0.409361 
80.4067 -239.606 -210.427 -0.294827 0.878563 0.375796 
-126.601 105.041 -219.165 0.673282 -0.558624 0.484406 
135.929 -35.6652 -244.032 -0.766552 0.201129 0.609888 
43.5021 271.333 -208.203 -0.148568 -0.926657 0.345329 
79.6285 -171.119 -238.804 -0.374675 0.805164 0.459726 
-94.4546 115.179 -237.094 0.523259 -0.63807 0.564876 
97.2784 -211.267 -230.707 -0.382801 0.83136 0.402893 
-87.4609 234.054 -222.246 0.323604 -0.865995 0.381251 
127.493 -100.784 -196.912 -0.69426 0.54882 0.465637 
-39.271 267.83 -198.834 0.136165 -0.92865 0.345089 
33.2387 -225.673 -227.647 -0.133795 0.908394 0.396154 
-105.673 149.067 -243.123 0.500956 -0.706672 0.499676 
83.7538 -236.564 -223.665 -0.309021 0.872833 0.377739 
-128.736 141.691 -211.034 0.604114 -0.664908 0.439274 
21.5327 -281.105 -199.414 -0.0721512 0.941921 0.32802 
-125.727 94.8403 -228.847 0.687128 -0.518324 0.509131 
127.287 61.8732 -250.219 -0.716582 -0.348325 0.604317 
-82.4789 84.5194 -222.565 0.541994 -0.555403 0.630704 
12.1883 -207.842 -218.604 -0.0530584 0.904777 0.422589 
-121.952 74.4057 -251.18 0.695876 -0.42457 0.579238 
86.8603 -139.18 -227.026 -0.449423 0.720127 0.528635 
-95.6312 191.835 -237.662 0.402509 -0.807427 0.431353 
67.6289 -222.999 -223.987 -0.264965 0.873694 0.408009 
-132.56 80.8765 -225.803 0.729875 -0.445306 0.518656 
128.008 -92.8063 -239.787 -0.667697 0.484083 0.565565 
-80.4805 241.401 -203.498 0.297178 -0.891385 0.342253 
114.223 -194.931 -205.755 -0.466166 0.795552 0.387045 
-100.964 184.306 -175.168 0.448509 -0.818732 0.358518 
87.1401 -197.056 -162.562 -0.381103 0.861816 0.334742 
-87.369 98.0592 -125.373 0.611446 -0.686261 0.393951 
16.9736 -246.973 -147.531 -0.065672 0.955554 0.287439 
-104.163 60.0829 -167.888 0.757225 -0.436779 0.485648 
57.9609 252.66 -215.857 -0.209914 -0.915044 0.344455 
138.05 -34.9432 -242.094 -0.788529 0.199592 0.581724 
-62.0181 204.701 -211.032 0.261585 -0.863403 0.431424 
24.2558 -185.813 -220.204 -0.115913 0.887955 0.445105 
-102.057 125.034 -246.25 0.533466 -0.653569 0.536916 
40.2724 -236.826 -220.129 -0.154189 0.906726 0.392546 
-131.498 65.1796 -236.702 0.747914 -0.370718 0.550645 
125.001 -20.0655 -247.83 -0.754843 0.121169 0.644631 
58.146 230.28 -213.279 -0.224113 -0.887568 0.40251 
-53.7589 -90.4245 -212.368 0.398223 0.669827 0.626713 
2.16164 23.9056 -143.404 -0.0584912 -0.646853 0.76038 
18.2699 -24.4688 -177.981 -0.368841 0.493987 0.78737 
-22.6168 83.6698 -179.156 0.203901 -0.754321 0.624053 
36.4343 -109.214 -207.196 -0.260796 0.781749 0.566456 
-70.0911 143.171 -231.356 0.376221 -0.768487 0.517595 
90.6291 -191.996 -236.818 -0.383103 0.811597 0.44109 
-105.621 205.65 -228.888 0.417153 -0.812223 0.407794 
106.31 -212.194 -211.724 -0.414605 0.827547 0.378533 
-108.145 191.405 -191.078 0.456807 -0.808499 0.371046 
91.1378 -205.32 -173.346 -0.381531 0.859533 0.340081 
-96.102 115.742 -141.036 0.588202 -0.708411 0.390116 
27.9426 -249.466 -153.691 -0.10649 0.950719 0.291226 
-83.8021 15.0229 -133.866 0.844286 -0.151352 0.514094 
-102.078 118.398 -189.104 0.589007 -0.68318 0.431688 
-50.7979 234.485 -216.065 0.198165 -0.914738 0.352142 
131.927 -5.46732 -249.928 -0.777282 0.0322121 0.628341 
38.2805 211.417 -199.816 -0.161266 -0.890645 0.425162 
-66.5213 -23.4208 -217.044 0.607553 0.213907 0.764945 
2.55604 -101.879 -149.888 -0.0200879 0.800666 0.59879 
19.781 24.8987 -155.107 -0.338522 -0.426103 0.838962 
0.89086 -0.0990424 -137.796 0.325612 -0.0362003 0.94482 
5.53317 -16.6412 -118.856 -0.155362 0.467255 0.870376 
1.45372 28.2062 -120.2 -0.0289938 -0.56256 0.826259 
0.572819 -11.4971 -117.153 -0.0247579 0.496916 0.867456 
-2.94548 15.6184 -125.662 0.101133 -0.536256 0.837986 
5.38923 -30.299 -138.149 -0.110857 0.623255 0.774133 
-9.50995 44.8897 -154.623 0.144605 -0.682575 0.716379 
22.3017 -70.6596 -182.696 -0.229631 0.727551 0.646496 
-50.2113 114.978 -217.553 0.330859 -0.757627 0.56263 
74.4101 -167.665 -233.712 -0.355926 0.801992 0.479734 
-104.363 187.449 -237.421 0.437062 -0.785019 0.439021 
87.2091 -235.534 -221.845 -0.321571 0.868501 0.377249 
-128.088 121.489 -201.343 0.648486 -0.615078 0.448513 
16.0345 -279.223 -197.213 -0.0540904 0.941923 0.331472 
-62.7992 214.328 -232.469 0.256997 -0.877109 0.405772 
89.7887 -170.469 -234.06 -0.409594 0.777638 0.477002 
-126.814 147.05 -227.656 0.58217 -0.675068 0.453188 
43.5001 -254.861 -210.93 -0.156385 0.916241 0.36887 
-113.393 139.116 -242.635 0.551994 -0.67721 0.486527 
111.121 -98.341 -241.663 -0.610038 0.539876 0.580005 
-80.9288 241.249 -220.367 0.296087 -0.882637 0.365108 
118.244 -188.912 -218.605 -0.484589 0.774202 0.407189 
-91.6955 227.559 -194.455 0.350579 -0.870024 0.346657 
111.365 -123.958 -166.399 -0.609817 0.678774 0.409155 
-19.0099 272.727 -173.58 0.066307 -0.95128 0.301145 
117.888 -68.2305 -195.18 -0.749365 0.433714 0.500362 
-91.8069 -213.447 -231.645 0.361789 0.841146 0.401995 
-125.627 -35.196 -245.277 0.773593 0.216732 0.595482 
-72.1133 125.372 -236.949 0.425523 -0.739793 0.521205 
71.2233 102.633 -234.589 -0.4621 -0.665887 0.585727 
42.553 -31.7294 -219.374 -0.540039 0.402678 0.739071 
-40.369 -34.591 -210.558 0.500526 0.428887 0.752029 
3.23515 8.60752 -146.699 -0.203992 -0.542745 0.81476 
7.73743 -6.12969 -170.271 -0.399269 0.316305 0.860554 
-19.2444 34.9392 -166.436 0.310639 -0.56398 0.765146 
13.0049 -89.0868 -176.404 -0.115086 0.788371 0.604354 
-44.6092 95.1905 -213.339 0.340419 -0.726413 0.59704 
52.5348 -148.989 -218.864 -0.286355 0.812106 0.508432 
-110.538 141.473 -246.161 0.533365 -0.682633 0.499552 
42.532 -223.841 -215.964 -0.170382 0.8967 0.408555 
-116.336 112.797 -247.079 0.610514 -0.591941 0.52621 
107.293 -88.5597 -241.294 -0.617248 0.509478 0.599546 
-65.5567 250.949 -222.394 0.23547 -0.901373 0.363454 
130.823 -144.565 -222.822 -0.598604 0.661482 0.45181 
-25.272 280.045 -203.242 0.0847945 -0.939626 0.33156 
126.679 -52.3958 -217.729 -0.778429 0.321966 0.538892 
-87.6259 -194.011 -237.403 0.370544 0.820415 0.435471 
-113.014 -23.6326 -251.673 0.755855 0.158059 0.635389 
-32.6362 124.457 -215.653 0.217121 -0.827982 0.517032 
79.5623 20.3595 -241.007 -0.667431 -0.170792 0.724834 
-53.6466 22.1295 -213.056 0.579028 -0.238852 0.779547 
-9.51024 -135.03 -182.674 0.0596226 0.846547 0.528982 
-2.31438 58.7109 -161.33 0.029429 -0.746552 0.66469 
34.3406 -61.7293 -199.257 -0.358734 0.644845 0.67491 
-39.3792 129.998 -207.427 0.244732 -0.807908 0.536106 
94.1273 -134.741 -244.731 -0.488742 0.69962 0.521231 
-46.0496 202.715 -216.983 0.199509 -0.878261 0.434595 
117.908 -109.451 -247.679 -0.620971 0.576434 0.531165 
-101.424 114.668 -236.491 0.547755 -0.619281 0.56256 
97.3739 -213.441 -228.43 -0.381121 0.835405 0.39606 
-81.9477 238.169 -221.529 0.300995 -0.874799 0.379667 
127.291 -78.8751 -196.448 -0.741588 0.45952 0.488782 
-99.7689 211.051 -212.455 0.390541 -0.826151 0.406166 
117.121 -162.757 -223.514 -0.527502 0.733043 0.429427 
-107.945 174.608 -229.487 0.4662 -0.754112 0.462592 
125.557 -128.295 -211.728 -0.624422 0.638038 0.450581 
-99.6947 204.353 -219.735 0.397784 -0.815373 0.420659 
125.561 -124.673 -218.274 -0.629378 0.624928 0.461917 
-125.85 129.29 -234.755 0.598132 -0.614482 0.514459 
111.62 -173.857 -197.665 -0.497731 0.775252 0.388931 
-57.2585 264.707 -204.343 0.198409 -0.917249 0.345409 
125.666 -65.2485 -210.089 -0.759375 0.394284 0.517599 
-128.653 -115.094 -245.687 0.632191 0.565564 0.529613 
67.6811 93.8362 -226.863 -0.461475 -0.639811 0.614574 
-2.07411 -36.1838 -153.59 0.0401524 0.700479 0.712555 
-29.2876 30.4485 -195.911 0.44327 -0.460841 0.768866 
24.54 -95.0239 -182.22 -0.199797 0.773655 0.601296 
-33.6995 111.099 -205.711 0.240254 -0.792062 0.561191 
71.07 -138.054 -231.921 -0.389315 0.75625 0.525869 
-84.889 196.36 -235.237 0.356872 -0.825496 0.437284 
115.003 -186.864 -230.831 -0.474486 0.770972 0.424834 
-76.7213 251.822 -212.338 0.272603 -0.894763 0.353702 
122.437 -73.8839 -183.104 -0.75007 0.452624 0.482229 
-74.1263 245.532 -199.981 0.269309 -0.892046 0.362966 
71.7482 -226.849 -229.9 -0.278115 0.879329 0.386588 
-91.3769 194.15 -231.775 0.38201 -0.811661 0.441919 
130.547 -118.829 -217.444 -0.653373 0.594727 0.468424 
-63.3025 243.354 -210.336 0.232973 -0.895617 0.378962 
101.104 -175.753 -238.961 -0.446689 0.776496 0.444456 
-91.1839 167.199 -230.523 0.419351 -0.768941 0.482589 
125.366 -142.744 -230.644 -0.585654 0.666836 0.460822 
-73.6478 221.317 -218.005 0.288194 -0.866045 0.408569 
120.883 -135.343 -238.317 -0.584214 0.654099 0.480486 
-111.537 128.055 -237.416 0.555726 -0.638025 0.533021 
111.278 -192.568 -219.114 -0.458835 0.794018 0.398778 
-61.1765 257.173 -213.245 0.215861 -0.907432 0.360541 
126.6 -49.7796 -206.329 -0.790363 0.310773 0.527981 
-134.202 -90.8087 -245.673 0.688719 0.466027 0.555431 
98.147 -25.1009 -237.881 -0.693314 0.177314 0.698494 
44.2169 206.735 -212.952 -0.188547 -0.881546 0.432834 
-4.02474 -97.1307 -184.646 0.0338636 0.817244 0.575311 
-58.3384 64.0521 -225.996 0.50053 -0.549552 0.668939 
33.4363 -137.52 -199.396 -0.201084 0.827032 0.524978 
-62.6297 133.187 -230.552 0.361526 -0.768816 0.527484 
58.3312 -167.261 -221.668 -0.288351 0.826829 0.482934 
-120.289 128.407 -245.31 0.590291 -0.630128 0.504493 
59.4804 -208.014 -216.739 -0.24843 0.868805 0.428344 
-104.622 149.084 -244.492 0.502212 -0.715642 0.485446 
83.9784 -160.877 -227.837 -0.402334 0.770749 0.494057 
-118.891 154.275 -237.912 0.541445 -0.70259 0.46176 
66.6246 -218.017 -218.904 -0.265938 0.870233 0.414716 
-121.715 125.27 -241.039 0.604923 -0.622593 0.496452 
111.446 -117.006 -238.713 -0.575736 0.604463 0.550609 
-102.927 210.41 -220.279 0.405359 -0.828663 0.38603 
76.0458 -249.195 -215.532 -0.271853 0.890836 0.364041 
-122.04 55.0544 -186.558 0.786743 -0.354913 0.505066 
141.041 -84.9538 -228.99 -0.719106 0.433142 0.543409 
-76.9684 214.66 -171.574 0.319284 -0.890461 0.324277 
101.599 -202.662 -183.983 -0.418674 0.835142 0.356747 
-93.941 102.662 -136.454 0.618609 -0.67604 0.400388 
